2025-10-07 13:51:46,1,systemd,0.00,13.88
2025-10-07 13:51:46,2,kthreadd,0.00,0.00
2025-10-07 13:51:46,3,pool_workqueue_release,0.00,0.00
2025-10-07 13:51:46,4,kworker/R-rcu_gp,0.00,0.00
2025-10-07 13:51:46,5,kworker/R-sync_wq,0.00,0.00
2025-10-07 13:51:46,6,kworker/R-kvfree_rcu_reclaim,0.00,0.00
2025-10-07 13:51:46,7,kworker/R-slub_flushwq,0.00,0.00
2025-10-07 13:51:46,8,kworker/R-netns,0.00,0.00
2025-10-07 13:51:46,10,kworker/0:1-events,0.00,0.00
2025-10-07 13:51:46,11,kworker/0:0H-events_highpri,0.00,0.00
2025-10-07 13:51:46,13,kworker/R-mm_percpu_wq,0.00,0.00
2025-10-07 13:51:46,14,rcu_tasks_kthread,0.00,0.00
2025-10-07 13:51:46,15,rcu_tasks_rude_kthread,0.00,0.00
2025-10-07 13:51:46,16,rcu_tasks_trace_kthread,0.00,0.00
2025-10-07 13:51:46,17,ksoftirqd/0,0.00,0.00
2025-10-07 13:51:46,18,rcu_preempt,0.00,0.00
2025-10-07 13:51:46,19,rcu_exp_par_gp_kthread_worker/0,0.00,0.00
2025-10-07 13:51:46,20,rcu_exp_gp_kthread_worker,0.00,0.00
2025-10-07 13:51:46,21,migration/0,0.00,0.00
2025-10-07 13:51:46,22,idle_inject/0,0.00,0.00
2025-10-07 13:51:46,23,cpuhp/0,0.00,0.00
2025-10-07 13:51:46,24,cpuhp/2,0.00,0.00
2025-10-07 13:51:46,25,idle_inject/2,0.00,0.00
2025-10-07 13:51:46,26,migration/2,0.00,0.00
2025-10-07 13:51:46,27,ksoftirqd/2,0.00,0.00
2025-10-07 13:51:46,29,kworker/2:0H-events_highpri,0.00,0.00
2025-10-07 13:51:46,30,cpuhp/4,0.00,0.00
2025-10-07 13:51:46,31,idle_inject/4,0.00,0.00
2025-10-07 13:51:46,32,migration/4,0.00,0.00
2025-10-07 13:51:46,33,ksoftirqd/4,0.00,0.00
2025-10-07 13:51:46,35,kworker/4:0H-events_highpri,0.00,0.00
2025-10-07 13:51:46,36,cpuhp/6,0.00,0.00
2025-10-07 13:51:46,37,idle_inject/6,0.00,0.00
2025-10-07 13:51:46,38,migration/6,0.00,0.00
2025-10-07 13:51:46,39,ksoftirqd/6,0.00,0.00
2025-10-07 13:51:46,40,kworker/6:0-events,0.00,0.00
2025-10-07 13:51:46,41,kworker/6:0H-events_highpri,0.00,0.00
2025-10-07 13:51:46,42,cpuhp/8,0.00,0.00
2025-10-07 13:51:46,43,idle_inject/8,0.00,0.00
2025-10-07 13:51:46,44,migration/8,0.00,0.00
2025-10-07 13:51:46,45,ksoftirqd/8,0.00,0.00
2025-10-07 13:51:46,47,kworker/8:0H-events_highpri,0.00,0.00
2025-10-07 13:51:46,48,cpuhp/10,0.00,0.00
2025-10-07 13:51:46,49,idle_inject/10,0.00,0.00
2025-10-07 13:51:46,50,migration/10,0.00,0.00
2025-10-07 13:51:46,51,ksoftirqd/10,0.00,0.00
2025-10-07 13:51:46,53,kworker/10:0H-events_highpri,0.00,0.00
2025-10-07 13:51:46,54,cpuhp/12,0.00,0.00
2025-10-07 13:51:46,55,idle_inject/12,0.00,0.00
2025-10-07 13:51:46,56,migration/12,0.00,0.00
2025-10-07 13:51:46,57,ksoftirqd/12,0.00,0.00
2025-10-07 13:51:46,59,kworker/12:0H-events_highpri,0.00,0.00
2025-10-07 13:51:46,60,cpuhp/14,0.00,0.00
2025-10-07 13:51:46,61,idle_inject/14,0.00,0.00
2025-10-07 13:51:46,62,migration/14,0.00,0.00
2025-10-07 13:51:46,63,ksoftirqd/14,0.00,0.00
2025-10-07 13:51:46,64,kworker/14:0-events,0.00,0.00
2025-10-07 13:51:46,65,kworker/14:0H-events_highpri,0.00,0.00
2025-10-07 13:51:46,66,cpuhp/1,0.00,0.00
2025-10-07 13:51:46,67,idle_inject/1,0.00,0.00
2025-10-07 13:51:46,68,migration/1,0.00,0.00
2025-10-07 13:51:46,69,ksoftirqd/1,0.00,0.00
2025-10-07 13:51:46,71,kworker/1:0H-events_highpri,0.00,0.00
2025-10-07 13:51:46,72,cpuhp/3,0.00,0.00
2025-10-07 13:51:46,73,idle_inject/3,0.00,0.00
2025-10-07 13:51:46,74,migration/3,0.00,0.00
2025-10-07 13:51:46,75,ksoftirqd/3,0.00,0.00
2025-10-07 13:51:46,77,kworker/3:0H-events_highpri,0.00,0.00
2025-10-07 13:51:46,78,cpuhp/5,0.00,0.00
2025-10-07 13:51:46,79,idle_inject/5,0.00,0.00
2025-10-07 13:51:46,80,migration/5,0.00,0.00
2025-10-07 13:51:46,81,ksoftirqd/5,0.00,0.00
2025-10-07 13:51:46,83,kworker/5:0H-events_highpri,0.00,0.00
2025-10-07 13:51:46,84,cpuhp/7,0.00,0.00
2025-10-07 13:51:46,85,idle_inject/7,0.00,0.00
2025-10-07 13:51:46,86,migration/7,0.00,0.00
2025-10-07 13:51:46,87,ksoftirqd/7,0.00,0.00
2025-10-07 13:51:46,89,kworker/7:0H-events_highpri,0.00,0.00
2025-10-07 13:51:46,90,cpuhp/9,0.00,0.00
2025-10-07 13:51:46,91,idle_inject/9,0.00,0.00
2025-10-07 13:51:46,92,migration/9,0.00,0.00
2025-10-07 13:51:46,93,ksoftirqd/9,0.00,0.00
2025-10-07 13:51:46,95,kworker/9:0H-events_highpri,0.00,0.00
2025-10-07 13:51:46,96,cpuhp/11,0.00,0.00
2025-10-07 13:51:46,97,idle_inject/11,0.00,0.00
2025-10-07 13:51:46,98,migration/11,0.00,0.00
2025-10-07 13:51:46,99,ksoftirqd/11,0.00,0.00
2025-10-07 13:51:46,101,kworker/11:0H-events_highpri,0.00,0.00
2025-10-07 13:51:46,102,cpuhp/13,0.00,0.00
2025-10-07 13:51:46,103,idle_inject/13,0.00,0.00
2025-10-07 13:51:46,104,migration/13,0.00,0.00
2025-10-07 13:51:46,105,ksoftirqd/13,0.00,0.00
2025-10-07 13:51:46,107,kworker/13:0H-events_highpri,0.00,0.00
2025-10-07 13:51:46,108,cpuhp/15,0.00,0.00
2025-10-07 13:51:46,109,idle_inject/15,0.00,0.00
2025-10-07 13:51:46,110,migration/15,0.00,0.00
2025-10-07 13:51:46,111,ksoftirqd/15,0.00,0.00
2025-10-07 13:51:46,113,kworker/15:0H-events_highpri,0.00,0.00
2025-10-07 13:51:46,116,kdevtmpfs,0.00,0.00
2025-10-07 13:51:46,117,kworker/R-inet_frag_wq,0.00,0.00
2025-10-07 13:51:46,118,kauditd,0.00,0.00
2025-10-07 13:51:46,119,khungtaskd,0.00,0.00
2025-10-07 13:51:46,120,oom_reaper,0.00,0.00
2025-10-07 13:51:46,123,kworker/R-writeback,0.00,0.00
2025-10-07 13:51:46,124,kcompactd0,0.00,0.00
2025-10-07 13:51:46,125,ksmd,0.00,0.00
2025-10-07 13:51:46,126,khugepaged,0.00,0.00
2025-10-07 13:51:46,127,kworker/R-kintegrityd,0.00,0.00
2025-10-07 13:51:46,128,kworker/R-kblockd,0.00,0.00
2025-10-07 13:51:46,129,kworker/R-blkcg_punt_bio,0.00,0.00
2025-10-07 13:51:46,130,irq/9-acpi,0.00,0.00
2025-10-07 13:51:46,131,kworker/10:1-events,0.00,0.00
2025-10-07 13:51:46,133,kworker/1:1-mm_percpu_wq,0.00,0.00
2025-10-07 13:51:46,134,kworker/R-tpm_dev_wq,0.00,0.00
2025-10-07 13:51:46,135,kworker/R-ata_sff,0.00,0.00
2025-10-07 13:51:46,137,kworker/R-md,0.00,0.00
2025-10-07 13:51:46,138,kworker/R-md_bitmap,0.00,0.00
2025-10-07 13:51:46,139,kworker/R-edac-poller,0.00,0.00
2025-10-07 13:51:46,141,kworker/R-devfreq_wq,0.00,0.00
2025-10-07 13:51:46,142,watchdogd,0.00,0.00
2025-10-07 13:51:46,143,kworker/8:1H-kblockd,0.00,0.00
2025-10-07 13:51:46,145,irq/25-AMD-Vi0-Evt,0.00,0.00
2025-10-07 13:51:46,146,irq/26-AMD-Vi0-PPR,0.00,0.00
2025-10-07 13:51:46,147,irq/27-AMD-Vi0-GA,0.00,0.00
2025-10-07 13:51:46,148,kswapd0,0.00,0.00
2025-10-07 13:51:46,149,ecryptfs-kthread,0.00,0.00
2025-10-07 13:51:46,150,kworker/R-kthrotld,0.00,0.00
2025-10-07 13:51:46,151,kworker/u67:0-hci0,0.00,0.00
2025-10-07 13:51:46,152,kworker/R-acpi_thermal_pm,0.00,0.00
2025-10-07 13:51:46,154,kworker/2:1-events,0.00,0.00
2025-10-07 13:51:46,155,kworker/R-mld,0.00,0.00
2025-10-07 13:51:46,156,kworker/R-ipv6_addrconf,0.00,0.00
2025-10-07 13:51:46,157,kworker/2:1H-kblockd,0.00,0.00
2025-10-07 13:51:46,164,kworker/R-kstrp,0.00,0.00
2025-10-07 13:51:46,167,kworker/7:1-mm_percpu_wq,0.00,0.00
2025-10-07 13:51:46,168,kworker/9:1-events,0.00,0.00
2025-10-07 13:51:46,169,kworker/13:1-events,0.00,0.00
2025-10-07 13:51:46,170,kworker/5:1-events,0.00,0.00
2025-10-07 13:51:46,171,kworker/11:1-events,0.00,0.00
2025-10-07 13:51:46,189,kworker/R-charger_manager,0.00,0.00
2025-10-07 13:51:46,190,kworker/0:1H-kblockd,0.00,0.00
2025-10-07 13:51:46,217,kworker/4:1H-kblockd,0.00,0.00
2025-10-07 13:51:46,221,kworker/12:1H-kblockd,0.00,0.00
2025-10-07 13:51:46,239,kworker/6:1H-kblockd,0.00,0.00
2025-10-07 13:51:46,257,kworker/1:1H-kblockd,0.00,0.00
2025-10-07 13:51:46,258,kworker/10:1H-kblockd,0.00,0.00
2025-10-07 13:51:46,259,kworker/13:1H-kblockd,0.00,0.00
2025-10-07 13:51:46,260,kworker/3:1H-kblockd,0.00,0.00
2025-10-07 13:51:46,261,kworker/9:1H-kblockd,0.00,0.00
2025-10-07 13:51:46,262,kworker/15:1H-kblockd,0.00,0.00
2025-10-07 13:51:46,263,kworker/5:1H-kblockd,0.00,0.00
2025-10-07 13:51:46,264,kworker/14:1H-kblockd,0.00,0.00
2025-10-07 13:51:46,265,kworker/7:1H-kblockd,0.00,0.00
2025-10-07 13:51:46,268,kworker/11:1H-kblockd,0.00,0.00
2025-10-07 13:51:46,308,irq/50-PNP0C50:0b,0.00,0.00
2025-10-07 13:51:46,314,kworker/R-nvme-wq,0.00,0.00
2025-10-07 13:51:46,315,kworker/R-nvme-reset-wq,0.00,0.00
2025-10-07 13:51:46,316,kworker/R-nvme-delete-wq,0.00,0.00
2025-10-07 13:51:46,317,kworker/R-nvme-auth-wq,0.00,0.00
2025-10-07 13:51:46,319,kworker/13:2-events,0.00,0.00
2025-10-07 13:51:46,373,jbd2/nvme0n1p2-8,0.00,0.00
2025-10-07 13:51:46,374,kworker/R-ext4-rsv-conversion,0.00,0.00
2025-10-07 13:51:46,425,systemd-journald,0.00,18.52
2025-10-07 13:51:46,461,systemd-udevd,0.00,8.51
2025-10-07 13:51:46,512,psimon,0.00,0.00
2025-10-07 13:51:46,588,kworker/12:2-events,0.00,0.00
2025-10-07 13:51:46,647,kworker/R-cfg80211,0.00,0.00
2025-10-07 13:51:46,648,kworker/R-cryptd,0.00,0.00
2025-10-07 13:51:46,697,irq/69-rtw89_pci,0.00,0.00
2025-10-07 13:51:46,710,kworker/R-amdgpu-reset-dev,0.00,0.00
2025-10-07 13:51:46,807,kworker/R-ttm,0.00,0.00
2025-10-07 13:51:46,847,systemd-oomd,0.00,7.46
2025-10-07 13:51:46,848,systemd-resolved,0.00,13.04
2025-10-07 13:51:46,849,systemd-timesyncd,0.00,7.68
2025-10-07 13:51:46,894,avahi-daemon,0.00,5.22
2025-10-07 13:51:46,895,bluetoothd,0.00,6.47
2025-10-07 13:51:46,896,dbus-daemon,0.00,7.33
2025-10-07 13:51:46,899,gnome-remote-desktop-daemon,0.00,16.39
2025-10-07 13:51:46,902,polkitd,0.00,12.21
2025-10-07 13:51:46,905,power-profiles-daemon,0.00,7.56
2025-10-07 13:51:46,914,snapd,0.00,39.73
2025-10-07 13:51:46,917,accounts-daemon,0.00,7.99
2025-10-07 13:51:46,920,cron,0.00,2.79
2025-10-07 13:51:46,923,switcheroo-control,0.00,6.84
2025-10-07 13:51:46,926,systemd-logind,0.00,9.04
2025-10-07 13:51:46,928,udisksd,0.00,13.92
2025-10-07 13:51:46,949,avahi-daemon,0.00,1.51
2025-10-07 13:51:46,951,NetworkManager,0.00,19.79
2025-10-07 13:51:46,959,wpa_supplicant,0.00,12.00
2025-10-07 13:51:46,977,kworker/11:2-mm_percpu_wq,0.00,0.00
2025-10-07 13:51:46,1009,rsyslogd,0.00,5.94
2025-10-07 13:51:46,1066,ModemManager,0.00,12.69
2025-10-07 13:51:46,1150,kworker/R-amdgpu_dm_hpd_rx_offload_wq,0.00,0.00
2025-10-07 13:51:46,1151,kworker/R-amdgpu_dm_hpd_rx_offload_wq,0.00,0.00
2025-10-07 13:51:46,1152,kworker/R-amdgpu_dm_hpd_rx_offload_wq,0.00,0.00
2025-10-07 13:51:46,1153,kworker/R-dm_vblank_control_workqueue,0.00,0.00
2025-10-07 13:51:46,1156,card1-crtc0,0.00,0.00
2025-10-07 13:51:46,1157,card1-crtc1,0.00,0.00
2025-10-07 13:51:46,1158,card1-crtc2,0.00,0.00
2025-10-07 13:51:46,1159,card1-crtc3,0.00,0.00
2025-10-07 13:51:46,1160,kworker/R-gfx,0.00,0.00
2025-10-07 13:51:46,1161,kworker/R-comp_1.0.0,0.00,0.00
2025-10-07 13:51:46,1162,kworker/R-comp_1.1.0,0.00,0.00
2025-10-07 13:51:46,1163,kworker/R-comp_1.2.0,0.00,0.00
2025-10-07 13:51:46,1164,kworker/R-comp_1.3.0,0.00,0.00
2025-10-07 13:51:46,1165,kworker/R-comp_1.0.1,0.00,0.00
2025-10-07 13:51:46,1166,kworker/R-comp_1.1.1,0.00,0.00
2025-10-07 13:51:46,1167,kworker/R-comp_1.2.1,0.00,0.00
2025-10-07 13:51:46,1168,kworker/R-comp_1.3.1,0.00,0.00
2025-10-07 13:51:46,1169,kworker/R-sdma0,0.00,0.00
2025-10-07 13:51:46,1170,kworker/R-vcn_dec,0.00,0.00
2025-10-07 13:51:46,1171,kworker/R-vcn_enc0,0.00,0.00
2025-10-07 13:51:46,1172,kworker/R-vcn_enc1,0.00,0.00
2025-10-07 13:51:46,1173,kworker/R-jpeg_dec,0.00,0.00
2025-10-07 13:51:46,1345,cupsd,0.00,11.75
2025-10-07 13:51:46,1353,unattended-upgr,0.00,22.52
2025-10-07 13:51:46,1368,dbus,0.00,6.74
2025-10-07 13:51:46,1376,gdm3,0.00,9.23
2025-10-07 13:51:46,1385,mysqld,0.00,389.47
2025-10-07 13:51:46,1392,psimon,0.00,0.00
2025-10-07 13:51:46,1399,kworker/14:3-events,0.00,0.00
2025-10-07 13:51:46,1494,rtkit-daemon,0.00,3.44
2025-10-07 13:51:46,1558,kworker/7:2-events,0.00,0.00
2025-10-07 13:51:46,1589,krfcommd,0.00,0.00
2025-10-07 13:51:46,1687,colord,0.00,14.56
2025-10-07 13:51:46,1799,upowerd,0.00,9.72
2025-10-07 13:51:46,2127,cups-browsed,0.00,19.58
2025-10-07 13:51:46,2129,kerneloops,0.00,2.31
2025-10-07 13:51:46,2132,kerneloops,0.00,2.29
2025-10-07 13:51:46,2152,gdm-session-worker,0.00,10.95
2025-10-07 13:51:46,2169,systemd,0.00,12.61
2025-10-07 13:51:46,2172,(sd-pam),0.00,3.57
2025-10-07 13:51:46,2184,pipewire,0.00,15.76
2025-10-07 13:51:46,2185,pipewire,0.00,5.67
2025-10-07 13:51:46,2188,wireplumber,0.00,18.71
2025-10-07 13:51:46,2190,pipewire-pulse,0.00,18.13
2025-10-07 13:51:46,2192,gnome-keyring-daemon,0.00,10.11
2025-10-07 13:51:46,2202,dbus-daemon,0.00,6.56
2025-10-07 13:51:46,2256,xdg-document-portal,0.00,7.48
2025-10-07 13:51:46,2260,xdg-permission-store,0.00,6.12
2025-10-07 13:51:46,2267,fusermount3,0.00,2.01
2025-10-07 13:51:46,2289,gdm-wayland-session,0.00,6.18
2025-10-07 13:51:46,2299,gnome-session-binary,0.00,16.20
2025-10-07 13:51:46,2376,gcr-ssh-agent,0.00,6.93
2025-10-07 13:51:46,2377,gnome-session-ctl,0.00,5.66
2025-10-07 13:51:46,2392,gvfsd,0.00,8.07
2025-10-07 13:51:46,2400,gvfsd-fuse,0.00,6.92
2025-10-07 13:51:46,2403,gnome-session-binary,0.00,18.07
2025-10-07 13:51:46,2438,gnome-shell,0.00,334.16
2025-10-07 13:51:46,2440,at-spi-bus-launcher,0.00,7.79
2025-10-07 13:51:46,2451,dbus-daemon,0.00,5.12
2025-10-07 13:51:46,2530,at-spi2-registryd,0.00,7.67
2025-10-07 13:51:46,2555,gnome-shell-calendar-server,0.00,17.62
2025-10-07 13:51:46,2563,evolution-source-registry,0.00,87.43
2025-10-07 13:51:46,2564,dconf-service,0.00,6.10
2025-10-07 13:51:46,2577,gjs,0.00,26.86
2025-10-07 13:51:46,2579,ibus-daemon,0.00,12.14
2025-10-07 13:51:46,2581,gsd-a11y-settings,0.00,6.63
2025-10-07 13:51:46,2585,gsd-color,0.00,19.95
2025-10-07 13:51:46,2586,gsd-datetime,0.00,12.00
2025-10-07 13:51:46,2599,gsd-housekeeping,0.00,7.98
2025-10-07 13:51:46,2601,gsd-keyboard,0.00,19.13
2025-10-07 13:51:46,2602,gsd-media-keys,0.00,24.63
2025-10-07 13:51:46,2607,gsd-power,0.00,25.85
2025-10-07 13:51:46,2611,gsd-print-notifications,0.00,11.48
2025-10-07 13:51:46,2616,gsd-rfkill,0.00,6.77
2025-10-07 13:51:46,2626,gsd-screensaver-proxy,0.00,6.18
2025-10-07 13:51:46,2629,gsd-sharing,0.00,11.77
2025-10-07 13:51:46,2631,gsd-smartcard,0.00,8.14
2025-10-07 13:51:46,2637,gsd-sound,0.00,9.76
2025-10-07 13:51:46,2646,gsd-wacom,0.00,20.26
2025-10-07 13:51:46,2680,gsd-disk-utility-notify,0.00,7.33
2025-10-07 13:51:46,2716,gvfs-udisks2-volume-monitor,0.00,10.33
2025-10-07 13:51:46,2719,evolution-alarm-notify,0.00,107.36
2025-10-07 13:51:46,2724,ibus-memconf,0.00,7.09
2025-10-07 13:51:46,2726,ibus-extension-gtk3,0.00,28.90
2025-10-07 13:51:46,2738,ibus-portal,0.00,7.17
2025-10-07 13:51:46,2815,goa-daemon,0.00,23.61
2025-10-07 13:51:46,2819,gvfs-goa-volume-monitor,0.00,6.50
2025-10-07 13:51:46,2837,goa-identity-service,0.00,9.13
2025-10-07 13:51:46,2843,evolution-calendar-factory,0.00,24.12
2025-10-07 13:51:46,2844,gsd-printer,0.00,14.89
2025-10-07 13:51:46,2857,gvfs-mtp-volume-monitor,0.00,6.70
2025-10-07 13:51:46,2870,gvfs-gphoto2-volume-monitor,0.00,7.00
2025-10-07 13:51:46,2877,gvfs-afc-volume-monitor,0.00,7.73
2025-10-07 13:51:46,2887,evolution-addressbook-factory,0.00,29.40
2025-10-07 13:51:46,2914,ibus-engine-simple,0.00,7.47
2025-10-07 13:51:46,2941,gvfsd-trash,0.00,9.15
2025-10-07 13:51:46,2966,tracker-miner-fs-3,0.00,28.61
2025-10-07 13:51:46,2969,xdg-desktop-portal,0.00,14.50
2025-10-07 13:51:46,2978,xdg-desktop-portal-gnome,0.00,86.33
2025-10-07 13:51:46,3001,gjs,0.00,26.85
2025-10-07 13:51:46,3027,xdg-desktop-portal-gtk,0.00,25.89
2025-10-07 13:51:46,3100,gvfsd-metadata,0.00,6.52
2025-10-07 13:51:46,3113,snapd-desktop-integration,0.00,11.69
2025-10-07 13:51:46,3179,snapd-desktop-integration,0.00,30.21
2025-10-07 13:51:46,3211,chrome,0.00,425.15
2025-10-07 13:51:46,3217,cat,0.00,1.85
2025-10-07 13:51:46,3218,cat,0.00,1.85
2025-10-07 13:51:46,3220,chrome_crashpad_handler,0.00,4.09
2025-10-07 13:51:46,3222,chrome_crashpad_handler,0.00,3.32
2025-10-07 13:51:46,3228,chrome,0.00,108.12
2025-10-07 13:51:46,3229,chrome,0.00,109.58
2025-10-07 13:51:46,3231,chrome,0.00,25.02
2025-10-07 13:51:46,3273,chrome,0.00,281.52
2025-10-07 13:51:46,3276,chrome,0.00,187.00
2025-10-07 13:51:46,3286,chrome,0.00,66.57
2025-10-07 13:51:46,3362,chrome,0.00,134.95
2025-10-07 13:51:46,3446,chrome,0.00,189.97
2025-10-07 13:51:46,3576,update-notifier,0.00,32.60
2025-10-07 13:51:46,3739,chrome,0.00,169.65
2025-10-07 13:51:46,3747,chrome,0.00,185.59
2025-10-07 13:51:46,3826,kworker/5:0-events,0.00,0.00
2025-10-07 13:51:46,3878,chrome,0.00,559.95
2025-10-07 13:51:46,3973,chrome,0.00,155.57
2025-10-07 13:51:46,3984,chrome,0.00,174.69
2025-10-07 13:51:46,4111,kworker/15:3-cgroup_destroy,0.00,0.00
2025-10-07 13:51:46,4161,chrome,0.00,268.05
2025-10-07 13:51:46,4229,kworker/3:0-events,0.00,0.00
2025-10-07 13:51:46,4283,kworker/4:2-events,0.00,0.00
2025-10-07 13:51:46,4328,kworker/6:1-events,0.00,0.00
2025-10-07 13:51:46,4358,chrome,0.00,152.70
2025-10-07 13:51:46,4428,chrome,0.00,294.04
2025-10-07 13:51:46,4515,chrome,0.00,322.98
2025-10-07 13:51:46,4557,chrome,0.00,85.26
2025-10-07 13:51:46,4567,kworker/12:1-events,0.00,0.00
2025-10-07 13:51:46,4573,kworker/9:2-events,0.00,0.00
2025-10-07 13:51:46,4586,kworker/u64:0-gfx,0.00,0.00
2025-10-07 13:51:46,4645,kworker/3:2-events,0.00,0.00
2025-10-07 13:51:46,4774,kworker/8:3-events,0.00,0.00
2025-10-07 13:51:46,4917,kworker/u68:7-ttm,0.00,0.00
2025-10-07 13:51:46,4919,kworker/u68:9-ttm,0.00,0.00
2025-10-07 13:51:46,4943,kworker/15:2-mm_percpu_wq,0.00,0.00
2025-10-07 13:51:46,5028,kworker/0:0-events,0.00,0.00
2025-10-07 13:51:46,5074,kworker/u65:5-kvfree_rcu_reclaim,0.00,0.00
2025-10-07 13:51:46,5082,kworker/u65:15-kvfree_rcu_reclaim,0.00,0.00
2025-10-07 13:51:46,5085,kworker/u65:18-flush-259:0,0.00,0.00
2025-10-07 13:51:46,5088,kworker/2:0-cgwb_release,0.00,0.00
2025-10-07 13:51:46,5110,kworker/u65:27-events_unbound,0.00,0.00
2025-10-07 13:51:46,5114,kworker/u67:2-hci0,0.00,0.00
2025-10-07 13:51:46,5208,kworker/1:3-events,0.00,0.00
2025-10-07 13:51:46,5321,kworker/u68:0-ttm,0.00,0.00
2025-10-07 13:51:46,5463,kworker/10:3-events,0.00,0.00
2025-10-07 13:51:46,5558,kworker/u66:0-events_unbound,0.00,0.00
2025-10-07 13:51:46,5559,kworker/u69:0-ttm,0.00,0.00
2025-10-07 13:51:46,5650,kworker/u69:1-ttm,0.00,0.00
2025-10-07 13:51:46,5655,kworker/u66:2-flush-259:0,0.00,0.00
2025-10-07 13:51:46,5687,gjs,0.00,65.67
2025-10-07 13:51:46,5731,kworker/u66:3-iou_exit,0.00,0.00
2025-10-07 13:51:46,5738,kworker/4:3-cgroup_destroy,0.00,0.00
2025-10-07 13:51:46,5741,kworker/u69:2-ttm,0.00,0.00
2025-10-07 13:51:46,5742,kworker/u69:3-ttm,0.00,0.00
2025-10-07 13:51:46,5743,kworker/u69:4-ttm,0.00,0.00
2025-10-07 13:51:46,5744,kworker/u69:5-ttm,0.00,0.00
2025-10-07 13:51:46,5752,kworker/8:2,0.00,0.00
2025-10-07 13:51:46,5755,kworker/u64:2-gfx,0.00,0.00
2025-10-07 13:51:46,5758,kworker/u68:1-ttm,0.00,0.00
2025-10-07 13:51:46,5765,kworker/u68:2-ttm,0.00,0.00
2025-10-07 13:51:46,5766,kworker/u68:3-ttm,0.00,0.00
2025-10-07 13:51:46,5767,kworker/u68:4-rtw89_tx_wq,0.00,0.00
2025-10-07 13:51:46,5768,kworker/u68:5-ttm,0.00,0.00
2025-10-07 13:51:46,5769,kworker/u68:6-ttm,0.00,0.00
2025-10-07 13:51:46,5770,kworker/u68:8-ttm,0.00,0.00
2025-10-07 13:51:46,5771,kworker/u68:10-ttm,0.00,0.00
2025-10-07 13:51:46,5772,kworker/u68:11,0.00,0.00
2025-10-07 13:51:46,5773,kworker/u69:6-ttm,0.00,0.00
2025-10-07 13:51:46,5774,kworker/u69:7-ttm,0.00,0.00
2025-10-07 13:51:46,5775,kworker/u69:8-ttm,0.00,0.00
2025-10-07 13:51:46,5776,kworker/u69:9-ttm,0.00,0.00
2025-10-07 13:51:46,5808,Xwayland,0.00,124.49
2025-10-07 13:51:46,5827,gsd-xsettings,0.00,86.07
2025-10-07 13:51:46,5857,ibus-x11,0.00,23.84
2025-10-07 13:51:46,5863,mutter-x11-frames,0.00,90.64
2025-10-07 13:51:46,5943,kworker/u69:10-ttm,0.00,0.00
2025-10-07 13:51:46,5944,kworker/u69:11-ttm,0.00,0.00
2025-10-07 13:51:46,5945,kworker/u69:12-ttm,0.00,0.00
2025-10-07 13:51:46,5946,kworker/u69:13-ttm,0.00,0.00
2025-10-07 13:51:46,5986,kworker/u66:1-kvfree_rcu_reclaim,0.00,0.00
2025-10-07 13:51:46,5987,kworker/u66:4-flush-259:0,0.00,0.00
2025-10-07 13:51:46,6214,gnome-terminal-server,0.00,51.39
2025-10-07 13:51:46,6221,bash,0.00,5.60
2025-10-07 13:51:46,6230,kworker/u66:5-events_unbound,0.00,0.00
2025-10-07 13:51:46,6231,kworker/u66:6-flush-259:0,0.00,0.00
2025-10-07 13:51:46,6232,kworker/u66:7,0.00,0.00
2025-10-07 13:51:46,6233,kworker/u65:0-events_power_efficient,0.00,0.00
2025-10-07 13:51:46,6235,kworker/u69:14-ttm,0.00,0.00
2025-10-07 13:51:46,6236,kworker/u69:15-ttm,0.00,0.00
2025-10-07 13:51:46,6237,kworker/u69:16,0.00,0.00
2025-10-07 13:51:46,6262,kworker/9:0-events,0.00,0.00
2025-10-07 13:51:46,6266,kworker/0:2,0.00,0.00
2025-10-07 13:51:46,6292,code,0.00,243.63
2025-10-07 13:51:46,6295,code,0.00,96.03
2025-10-07 13:51:46,6296,code,0.00,95.51
2025-10-07 13:51:46,6298,code,0.00,19.71
2025-10-07 13:51:46,6317,chrome_crashpad_handler,0.00,3.26
2025-10-07 13:51:46,6336,code,0.00,163.39
2025-10-07 13:51:46,6339,code,0.00,117.41
2025-10-07 13:51:46,6392,code,0.00,306.37
2025-10-07 13:51:46,6409,code,0.00,152.67
2025-10-07 13:51:46,6414,code,0.00,258.72
2025-10-07 13:51:46,6422,code,0.00,156.88
2025-10-07 13:51:46,6431,code,0.00,152.55
2025-10-07 13:51:46,6484,bash,0.00,5.25
2025-10-07 13:51:46,6505,bash,0.00,5.47
2025-10-07 13:51:46,6548,pet,0.00,3.27
2025-10-07 13:51:46,6679,bash,0.00,5.34
2025-10-07 13:51:46,6710,code,0.00,478.93
2025-10-07 13:51:46,6848,kworker/4:0,0.00,0.00
2025-10-07 13:51:46,6850,kworker/u64:1-dm_vblank_control_workqueue,0.00,0.00
2025-10-07 13:51:46,6940,python,0.00,69.65
2025-10-07 13:51:56,1,systemd,0.00,13.88
2025-10-07 13:51:56,2,kthreadd,0.00,0.00
2025-10-07 13:51:56,3,pool_workqueue_release,0.00,0.00
2025-10-07 13:51:56,4,kworker/R-rcu_gp,0.00,0.00
2025-10-07 13:51:56,5,kworker/R-sync_wq,0.00,0.00
2025-10-07 13:51:56,6,kworker/R-kvfree_rcu_reclaim,0.00,0.00
2025-10-07 13:51:56,7,kworker/R-slub_flushwq,0.00,0.00
2025-10-07 13:51:56,8,kworker/R-netns,0.00,0.00
2025-10-07 13:51:56,10,kworker/0:1-events,0.10,0.00
2025-10-07 13:51:56,11,kworker/0:0H-events_highpri,0.00,0.00
2025-10-07 13:51:56,13,kworker/R-mm_percpu_wq,0.00,0.00
2025-10-07 13:51:56,14,rcu_tasks_kthread,0.00,0.00
2025-10-07 13:51:56,15,rcu_tasks_rude_kthread,0.00,0.00
2025-10-07 13:51:56,16,rcu_tasks_trace_kthread,0.00,0.00
2025-10-07 13:51:56,17,ksoftirqd/0,0.00,0.00
2025-10-07 13:51:56,18,rcu_preempt,0.20,0.00
2025-10-07 13:51:56,19,rcu_exp_par_gp_kthread_worker/0,0.00,0.00
2025-10-07 13:51:56,20,rcu_exp_gp_kthread_worker,0.00,0.00
2025-10-07 13:51:56,21,migration/0,0.00,0.00
2025-10-07 13:51:56,22,idle_inject/0,0.00,0.00
2025-10-07 13:51:56,23,cpuhp/0,0.00,0.00
2025-10-07 13:51:56,24,cpuhp/2,0.00,0.00
2025-10-07 13:51:56,25,idle_inject/2,0.00,0.00
2025-10-07 13:51:56,26,migration/2,0.00,0.00
2025-10-07 13:51:56,27,ksoftirqd/2,0.00,0.00
2025-10-07 13:51:56,29,kworker/2:0H-events_highpri,0.00,0.00
2025-10-07 13:51:56,30,cpuhp/4,0.00,0.00
2025-10-07 13:51:56,31,idle_inject/4,0.00,0.00
2025-10-07 13:51:56,32,migration/4,0.00,0.00
2025-10-07 13:51:56,33,ksoftirqd/4,0.00,0.00
2025-10-07 13:51:56,35,kworker/4:0H-events_highpri,0.00,0.00
2025-10-07 13:51:56,36,cpuhp/6,0.00,0.00
2025-10-07 13:51:56,37,idle_inject/6,0.00,0.00
2025-10-07 13:51:56,38,migration/6,0.00,0.00
2025-10-07 13:51:56,39,ksoftirqd/6,0.00,0.00
2025-10-07 13:51:56,40,kworker/6:0-mm_percpu_wq,0.00,0.00
2025-10-07 13:51:56,41,kworker/6:0H-events_highpri,0.00,0.00
2025-10-07 13:51:56,42,cpuhp/8,0.00,0.00
2025-10-07 13:51:56,43,idle_inject/8,0.00,0.00
2025-10-07 13:51:56,44,migration/8,0.00,0.00
2025-10-07 13:51:56,45,ksoftirqd/8,0.00,0.00
2025-10-07 13:51:56,47,kworker/8:0H-events_highpri,0.00,0.00
2025-10-07 13:51:56,48,cpuhp/10,0.00,0.00
2025-10-07 13:51:56,49,idle_inject/10,0.00,0.00
2025-10-07 13:51:56,50,migration/10,0.00,0.00
2025-10-07 13:51:56,51,ksoftirqd/10,0.00,0.00
2025-10-07 13:51:56,53,kworker/10:0H-events_highpri,0.00,0.00
2025-10-07 13:51:56,54,cpuhp/12,0.00,0.00
2025-10-07 13:51:56,55,idle_inject/12,0.00,0.00
2025-10-07 13:51:56,56,migration/12,0.00,0.00
2025-10-07 13:51:56,57,ksoftirqd/12,0.00,0.00
2025-10-07 13:51:56,59,kworker/12:0H-events_highpri,0.00,0.00
2025-10-07 13:51:56,60,cpuhp/14,0.00,0.00
2025-10-07 13:51:56,61,idle_inject/14,0.00,0.00
2025-10-07 13:51:56,62,migration/14,0.00,0.00
2025-10-07 13:51:56,63,ksoftirqd/14,0.00,0.00
2025-10-07 13:51:56,64,kworker/14:0-mm_percpu_wq,0.00,0.00
2025-10-07 13:51:56,65,kworker/14:0H-events_highpri,0.00,0.00
2025-10-07 13:51:56,66,cpuhp/1,0.00,0.00
2025-10-07 13:51:56,67,idle_inject/1,0.00,0.00
2025-10-07 13:51:56,68,migration/1,0.00,0.00
2025-10-07 13:51:56,69,ksoftirqd/1,0.00,0.00
2025-10-07 13:51:56,71,kworker/1:0H-events_highpri,0.00,0.00
2025-10-07 13:51:56,72,cpuhp/3,0.00,0.00
2025-10-07 13:51:56,73,idle_inject/3,0.00,0.00
2025-10-07 13:51:56,74,migration/3,0.00,0.00
2025-10-07 13:51:56,75,ksoftirqd/3,0.00,0.00
2025-10-07 13:51:56,77,kworker/3:0H-events_highpri,0.00,0.00
2025-10-07 13:51:56,78,cpuhp/5,0.00,0.00
2025-10-07 13:51:56,79,idle_inject/5,0.00,0.00
2025-10-07 13:51:56,80,migration/5,0.00,0.00
2025-10-07 13:51:56,81,ksoftirqd/5,0.00,0.00
2025-10-07 13:51:56,83,kworker/5:0H-events_highpri,0.00,0.00
2025-10-07 13:51:56,84,cpuhp/7,0.00,0.00
2025-10-07 13:51:56,85,idle_inject/7,0.00,0.00
2025-10-07 13:51:56,86,migration/7,0.00,0.00
2025-10-07 13:51:56,87,ksoftirqd/7,0.00,0.00
2025-10-07 13:51:56,89,kworker/7:0H-events_highpri,0.00,0.00
2025-10-07 13:51:56,90,cpuhp/9,0.00,0.00
2025-10-07 13:51:56,91,idle_inject/9,0.00,0.00
2025-10-07 13:51:56,92,migration/9,0.00,0.00
2025-10-07 13:51:56,93,ksoftirqd/9,0.00,0.00
2025-10-07 13:51:56,95,kworker/9:0H-events_highpri,0.00,0.00
2025-10-07 13:51:56,96,cpuhp/11,0.00,0.00
2025-10-07 13:51:56,97,idle_inject/11,0.00,0.00
2025-10-07 13:51:56,98,migration/11,0.00,0.00
2025-10-07 13:51:56,99,ksoftirqd/11,0.00,0.00
2025-10-07 13:51:56,101,kworker/11:0H-events_highpri,0.00,0.00
2025-10-07 13:51:56,102,cpuhp/13,0.00,0.00
2025-10-07 13:51:56,103,idle_inject/13,0.00,0.00
2025-10-07 13:51:56,104,migration/13,0.00,0.00
2025-10-07 13:51:56,105,ksoftirqd/13,0.00,0.00
2025-10-07 13:51:56,107,kworker/13:0H-events_highpri,0.00,0.00
2025-10-07 13:51:56,108,cpuhp/15,0.00,0.00
2025-10-07 13:51:56,109,idle_inject/15,0.00,0.00
2025-10-07 13:51:56,110,migration/15,0.00,0.00
2025-10-07 13:51:56,111,ksoftirqd/15,0.00,0.00
2025-10-07 13:51:56,113,kworker/15:0H-events_highpri,0.00,0.00
2025-10-07 13:51:56,116,kdevtmpfs,0.00,0.00
2025-10-07 13:51:56,117,kworker/R-inet_frag_wq,0.00,0.00
2025-10-07 13:51:56,118,kauditd,0.00,0.00
2025-10-07 13:51:56,119,khungtaskd,0.00,0.00
2025-10-07 13:51:56,120,oom_reaper,0.00,0.00
2025-10-07 13:51:56,123,kworker/R-writeback,0.00,0.00
2025-10-07 13:51:56,124,kcompactd0,0.00,0.00
2025-10-07 13:51:56,125,ksmd,0.00,0.00
2025-10-07 13:51:56,126,khugepaged,0.00,0.00
2025-10-07 13:51:56,127,kworker/R-kintegrityd,0.00,0.00
2025-10-07 13:51:56,128,kworker/R-kblockd,0.00,0.00
2025-10-07 13:51:56,129,kworker/R-blkcg_punt_bio,0.00,0.00
2025-10-07 13:51:56,130,irq/9-acpi,0.00,0.00
2025-10-07 13:51:56,131,kworker/10:1-events,0.00,0.00
2025-10-07 13:51:56,133,kworker/1:1-events,0.00,0.00
2025-10-07 13:51:56,134,kworker/R-tpm_dev_wq,0.00,0.00
2025-10-07 13:51:56,135,kworker/R-ata_sff,0.00,0.00
2025-10-07 13:51:56,137,kworker/R-md,0.00,0.00
2025-10-07 13:51:56,138,kworker/R-md_bitmap,0.00,0.00
2025-10-07 13:51:56,139,kworker/R-edac-poller,0.00,0.00
2025-10-07 13:51:56,141,kworker/R-devfreq_wq,0.00,0.00
2025-10-07 13:51:56,142,watchdogd,0.00,0.00
2025-10-07 13:51:56,143,kworker/8:1H-kblockd,0.00,0.00
2025-10-07 13:51:56,145,irq/25-AMD-Vi0-Evt,0.00,0.00
2025-10-07 13:51:56,146,irq/26-AMD-Vi0-PPR,0.00,0.00
2025-10-07 13:51:56,147,irq/27-AMD-Vi0-GA,0.00,0.00
2025-10-07 13:51:56,148,kswapd0,0.00,0.00
2025-10-07 13:51:56,149,ecryptfs-kthread,0.00,0.00
2025-10-07 13:51:56,150,kworker/R-kthrotld,0.00,0.00
2025-10-07 13:51:56,151,kworker/u67:0-hci0,0.00,0.00
2025-10-07 13:51:56,152,kworker/R-acpi_thermal_pm,0.00,0.00
2025-10-07 13:51:56,154,kworker/2:1-mm_percpu_wq,0.00,0.00
2025-10-07 13:51:56,155,kworker/R-mld,0.00,0.00
2025-10-07 13:51:56,156,kworker/R-ipv6_addrconf,0.00,0.00
2025-10-07 13:51:56,157,kworker/2:1H-kblockd,0.00,0.00
2025-10-07 13:51:56,164,kworker/R-kstrp,0.00,0.00
2025-10-07 13:51:56,167,kworker/7:1-mm_percpu_wq,0.00,0.00
2025-10-07 13:51:56,168,kworker/9:1-events,0.00,0.00
2025-10-07 13:51:56,169,kworker/13:1-mm_percpu_wq,0.00,0.00
2025-10-07 13:51:56,170,kworker/5:1-events,0.00,0.00
2025-10-07 13:51:56,171,kworker/11:1-events,0.00,0.00
2025-10-07 13:51:56,189,kworker/R-charger_manager,0.00,0.00
2025-10-07 13:51:56,190,kworker/0:1H-kblockd,0.00,0.00
2025-10-07 13:51:56,217,kworker/4:1H-kblockd,0.00,0.00
2025-10-07 13:51:56,221,kworker/12:1H-kblockd,0.00,0.00
2025-10-07 13:51:56,239,kworker/6:1H-kblockd,0.00,0.00
2025-10-07 13:51:56,257,kworker/1:1H-kblockd,0.00,0.00
2025-10-07 13:51:56,258,kworker/10:1H-kblockd,0.00,0.00
2025-10-07 13:51:56,259,kworker/13:1H-kblockd,0.00,0.00
2025-10-07 13:51:56,260,kworker/3:1H-kblockd,0.00,0.00
2025-10-07 13:51:56,261,kworker/9:1H-kblockd,0.00,0.00
2025-10-07 13:51:56,262,kworker/15:1H-kblockd,0.00,0.00
2025-10-07 13:51:56,263,kworker/5:1H-kblockd,0.00,0.00
2025-10-07 13:51:56,264,kworker/14:1H-kblockd,0.00,0.00
2025-10-07 13:51:56,265,kworker/7:1H-kblockd,0.00,0.00
2025-10-07 13:51:56,268,kworker/11:1H-kblockd,0.00,0.00
2025-10-07 13:51:56,308,irq/50-PNP0C50:0b,0.10,0.00
2025-10-07 13:51:56,314,kworker/R-nvme-wq,0.00,0.00
2025-10-07 13:51:56,315,kworker/R-nvme-reset-wq,0.00,0.00
2025-10-07 13:51:56,316,kworker/R-nvme-delete-wq,0.00,0.00
2025-10-07 13:51:56,317,kworker/R-nvme-auth-wq,0.00,0.00
2025-10-07 13:51:56,319,kworker/13:2-events,0.00,0.00
2025-10-07 13:51:56,373,jbd2/nvme0n1p2-8,0.00,0.00
2025-10-07 13:51:56,374,kworker/R-ext4-rsv-conversion,0.00,0.00
2025-10-07 13:51:56,425,systemd-journald,0.00,18.52
2025-10-07 13:51:56,461,systemd-udevd,0.00,8.51
2025-10-07 13:51:56,512,psimon,0.00,0.00
2025-10-07 13:51:56,588,kworker/12:2-mm_percpu_wq,0.00,0.00
2025-10-07 13:51:56,647,kworker/R-cfg80211,0.00,0.00
2025-10-07 13:51:56,648,kworker/R-cryptd,0.00,0.00
2025-10-07 13:51:56,697,irq/69-rtw89_pci,0.40,0.00
2025-10-07 13:51:56,710,kworker/R-amdgpu-reset-dev,0.00,0.00
2025-10-07 13:51:56,807,kworker/R-ttm,0.00,0.00
2025-10-07 13:51:56,847,systemd-oomd,0.20,7.46
2025-10-07 13:51:56,848,systemd-resolved,0.10,13.04
2025-10-07 13:51:56,849,systemd-timesyncd,0.00,7.68
2025-10-07 13:51:56,894,avahi-daemon,0.10,5.22
2025-10-07 13:51:56,895,bluetoothd,0.00,6.47
2025-10-07 13:51:56,896,dbus-daemon,0.00,7.33
2025-10-07 13:51:56,899,gnome-remote-desktop-daemon,0.00,16.39
2025-10-07 13:51:56,902,polkitd,0.00,12.21
2025-10-07 13:51:56,905,power-profiles-daemon,0.00,7.56
2025-10-07 13:51:56,914,snapd,0.00,39.73
2025-10-07 13:51:56,917,accounts-daemon,0.00,7.99
2025-10-07 13:51:56,920,cron,0.00,2.79
2025-10-07 13:51:56,923,switcheroo-control,0.00,6.84
2025-10-07 13:51:56,926,systemd-logind,0.10,9.04
2025-10-07 13:51:56,928,udisksd,0.00,13.92
2025-10-07 13:51:56,949,avahi-daemon,0.00,1.51
2025-10-07 13:51:56,951,NetworkManager,0.00,19.79
2025-10-07 13:51:56,959,wpa_supplicant,0.00,12.00
2025-10-07 13:51:56,977,kworker/11:2-mm_percpu_wq,0.00,0.00
2025-10-07 13:51:56,1009,rsyslogd,0.00,5.94
2025-10-07 13:51:56,1066,ModemManager,0.00,12.69
2025-10-07 13:51:56,1150,kworker/R-amdgpu_dm_hpd_rx_offload_wq,0.00,0.00
2025-10-07 13:51:56,1151,kworker/R-amdgpu_dm_hpd_rx_offload_wq,0.00,0.00
2025-10-07 13:51:56,1152,kworker/R-amdgpu_dm_hpd_rx_offload_wq,0.00,0.00
2025-10-07 13:51:56,1153,kworker/R-dm_vblank_control_workqueue,0.00,0.00
2025-10-07 13:51:56,1156,card1-crtc0,0.00,0.00
2025-10-07 13:51:56,1157,card1-crtc1,0.00,0.00
2025-10-07 13:51:56,1158,card1-crtc2,0.00,0.00
2025-10-07 13:51:56,1159,card1-crtc3,0.00,0.00
2025-10-07 13:51:56,1160,kworker/R-gfx,0.00,0.00
2025-10-07 13:51:56,1161,kworker/R-comp_1.0.0,0.00,0.00
2025-10-07 13:51:56,1162,kworker/R-comp_1.1.0,0.00,0.00
2025-10-07 13:51:56,1163,kworker/R-comp_1.2.0,0.00,0.00
2025-10-07 13:51:56,1164,kworker/R-comp_1.3.0,0.00,0.00
2025-10-07 13:51:56,1165,kworker/R-comp_1.0.1,0.00,0.00
2025-10-07 13:51:56,1166,kworker/R-comp_1.1.1,0.00,0.00
2025-10-07 13:51:56,1167,kworker/R-comp_1.2.1,0.00,0.00
2025-10-07 13:51:56,1168,kworker/R-comp_1.3.1,0.00,0.00
2025-10-07 13:51:56,1169,kworker/R-sdma0,0.00,0.00
2025-10-07 13:51:56,1170,kworker/R-vcn_dec,0.00,0.00
2025-10-07 13:51:56,1171,kworker/R-vcn_enc0,0.00,0.00
2025-10-07 13:51:56,1172,kworker/R-vcn_enc1,0.00,0.00
2025-10-07 13:51:56,1173,kworker/R-jpeg_dec,0.00,0.00
2025-10-07 13:51:56,1345,cupsd,0.00,11.75
2025-10-07 13:51:56,1353,unattended-upgr,0.00,22.52
2025-10-07 13:51:56,1368,dbus,0.00,6.74
2025-10-07 13:51:56,1376,gdm3,0.00,9.23
2025-10-07 13:51:56,1385,mysqld,1.20,389.47
2025-10-07 13:51:56,1392,psimon,0.00,0.00
2025-10-07 13:51:56,1399,kworker/14:3-events,0.00,0.00
2025-10-07 13:51:56,1494,rtkit-daemon,0.00,3.44
2025-10-07 13:51:56,1558,kworker/7:2-mm_percpu_wq,0.00,0.00
2025-10-07 13:51:56,1589,krfcommd,0.00,0.00
2025-10-07 13:51:56,1687,colord,0.00,14.56
2025-10-07 13:51:56,1799,upowerd,0.00,9.72
2025-10-07 13:51:56,2127,cups-browsed,0.00,19.58
2025-10-07 13:51:56,2129,kerneloops,0.00,2.31
2025-10-07 13:51:56,2132,kerneloops,0.00,2.29
2025-10-07 13:51:56,2152,gdm-session-worker,0.00,10.95
2025-10-07 13:51:56,2169,systemd,0.00,12.61
2025-10-07 13:51:56,2172,(sd-pam),0.00,3.57
2025-10-07 13:51:56,2184,pipewire,0.00,15.76
2025-10-07 13:51:56,2185,pipewire,0.00,5.67
2025-10-07 13:51:56,2188,wireplumber,0.00,18.71
2025-10-07 13:51:56,2190,pipewire-pulse,0.00,18.13
2025-10-07 13:51:56,2192,gnome-keyring-daemon,0.00,10.11
2025-10-07 13:51:56,2202,dbus-daemon,0.00,6.56
2025-10-07 13:51:56,2256,xdg-document-portal,0.00,7.48
2025-10-07 13:51:56,2260,xdg-permission-store,0.00,6.12
2025-10-07 13:51:56,2267,fusermount3,0.00,2.01
2025-10-07 13:51:56,2289,gdm-wayland-session,0.00,6.18
2025-10-07 13:51:56,2299,gnome-session-binary,0.00,16.20
2025-10-07 13:51:56,2376,gcr-ssh-agent,0.00,6.93
2025-10-07 13:51:56,2377,gnome-session-ctl,0.00,5.66
2025-10-07 13:51:56,2392,gvfsd,0.00,8.07
2025-10-07 13:51:56,2400,gvfsd-fuse,0.00,6.92
2025-10-07 13:51:56,2403,gnome-session-binary,0.00,18.07
2025-10-07 13:51:56,2438,gnome-shell,2.30,334.16
2025-10-07 13:51:56,2440,at-spi-bus-launcher,0.00,7.79
2025-10-07 13:51:56,2451,dbus-daemon,0.00,5.12
2025-10-07 13:51:56,2530,at-spi2-registryd,0.00,7.67
2025-10-07 13:51:56,2555,gnome-shell-calendar-server,0.00,17.62
2025-10-07 13:51:56,2563,evolution-source-registry,0.00,87.43
2025-10-07 13:51:56,2564,dconf-service,0.00,6.10
2025-10-07 13:51:56,2577,gjs,0.00,26.86
2025-10-07 13:51:56,2579,ibus-daemon,0.00,12.14
2025-10-07 13:51:56,2581,gsd-a11y-settings,0.00,6.63
2025-10-07 13:51:56,2585,gsd-color,0.00,19.95
2025-10-07 13:51:56,2586,gsd-datetime,0.00,12.00
2025-10-07 13:51:56,2599,gsd-housekeeping,0.00,7.98
2025-10-07 13:51:56,2601,gsd-keyboard,0.00,19.13
2025-10-07 13:51:56,2602,gsd-media-keys,0.00,24.63
2025-10-07 13:51:56,2607,gsd-power,0.00,25.85
2025-10-07 13:51:56,2611,gsd-print-notifications,0.00,11.48
2025-10-07 13:51:56,2616,gsd-rfkill,0.00,6.77
2025-10-07 13:51:56,2626,gsd-screensaver-proxy,0.00,6.18
2025-10-07 13:51:56,2629,gsd-sharing,0.00,11.77
2025-10-07 13:51:56,2631,gsd-smartcard,0.00,8.14
2025-10-07 13:51:56,2637,gsd-sound,0.00,9.76
2025-10-07 13:51:56,2646,gsd-wacom,0.00,20.26
2025-10-07 13:51:56,2680,gsd-disk-utility-notify,0.00,7.33
2025-10-07 13:51:56,2716,gvfs-udisks2-volume-monitor,0.00,10.33
2025-10-07 13:51:56,2719,evolution-alarm-notify,0.00,107.36
2025-10-07 13:51:56,2724,ibus-memconf,0.00,7.09
2025-10-07 13:51:56,2726,ibus-extension-gtk3,0.00,28.90
2025-10-07 13:51:56,2738,ibus-portal,0.00,7.17
2025-10-07 13:51:56,2815,goa-daemon,0.00,23.61
2025-10-07 13:51:56,2819,gvfs-goa-volume-monitor,0.00,6.50
2025-10-07 13:51:56,2837,goa-identity-service,0.00,9.13
2025-10-07 13:51:56,2843,evolution-calendar-factory,0.00,24.12
2025-10-07 13:51:56,2844,gsd-printer,0.00,14.89
2025-10-07 13:51:56,2857,gvfs-mtp-volume-monitor,0.00,6.70
2025-10-07 13:51:56,2870,gvfs-gphoto2-volume-monitor,0.00,7.00
2025-10-07 13:51:56,2877,gvfs-afc-volume-monitor,0.00,7.73
2025-10-07 13:51:56,2887,evolution-addressbook-factory,0.00,29.40
2025-10-07 13:51:56,2914,ibus-engine-simple,0.00,7.47
2025-10-07 13:51:56,2941,gvfsd-trash,0.00,9.15
2025-10-07 13:51:56,2966,tracker-miner-fs-3,0.00,28.61
2025-10-07 13:51:56,2969,xdg-desktop-portal,0.00,14.50
2025-10-07 13:51:56,2978,xdg-desktop-portal-gnome,0.00,86.33
2025-10-07 13:51:56,3001,gjs,0.00,26.85
2025-10-07 13:51:56,3027,xdg-desktop-portal-gtk,0.00,25.89
2025-10-07 13:51:56,3100,gvfsd-metadata,0.00,6.52
2025-10-07 13:51:56,3113,snapd-desktop-integration,0.00,11.69
2025-10-07 13:51:56,3179,snapd-desktop-integration,0.00,30.21
2025-10-07 13:51:56,3211,chrome,0.10,425.15
2025-10-07 13:51:56,3217,cat,0.00,1.85
2025-10-07 13:51:56,3218,cat,0.00,1.85
2025-10-07 13:51:56,3220,chrome_crashpad_handler,0.00,4.09
2025-10-07 13:51:56,3222,chrome_crashpad_handler,0.00,3.32
2025-10-07 13:51:56,3228,chrome,0.00,108.12
2025-10-07 13:51:56,3229,chrome,0.00,109.58
2025-10-07 13:51:56,3231,chrome,0.00,25.02
2025-10-07 13:51:56,3273,chrome,0.00,281.52
2025-10-07 13:51:56,3276,chrome,0.00,187.00
2025-10-07 13:51:56,3286,chrome,0.00,66.57
2025-10-07 13:51:56,3362,chrome,0.00,134.95
2025-10-07 13:51:56,3446,chrome,0.00,189.97
2025-10-07 13:51:56,3576,update-notifier,0.00,32.60
2025-10-07 13:51:56,3739,chrome,0.00,169.65
2025-10-07 13:51:56,3747,chrome,0.00,185.59
2025-10-07 13:51:56,3826,kworker/5:0-events,0.00,0.00
2025-10-07 13:51:56,3878,chrome,0.00,559.95
2025-10-07 13:51:56,3973,chrome,0.00,155.57
2025-10-07 13:51:56,3984,chrome,0.00,174.69
2025-10-07 13:51:56,4111,kworker/15:3-cgroup_destroy,0.00,0.00
2025-10-07 13:51:56,4161,chrome,0.00,268.05
2025-10-07 13:51:56,4229,kworker/3:0-events,0.00,0.00
2025-10-07 13:51:56,4283,kworker/4:2-events,0.00,0.00
2025-10-07 13:51:56,4328,kworker/6:1-events,0.00,0.00
2025-10-07 13:51:56,4358,chrome,0.00,152.70
2025-10-07 13:51:56,4428,chrome,0.00,294.04
2025-10-07 13:51:56,4515,chrome,0.00,322.98
2025-10-07 13:51:56,4557,chrome,0.00,85.26
2025-10-07 13:51:56,4567,kworker/12:1-events,0.00,0.00
2025-10-07 13:51:56,4573,kworker/9:2-mm_percpu_wq,0.00,0.00
2025-10-07 13:51:56,4586,kworker/u64:0-phy0,0.30,0.00
2025-10-07 13:51:56,4645,kworker/3:2-mm_percpu_wq,0.00,0.00
2025-10-07 13:51:56,4774,kworker/8:3-mm_percpu_wq,0.00,0.00
2025-10-07 13:51:56,4917,kworker/u68:7-ttm,0.00,0.00
2025-10-07 13:51:56,4919,kworker/u68:9-ttm,0.00,0.00
2025-10-07 13:51:56,4943,kworker/15:2-mm_percpu_wq,0.00,0.00
2025-10-07 13:51:56,5028,kworker/0:0-events,0.00,0.00
2025-10-07 13:51:56,5074,kworker/u65:5-events_power_efficient,0.00,0.00
2025-10-07 13:51:56,5082,kworker/u65:15-kvfree_rcu_reclaim,0.00,0.00
2025-10-07 13:51:56,5085,kworker/u65:18-kvfree_rcu_reclaim,0.00,0.00
2025-10-07 13:51:56,5088,kworker/2:0-cgwb_release,0.00,0.00
2025-10-07 13:51:56,5110,kworker/u65:27-events_unbound,0.00,0.00
2025-10-07 13:51:56,5114,kworker/u67:2-hci0,0.00,0.00
2025-10-07 13:51:56,5208,kworker/1:3-events,0.00,0.00
2025-10-07 13:51:56,5321,kworker/u68:0-ttm,0.00,0.00
2025-10-07 13:51:56,5463,kworker/10:3-events,0.00,0.00
2025-10-07 13:51:56,5558,kworker/u66:0-events_power_efficient,0.00,0.00
2025-10-07 13:51:56,5559,kworker/u69:0-ttm,0.00,0.00
2025-10-07 13:51:56,5650,kworker/u69:1-ttm,0.00,0.00
2025-10-07 13:51:56,5655,kworker/u66:2-flush-259:0,0.00,0.00
2025-10-07 13:51:56,5687,gjs,0.00,65.67
2025-10-07 13:51:56,5731,kworker/u66:3-iou_exit,0.00,0.00
2025-10-07 13:51:56,5738,kworker/4:3-cgroup_destroy,0.00,0.00
2025-10-07 13:51:56,5741,kworker/u69:2-ttm,0.00,0.00
2025-10-07 13:51:56,5742,kworker/u69:3-ttm,0.00,0.00
2025-10-07 13:51:56,5743,kworker/u69:4-ttm,0.00,0.00
2025-10-07 13:51:56,5744,kworker/u69:5-ttm,0.00,0.00
2025-10-07 13:51:56,5752,kworker/8:2,0.00,0.00
2025-10-07 13:51:56,5755,kworker/u64:2-gfx,0.00,0.00
2025-10-07 13:51:56,5758,kworker/u68:1-ttm,0.00,0.00
2025-10-07 13:51:56,5765,kworker/u68:2-ttm,0.00,0.00
2025-10-07 13:51:56,5766,kworker/u68:3-ttm,0.00,0.00
2025-10-07 13:51:56,5767,kworker/u68:4-ttm,0.00,0.00
2025-10-07 13:51:56,5768,kworker/u68:5-ttm,0.00,0.00
2025-10-07 13:51:56,5769,kworker/u68:6-ttm,0.00,0.00
2025-10-07 13:51:56,5770,kworker/u68:8-ttm,0.00,0.00
2025-10-07 13:51:56,5771,kworker/u68:10-ttm,0.00,0.00
2025-10-07 13:51:56,5772,kworker/u68:11,0.00,0.00
2025-10-07 13:51:56,5773,kworker/u69:6-ttm,0.00,0.00
2025-10-07 13:51:56,5774,kworker/u69:7-ttm,0.00,0.00
2025-10-07 13:51:56,5775,kworker/u69:8-ttm,0.00,0.00
2025-10-07 13:51:56,5776,kworker/u69:9-ttm,0.00,0.00
2025-10-07 13:51:56,5808,Xwayland,0.80,124.49
2025-10-07 13:51:56,5827,gsd-xsettings,0.00,86.07
2025-10-07 13:51:56,5857,ibus-x11,0.00,23.84
2025-10-07 13:51:56,5863,mutter-x11-frames,0.00,90.64
2025-10-07 13:51:56,5943,kworker/u69:10-ttm,0.00,0.00
2025-10-07 13:51:56,5944,kworker/u69:11-ttm,0.00,0.00
2025-10-07 13:51:56,5945,kworker/u69:12-ttm,0.00,0.00
2025-10-07 13:51:56,5946,kworker/u69:13-ttm,0.00,0.00
2025-10-07 13:51:56,5986,kworker/u66:1-kvfree_rcu_reclaim,0.00,0.00
2025-10-07 13:51:56,5987,kworker/u66:4-events_unbound,0.10,0.00
2025-10-07 13:51:56,6214,gnome-terminal-server,0.00,51.39
2025-10-07 13:51:56,6221,bash,0.00,5.60
2025-10-07 13:51:56,6230,kworker/u66:5-flush-259:0,0.10,0.00
2025-10-07 13:51:56,6231,kworker/u66:6-flush-259:0,0.00,0.00
2025-10-07 13:51:56,6232,kworker/u66:7,0.00,0.00
2025-10-07 13:51:56,6233,kworker/u65:0-events_power_efficient,0.00,0.00
2025-10-07 13:51:56,6235,kworker/u69:14-ttm,0.00,0.00
2025-10-07 13:51:56,6236,kworker/u69:15-ttm,0.00,0.00
2025-10-07 13:51:56,6237,kworker/u69:16,0.00,0.00
2025-10-07 13:51:56,6262,kworker/9:0-events,0.00,0.00
2025-10-07 13:51:56,6266,kworker/0:2,0.00,0.00
2025-10-07 13:51:56,6292,code,1.00,244.09
2025-10-07 13:51:56,6295,code,0.00,96.03
2025-10-07 13:51:56,6296,code,0.00,95.51
2025-10-07 13:51:56,6298,code,0.00,19.71
2025-10-07 13:51:56,6317,chrome_crashpad_handler,0.00,3.26
2025-10-07 13:51:56,6336,code,2.10,163.89
2025-10-07 13:51:56,6339,code,0.10,117.41
2025-10-07 13:51:56,6392,code,4.20,309.81
2025-10-07 13:51:56,6409,code,0.90,152.62
2025-10-07 13:51:56,6414,code,1.40,259.88
2025-10-07 13:51:56,6422,code,0.00,156.88
2025-10-07 13:51:56,6431,code,0.10,153.12
2025-10-07 13:51:56,6484,bash,0.00,5.25
2025-10-07 13:51:56,6505,bash,0.00,5.47
2025-10-07 13:51:56,6548,pet,0.00,3.27
2025-10-07 13:51:56,6679,bash,0.00,5.34
2025-10-07 13:51:56,6710,code,0.00,478.93
2025-10-07 13:51:56,6848,kworker/4:0,0.00,0.00
2025-10-07 13:51:56,6850,kworker/u64:1-gfx,0.10,0.00
2025-10-07 13:51:56,6940,python,0.40,71.25
2025-10-07 13:52:06,1,systemd,0.00,13.88
2025-10-07 13:52:06,2,kthreadd,0.00,0.00
2025-10-07 13:52:06,3,pool_workqueue_release,0.00,0.00
2025-10-07 13:52:06,4,kworker/R-rcu_gp,0.00,0.00
2025-10-07 13:52:06,5,kworker/R-sync_wq,0.00,0.00
2025-10-07 13:52:06,6,kworker/R-kvfree_rcu_reclaim,0.00,0.00
2025-10-07 13:52:06,7,kworker/R-slub_flushwq,0.00,0.00
2025-10-07 13:52:06,8,kworker/R-netns,0.00,0.00
2025-10-07 13:52:06,10,kworker/0:1-events,0.00,0.00
2025-10-07 13:52:06,11,kworker/0:0H-events_highpri,0.00,0.00
2025-10-07 13:52:06,13,kworker/R-mm_percpu_wq,0.00,0.00
2025-10-07 13:52:06,14,rcu_tasks_kthread,0.00,0.00
2025-10-07 13:52:06,15,rcu_tasks_rude_kthread,0.00,0.00
2025-10-07 13:52:06,16,rcu_tasks_trace_kthread,0.00,0.00
2025-10-07 13:52:06,17,ksoftirqd/0,0.00,0.00
2025-10-07 13:52:06,18,rcu_preempt,0.20,0.00
2025-10-07 13:52:06,19,rcu_exp_par_gp_kthread_worker/0,0.00,0.00
2025-10-07 13:52:06,20,rcu_exp_gp_kthread_worker,0.00,0.00
2025-10-07 13:52:06,21,migration/0,0.10,0.00
2025-10-07 13:52:06,22,idle_inject/0,0.00,0.00
2025-10-07 13:52:06,23,cpuhp/0,0.00,0.00
2025-10-07 13:52:06,24,cpuhp/2,0.00,0.00
2025-10-07 13:52:06,25,idle_inject/2,0.00,0.00
2025-10-07 13:52:06,26,migration/2,0.00,0.00
2025-10-07 13:52:06,27,ksoftirqd/2,0.00,0.00
2025-10-07 13:52:06,29,kworker/2:0H-events_highpri,0.00,0.00
2025-10-07 13:52:06,30,cpuhp/4,0.00,0.00
2025-10-07 13:52:06,31,idle_inject/4,0.00,0.00
2025-10-07 13:52:06,32,migration/4,0.00,0.00
2025-10-07 13:52:06,33,ksoftirqd/4,0.00,0.00
2025-10-07 13:52:06,35,kworker/4:0H-events_highpri,0.00,0.00
2025-10-07 13:52:06,36,cpuhp/6,0.00,0.00
2025-10-07 13:52:06,37,idle_inject/6,0.00,0.00
2025-10-07 13:52:06,38,migration/6,0.00,0.00
2025-10-07 13:52:06,39,ksoftirqd/6,0.00,0.00
2025-10-07 13:52:06,40,kworker/6:0-events,0.00,0.00
2025-10-07 13:52:06,41,kworker/6:0H-events_highpri,0.00,0.00
2025-10-07 13:52:06,42,cpuhp/8,0.00,0.00
2025-10-07 13:52:06,43,idle_inject/8,0.00,0.00
2025-10-07 13:52:06,44,migration/8,0.00,0.00
2025-10-07 13:52:06,45,ksoftirqd/8,0.00,0.00
2025-10-07 13:52:06,47,kworker/8:0H-events_highpri,0.00,0.00
2025-10-07 13:52:06,48,cpuhp/10,0.00,0.00
2025-10-07 13:52:06,49,idle_inject/10,0.00,0.00
2025-10-07 13:52:06,50,migration/10,0.00,0.00
2025-10-07 13:52:06,51,ksoftirqd/10,0.00,0.00
2025-10-07 13:52:06,53,kworker/10:0H-events_highpri,0.00,0.00
2025-10-07 13:52:06,54,cpuhp/12,0.00,0.00
2025-10-07 13:52:06,55,idle_inject/12,0.00,0.00
2025-10-07 13:52:06,56,migration/12,0.00,0.00
2025-10-07 13:52:06,57,ksoftirqd/12,0.00,0.00
2025-10-07 13:52:06,59,kworker/12:0H-events_highpri,0.00,0.00
2025-10-07 13:52:06,60,cpuhp/14,0.00,0.00
2025-10-07 13:52:06,61,idle_inject/14,0.00,0.00
2025-10-07 13:52:06,62,migration/14,0.00,0.00
2025-10-07 13:52:06,63,ksoftirqd/14,0.00,0.00
2025-10-07 13:52:06,64,kworker/14:0-events,0.00,0.00
2025-10-07 13:52:06,65,kworker/14:0H-events_highpri,0.00,0.00
2025-10-07 13:52:06,66,cpuhp/1,0.00,0.00
2025-10-07 13:52:06,67,idle_inject/1,0.00,0.00
2025-10-07 13:52:06,68,migration/1,0.00,0.00
2025-10-07 13:52:06,69,ksoftirqd/1,0.00,0.00
2025-10-07 13:52:06,71,kworker/1:0H-events_highpri,0.00,0.00
2025-10-07 13:52:06,72,cpuhp/3,0.00,0.00
2025-10-07 13:52:06,73,idle_inject/3,0.00,0.00
2025-10-07 13:52:06,74,migration/3,0.00,0.00
2025-10-07 13:52:06,75,ksoftirqd/3,0.00,0.00
2025-10-07 13:52:06,77,kworker/3:0H-events_highpri,0.00,0.00
2025-10-07 13:52:06,78,cpuhp/5,0.00,0.00
2025-10-07 13:52:06,79,idle_inject/5,0.00,0.00
2025-10-07 13:52:06,80,migration/5,0.00,0.00
2025-10-07 13:52:06,81,ksoftirqd/5,0.00,0.00
2025-10-07 13:52:06,83,kworker/5:0H-events_highpri,0.00,0.00
2025-10-07 13:52:06,84,cpuhp/7,0.00,0.00
2025-10-07 13:52:06,85,idle_inject/7,0.00,0.00
2025-10-07 13:52:06,86,migration/7,0.00,0.00
2025-10-07 13:52:06,87,ksoftirqd/7,0.00,0.00
2025-10-07 13:52:06,89,kworker/7:0H-events_highpri,0.00,0.00
2025-10-07 13:52:06,90,cpuhp/9,0.00,0.00
2025-10-07 13:52:06,91,idle_inject/9,0.00,0.00
2025-10-07 13:52:06,92,migration/9,0.00,0.00
2025-10-07 13:52:06,93,ksoftirqd/9,0.00,0.00
2025-10-07 13:52:06,95,kworker/9:0H-events_highpri,0.00,0.00
2025-10-07 13:52:06,96,cpuhp/11,0.00,0.00
2025-10-07 13:52:06,97,idle_inject/11,0.00,0.00
2025-10-07 13:52:06,98,migration/11,0.00,0.00
2025-10-07 13:52:06,99,ksoftirqd/11,0.00,0.00
2025-10-07 13:52:06,101,kworker/11:0H-events_highpri,0.00,0.00
2025-10-07 13:52:06,102,cpuhp/13,0.00,0.00
2025-10-07 13:52:06,103,idle_inject/13,0.00,0.00
2025-10-07 13:52:06,104,migration/13,0.00,0.00
2025-10-07 13:52:06,105,ksoftirqd/13,0.00,0.00
2025-10-07 13:52:06,107,kworker/13:0H-events_highpri,0.00,0.00
2025-10-07 13:52:06,108,cpuhp/15,0.00,0.00
2025-10-07 13:52:06,109,idle_inject/15,0.00,0.00
2025-10-07 13:52:06,110,migration/15,0.00,0.00
2025-10-07 13:52:06,111,ksoftirqd/15,0.00,0.00
2025-10-07 13:52:06,113,kworker/15:0H-events_highpri,0.00,0.00
2025-10-07 13:52:06,116,kdevtmpfs,0.00,0.00
2025-10-07 13:52:06,117,kworker/R-inet_frag_wq,0.00,0.00
2025-10-07 13:52:06,118,kauditd,0.00,0.00
2025-10-07 13:52:06,119,khungtaskd,0.00,0.00
2025-10-07 13:52:06,120,oom_reaper,0.00,0.00
2025-10-07 13:52:06,123,kworker/R-writeback,0.00,0.00
2025-10-07 13:52:06,124,kcompactd0,0.00,0.00
2025-10-07 13:52:06,125,ksmd,0.00,0.00
2025-10-07 13:52:06,126,khugepaged,0.00,0.00
2025-10-07 13:52:06,127,kworker/R-kintegrityd,0.00,0.00
2025-10-07 13:52:06,128,kworker/R-kblockd,0.00,0.00
2025-10-07 13:52:06,129,kworker/R-blkcg_punt_bio,0.00,0.00
2025-10-07 13:52:06,130,irq/9-acpi,0.00,0.00
2025-10-07 13:52:06,131,kworker/10:1-events,0.00,0.00
2025-10-07 13:52:06,133,kworker/1:1-events,0.00,0.00
2025-10-07 13:52:06,134,kworker/R-tpm_dev_wq,0.00,0.00
2025-10-07 13:52:06,135,kworker/R-ata_sff,0.00,0.00
2025-10-07 13:52:06,137,kworker/R-md,0.00,0.00
2025-10-07 13:52:06,138,kworker/R-md_bitmap,0.00,0.00
2025-10-07 13:52:06,139,kworker/R-edac-poller,0.00,0.00
2025-10-07 13:52:06,141,kworker/R-devfreq_wq,0.00,0.00
2025-10-07 13:52:06,142,watchdogd,0.00,0.00
2025-10-07 13:52:06,143,kworker/8:1H-kblockd,0.00,0.00
2025-10-07 13:52:06,145,irq/25-AMD-Vi0-Evt,0.00,0.00
2025-10-07 13:52:06,146,irq/26-AMD-Vi0-PPR,0.00,0.00
2025-10-07 13:52:06,147,irq/27-AMD-Vi0-GA,0.00,0.00
2025-10-07 13:52:06,148,kswapd0,0.00,0.00
2025-10-07 13:52:06,149,ecryptfs-kthread,0.00,0.00
2025-10-07 13:52:06,150,kworker/R-kthrotld,0.00,0.00
2025-10-07 13:52:06,151,kworker/u67:0-hci0,0.00,0.00
2025-10-07 13:52:06,152,kworker/R-acpi_thermal_pm,0.00,0.00
2025-10-07 13:52:06,154,kworker/2:1-mm_percpu_wq,0.00,0.00
2025-10-07 13:52:06,155,kworker/R-mld,0.00,0.00
2025-10-07 13:52:06,156,kworker/R-ipv6_addrconf,0.00,0.00
2025-10-07 13:52:06,157,kworker/2:1H-kblockd,0.00,0.00
2025-10-07 13:52:06,164,kworker/R-kstrp,0.00,0.00
2025-10-07 13:52:06,167,kworker/7:1-mm_percpu_wq,0.00,0.00
2025-10-07 13:52:06,168,kworker/9:1-events,0.00,0.00
2025-10-07 13:52:06,169,kworker/13:1-mm_percpu_wq,0.00,0.00
2025-10-07 13:52:06,170,kworker/5:1-events,0.00,0.00
2025-10-07 13:52:06,171,kworker/11:1-events,0.00,0.00
2025-10-07 13:52:06,189,kworker/R-charger_manager,0.00,0.00
2025-10-07 13:52:06,190,kworker/0:1H-kblockd,0.00,0.00
2025-10-07 13:52:06,217,kworker/4:1H-kblockd,0.00,0.00
2025-10-07 13:52:06,221,kworker/12:1H-kblockd,0.00,0.00
2025-10-07 13:52:06,239,kworker/6:1H-kblockd,0.00,0.00
2025-10-07 13:52:06,257,kworker/1:1H-kblockd,0.00,0.00
2025-10-07 13:52:06,258,kworker/10:1H-kblockd,0.00,0.00
2025-10-07 13:52:06,259,kworker/13:1H-kblockd,0.00,0.00
2025-10-07 13:52:06,260,kworker/3:1H-kblockd,0.00,0.00
2025-10-07 13:52:06,261,kworker/9:1H-kblockd,0.00,0.00
2025-10-07 13:52:06,262,kworker/15:1H-kblockd,0.00,0.00
2025-10-07 13:52:06,263,kworker/5:1H-kblockd,0.00,0.00
2025-10-07 13:52:06,264,kworker/14:1H-kblockd,0.00,0.00
2025-10-07 13:52:06,265,kworker/7:1H-kblockd,0.00,0.00
2025-10-07 13:52:06,268,kworker/11:1H-kblockd,0.00,0.00
2025-10-07 13:52:06,308,irq/50-PNP0C50:0b,0.20,0.00
2025-10-07 13:52:06,314,kworker/R-nvme-wq,0.00,0.00
2025-10-07 13:52:06,315,kworker/R-nvme-reset-wq,0.00,0.00
2025-10-07 13:52:06,316,kworker/R-nvme-delete-wq,0.00,0.00
2025-10-07 13:52:06,317,kworker/R-nvme-auth-wq,0.00,0.00
2025-10-07 13:52:06,319,kworker/13:2-events,0.00,0.00
2025-10-07 13:52:06,373,jbd2/nvme0n1p2-8,0.00,0.00
2025-10-07 13:52:06,374,kworker/R-ext4-rsv-conversion,0.00,0.00
2025-10-07 13:52:06,425,systemd-journald,0.00,18.52
2025-10-07 13:52:06,461,systemd-udevd,0.00,8.51
2025-10-07 13:52:06,512,psimon,0.00,0.00
2025-10-07 13:52:06,588,kworker/12:2-mm_percpu_wq,0.00,0.00
2025-10-07 13:52:06,647,kworker/R-cfg80211,0.00,0.00
2025-10-07 13:52:06,648,kworker/R-cryptd,0.00,0.00
2025-10-07 13:52:06,697,irq/69-rtw89_pci,0.30,0.00
2025-10-07 13:52:06,710,kworker/R-amdgpu-reset-dev,0.00,0.00
2025-10-07 13:52:06,807,kworker/R-ttm,0.00,0.00
2025-10-07 13:52:06,847,systemd-oomd,0.00,7.46
2025-10-07 13:52:06,848,systemd-resolved,0.00,13.04
2025-10-07 13:52:06,849,systemd-timesyncd,0.00,7.68
2025-10-07 13:52:06,894,avahi-daemon,0.10,5.22
2025-10-07 13:52:06,895,bluetoothd,0.00,6.47
2025-10-07 13:52:06,896,dbus-daemon,0.00,7.33
2025-10-07 13:52:06,899,gnome-remote-desktop-daemon,0.00,16.39
2025-10-07 13:52:06,902,polkitd,0.00,12.21
2025-10-07 13:52:06,905,power-profiles-daemon,0.00,7.56
2025-10-07 13:52:06,914,snapd,0.00,39.73
2025-10-07 13:52:06,917,accounts-daemon,0.00,7.99
2025-10-07 13:52:06,920,cron,0.00,2.79
2025-10-07 13:52:06,923,switcheroo-control,0.00,6.84
2025-10-07 13:52:06,926,systemd-logind,0.00,9.04
2025-10-07 13:52:06,928,udisksd,0.00,13.92
2025-10-07 13:52:06,949,avahi-daemon,0.00,1.51
2025-10-07 13:52:06,951,NetworkManager,0.00,19.79
2025-10-07 13:52:06,959,wpa_supplicant,0.00,12.00
2025-10-07 13:52:06,977,kworker/11:2-events,0.00,0.00
2025-10-07 13:52:06,1009,rsyslogd,0.00,5.94
2025-10-07 13:52:06,1066,ModemManager,0.00,12.69
2025-10-07 13:52:06,1150,kworker/R-amdgpu_dm_hpd_rx_offload_wq,0.00,0.00
2025-10-07 13:52:06,1151,kworker/R-amdgpu_dm_hpd_rx_offload_wq,0.00,0.00
2025-10-07 13:52:06,1152,kworker/R-amdgpu_dm_hpd_rx_offload_wq,0.00,0.00
2025-10-07 13:52:06,1153,kworker/R-dm_vblank_control_workqueue,0.00,0.00
2025-10-07 13:52:06,1156,card1-crtc0,0.00,0.00
2025-10-07 13:52:06,1157,card1-crtc1,0.00,0.00
2025-10-07 13:52:06,1158,card1-crtc2,0.00,0.00
2025-10-07 13:52:06,1159,card1-crtc3,0.00,0.00
2025-10-07 13:52:06,1160,kworker/R-gfx,0.00,0.00
2025-10-07 13:52:06,1161,kworker/R-comp_1.0.0,0.00,0.00
2025-10-07 13:52:06,1162,kworker/R-comp_1.1.0,0.00,0.00
2025-10-07 13:52:06,1163,kworker/R-comp_1.2.0,0.00,0.00
2025-10-07 13:52:06,1164,kworker/R-comp_1.3.0,0.00,0.00
2025-10-07 13:52:06,1165,kworker/R-comp_1.0.1,0.00,0.00
2025-10-07 13:52:06,1166,kworker/R-comp_1.1.1,0.00,0.00
2025-10-07 13:52:06,1167,kworker/R-comp_1.2.1,0.00,0.00
2025-10-07 13:52:06,1168,kworker/R-comp_1.3.1,0.00,0.00
2025-10-07 13:52:06,1169,kworker/R-sdma0,0.00,0.00
2025-10-07 13:52:06,1170,kworker/R-vcn_dec,0.00,0.00
2025-10-07 13:52:06,1171,kworker/R-vcn_enc0,0.00,0.00
2025-10-07 13:52:06,1172,kworker/R-vcn_enc1,0.00,0.00
2025-10-07 13:52:06,1173,kworker/R-jpeg_dec,0.00,0.00
2025-10-07 13:52:06,1345,cupsd,0.00,11.75
2025-10-07 13:52:06,1353,unattended-upgr,0.00,22.52
2025-10-07 13:52:06,1368,dbus,0.00,6.74
2025-10-07 13:52:06,1376,gdm3,0.00,9.23
2025-10-07 13:52:06,1385,mysqld,1.10,389.47
2025-10-07 13:52:06,1392,psimon,0.00,0.00
2025-10-07 13:52:06,1399,kworker/14:3-events,0.00,0.00
2025-10-07 13:52:06,1494,rtkit-daemon,0.00,3.44
2025-10-07 13:52:06,1558,kworker/7:2-mm_percpu_wq,0.00,0.00
2025-10-07 13:52:06,1589,krfcommd,0.00,0.00
2025-10-07 13:52:06,1687,colord,0.00,14.56
2025-10-07 13:52:06,1799,upowerd,0.00,9.72
2025-10-07 13:52:06,2127,cups-browsed,0.00,19.58
2025-10-07 13:52:06,2129,kerneloops,0.00,2.31
2025-10-07 13:52:06,2132,kerneloops,0.00,2.29
2025-10-07 13:52:06,2152,gdm-session-worker,0.00,10.95
2025-10-07 13:52:06,2169,systemd,0.00,12.61
2025-10-07 13:52:06,2172,(sd-pam),0.00,3.57
2025-10-07 13:52:06,2184,pipewire,0.00,15.76
2025-10-07 13:52:06,2185,pipewire,0.00,5.67
2025-10-07 13:52:06,2188,wireplumber,0.00,18.71
2025-10-07 13:52:06,2190,pipewire-pulse,0.00,18.13
2025-10-07 13:52:06,2192,gnome-keyring-daemon,0.00,10.11
2025-10-07 13:52:06,2202,dbus-daemon,0.00,6.56
2025-10-07 13:52:06,2256,xdg-document-portal,0.00,7.48
2025-10-07 13:52:06,2260,xdg-permission-store,0.00,6.12
2025-10-07 13:52:06,2267,fusermount3,0.00,2.01
2025-10-07 13:52:06,2289,gdm-wayland-session,0.00,6.18
2025-10-07 13:52:06,2299,gnome-session-binary,0.00,16.20
2025-10-07 13:52:06,2376,gcr-ssh-agent,0.00,6.93
2025-10-07 13:52:06,2377,gnome-session-ctl,0.00,5.66
2025-10-07 13:52:06,2392,gvfsd,0.00,8.07
2025-10-07 13:52:06,2400,gvfsd-fuse,0.00,6.92
2025-10-07 13:52:06,2403,gnome-session-binary,0.00,18.07
2025-10-07 13:52:06,2438,gnome-shell,4.20,334.16
2025-10-07 13:52:06,2440,at-spi-bus-launcher,0.00,7.79
2025-10-07 13:52:06,2451,dbus-daemon,0.00,5.12
2025-10-07 13:52:06,2530,at-spi2-registryd,0.00,7.67
2025-10-07 13:52:06,2555,gnome-shell-calendar-server,0.00,17.62
2025-10-07 13:52:06,2563,evolution-source-registry,0.00,87.43
2025-10-07 13:52:06,2564,dconf-service,0.00,6.10
2025-10-07 13:52:06,2577,gjs,0.00,26.86
2025-10-07 13:52:06,2579,ibus-daemon,0.10,12.14
2025-10-07 13:52:06,2581,gsd-a11y-settings,0.00,6.63
2025-10-07 13:52:06,2585,gsd-color,0.00,19.95
2025-10-07 13:52:06,2586,gsd-datetime,0.00,12.00
2025-10-07 13:52:06,2599,gsd-housekeeping,0.00,7.98
2025-10-07 13:52:06,2601,gsd-keyboard,0.00,19.13
2025-10-07 13:52:06,2602,gsd-media-keys,0.00,24.63
2025-10-07 13:52:06,2607,gsd-power,0.00,25.85
2025-10-07 13:52:06,2611,gsd-print-notifications,0.00,11.48
2025-10-07 13:52:06,2616,gsd-rfkill,0.00,6.77
2025-10-07 13:52:06,2626,gsd-screensaver-proxy,0.00,6.18
2025-10-07 13:52:06,2629,gsd-sharing,0.00,11.77
2025-10-07 13:52:06,2631,gsd-smartcard,0.00,8.14
2025-10-07 13:52:06,2637,gsd-sound,0.00,9.76
2025-10-07 13:52:06,2646,gsd-wacom,0.00,20.26
2025-10-07 13:52:06,2680,gsd-disk-utility-notify,0.00,7.33
2025-10-07 13:52:06,2716,gvfs-udisks2-volume-monitor,0.00,10.33
2025-10-07 13:52:06,2719,evolution-alarm-notify,0.00,107.36
2025-10-07 13:52:06,2724,ibus-memconf,0.00,7.09
2025-10-07 13:52:06,2726,ibus-extension-gtk3,0.10,28.90
2025-10-07 13:52:06,2738,ibus-portal,0.00,7.17
2025-10-07 13:52:06,2815,goa-daemon,0.00,23.61
2025-10-07 13:52:06,2819,gvfs-goa-volume-monitor,0.00,6.50
2025-10-07 13:52:06,2837,goa-identity-service,0.00,9.13
2025-10-07 13:52:06,2843,evolution-calendar-factory,0.00,24.12
2025-10-07 13:52:06,2844,gsd-printer,0.00,14.89
2025-10-07 13:52:06,2857,gvfs-mtp-volume-monitor,0.00,6.70
2025-10-07 13:52:06,2870,gvfs-gphoto2-volume-monitor,0.00,7.00
2025-10-07 13:52:06,2877,gvfs-afc-volume-monitor,0.00,7.73
2025-10-07 13:52:06,2887,evolution-addressbook-factory,0.00,29.40
2025-10-07 13:52:06,2914,ibus-engine-simple,0.00,7.47
2025-10-07 13:52:06,2941,gvfsd-trash,0.00,9.15
2025-10-07 13:52:06,2966,tracker-miner-fs-3,0.00,28.61
2025-10-07 13:52:06,2969,xdg-desktop-portal,0.00,14.50
2025-10-07 13:52:06,2978,xdg-desktop-portal-gnome,0.00,86.33
2025-10-07 13:52:06,3001,gjs,0.00,26.85
2025-10-07 13:52:06,3027,xdg-desktop-portal-gtk,0.00,25.89
2025-10-07 13:52:06,3100,gvfsd-metadata,0.00,6.52
2025-10-07 13:52:06,3113,snapd-desktop-integration,0.00,11.69
2025-10-07 13:52:06,3179,snapd-desktop-integration,0.00,30.21
2025-10-07 13:52:06,3211,chrome,0.10,425.15
2025-10-07 13:52:06,3217,cat,0.00,1.85
2025-10-07 13:52:06,3218,cat,0.00,1.85
2025-10-07 13:52:06,3220,chrome_crashpad_handler,0.00,4.09
2025-10-07 13:52:06,3222,chrome_crashpad_handler,0.00,3.32
2025-10-07 13:52:06,3228,chrome,0.00,108.12
2025-10-07 13:52:06,3229,chrome,0.00,109.58
2025-10-07 13:52:06,3231,chrome,0.00,25.02
2025-10-07 13:52:06,3273,chrome,0.10,281.52
2025-10-07 13:52:06,3276,chrome,0.00,187.00
2025-10-07 13:52:06,3286,chrome,0.00,66.57
2025-10-07 13:52:06,3362,chrome,0.00,134.95
2025-10-07 13:52:06,3446,chrome,0.00,189.97
2025-10-07 13:52:06,3576,update-notifier,0.00,32.60
2025-10-07 13:52:06,3739,chrome,0.00,169.65
2025-10-07 13:52:06,3747,chrome,0.00,185.59
2025-10-07 13:52:06,3826,kworker/5:0-events,0.00,0.00
2025-10-07 13:52:06,3878,chrome,0.00,559.95
2025-10-07 13:52:06,3973,chrome,0.00,155.57
2025-10-07 13:52:06,3984,chrome,0.00,174.69
2025-10-07 13:52:06,4111,kworker/15:3-cgroup_destroy,0.00,0.00
2025-10-07 13:52:06,4161,chrome,0.00,268.05
2025-10-07 13:52:06,4229,kworker/3:0-events,0.00,0.00
2025-10-07 13:52:06,4283,kworker/4:2-events,0.00,0.00
2025-10-07 13:52:06,4328,kworker/6:1-events,0.00,0.00
2025-10-07 13:52:06,4358,chrome,0.00,152.70
2025-10-07 13:52:06,4428,chrome,0.00,294.04
2025-10-07 13:52:06,4515,chrome,0.00,322.98
2025-10-07 13:52:06,4557,chrome,0.00,85.26
2025-10-07 13:52:06,4567,kworker/12:1-events,0.00,0.00
2025-10-07 13:52:06,4573,kworker/9:2-events,0.00,0.00
2025-10-07 13:52:06,4586,kworker/u64:0-phy0,0.50,0.00
2025-10-07 13:52:06,4645,kworker/3:2-mm_percpu_wq,0.00,0.00
2025-10-07 13:52:06,4774,kworker/8:3-events,0.00,0.00
2025-10-07 13:52:06,4917,kworker/u68:7-ttm,0.00,0.00
2025-10-07 13:52:06,4919,kworker/u68:9-ttm,0.00,0.00
2025-10-07 13:52:06,4943,kworker/15:2-mm_percpu_wq,0.00,0.00
2025-10-07 13:52:06,5028,kworker/0:0-events,0.00,0.00
2025-10-07 13:52:06,5074,kworker/u65:5-events_unbound,0.00,0.00
2025-10-07 13:52:06,5082,kworker/u65:15-kvfree_rcu_reclaim,0.00,0.00
2025-10-07 13:52:06,5085,kworker/u65:18-events_power_efficient,0.00,0.00
2025-10-07 13:52:06,5088,kworker/2:0-cgwb_release,0.00,0.00
2025-10-07 13:52:06,5110,kworker/u65:27-kvfree_rcu_reclaim,0.00,0.00
2025-10-07 13:52:06,5114,kworker/u67:2-hci0,0.00,0.00
2025-10-07 13:52:06,5208,kworker/1:3-events,0.00,0.00
2025-10-07 13:52:06,5321,kworker/u68:0-ttm,0.00,0.00
2025-10-07 13:52:06,5463,kworker/10:3-events,0.00,0.00
2025-10-07 13:52:06,5558,kworker/u66:0-flush-259:0,0.10,0.00
2025-10-07 13:52:06,5559,kworker/u69:0-ttm,0.00,0.00
2025-10-07 13:52:06,5650,kworker/u69:1-ttm,0.00,0.00
2025-10-07 13:52:06,5655,kworker/u66:2-flush-259:0,0.00,0.00
2025-10-07 13:52:06,5687,gjs,0.00,65.67
2025-10-07 13:52:06,5731,kworker/u66:3-iou_exit,0.00,0.00
2025-10-07 13:52:06,5738,kworker/4:3-cgroup_destroy,0.00,0.00
2025-10-07 13:52:06,5741,kworker/u69:2-ttm,0.00,0.00
2025-10-07 13:52:06,5742,kworker/u69:3-ttm,0.00,0.00
2025-10-07 13:52:06,5743,kworker/u69:4-ttm,0.00,0.00
2025-10-07 13:52:06,5744,kworker/u69:5-rtw89_tx_wq,0.00,0.00
2025-10-07 13:52:06,5752,kworker/8:2,0.00,0.00
2025-10-07 13:52:06,5755,kworker/u64:2-gfx,0.00,0.00
2025-10-07 13:52:06,5758,kworker/u68:1-ttm,0.00,0.00
2025-10-07 13:52:06,5765,kworker/u68:2-ttm,0.00,0.00
2025-10-07 13:52:06,5766,kworker/u68:3-ttm,0.00,0.00
2025-10-07 13:52:06,5767,kworker/u68:4-rtw89_tx_wq,0.00,0.00
2025-10-07 13:52:06,5768,kworker/u68:5-ttm,0.00,0.00
2025-10-07 13:52:06,5769,kworker/u68:6-ttm,0.00,0.00
2025-10-07 13:52:06,5770,kworker/u68:8-ttm,0.00,0.00
2025-10-07 13:52:06,5771,kworker/u68:10-ttm,0.00,0.00
2025-10-07 13:52:06,5772,kworker/u68:11,0.00,0.00
2025-10-07 13:52:06,5773,kworker/u69:6-ttm,0.00,0.00
2025-10-07 13:52:06,5774,kworker/u69:7-ttm,0.00,0.00
2025-10-07 13:52:06,5775,kworker/u69:8-ttm,0.00,0.00
2025-10-07 13:52:06,5776,kworker/u69:9-ttm,0.00,0.00
2025-10-07 13:52:06,5808,Xwayland,1.70,124.49
2025-10-07 13:52:06,5827,gsd-xsettings,0.00,86.07
2025-10-07 13:52:06,5857,ibus-x11,0.00,23.84
2025-10-07 13:52:06,5863,mutter-x11-frames,0.20,90.64
2025-10-07 13:52:06,5943,kworker/u69:10-ttm,0.00,0.00
2025-10-07 13:52:06,5944,kworker/u69:11-ttm,0.00,0.00
2025-10-07 13:52:06,5945,kworker/u69:12-ttm,0.00,0.00
2025-10-07 13:52:06,5946,kworker/u69:13-ttm,0.00,0.00
2025-10-07 13:52:06,5986,kworker/u66:1-kvfree_rcu_reclaim,0.00,0.00
2025-10-07 13:52:06,5987,kworker/u66:4-kvfree_rcu_reclaim,0.20,0.00
2025-10-07 13:52:06,6214,gnome-terminal-server,0.00,51.39
2025-10-07 13:52:06,6221,bash,0.00,5.60
2025-10-07 13:52:06,6230,kworker/u66:5-kvfree_rcu_reclaim,0.00,0.00
2025-10-07 13:52:06,6231,kworker/u66:6-flush-259:0,0.00,0.00
2025-10-07 13:52:06,6232,kworker/u66:7,0.00,0.00
2025-10-07 13:52:06,6233,kworker/u65:0-events_power_efficient,0.00,0.00
2025-10-07 13:52:06,6235,kworker/u69:14-ttm,0.00,0.00
2025-10-07 13:52:06,6236,kworker/u69:15-ttm,0.00,0.00
2025-10-07 13:52:06,6237,kworker/u69:16,0.00,0.00
2025-10-07 13:52:06,6262,kworker/9:0-events,0.00,0.00
2025-10-07 13:52:06,6266,kworker/0:2,0.00,0.00
2025-10-07 13:52:06,6292,code,1.10,243.49
2025-10-07 13:52:06,6295,code,0.00,96.03
2025-10-07 13:52:06,6296,code,0.00,95.51
2025-10-07 13:52:06,6298,code,0.00,19.71
2025-10-07 13:52:06,6317,chrome_crashpad_handler,0.00,3.26
2025-10-07 13:52:06,6336,code,3.80,163.96
2025-10-07 13:52:06,6339,code,0.00,117.54
2025-10-07 13:52:06,6392,code,14.90,310.48
2025-10-07 13:52:06,6409,code,0.40,152.62
2025-10-07 13:52:06,6414,code,1.80,259.18
2025-10-07 13:52:06,6422,code,0.10,156.88
2025-10-07 13:52:06,6431,code,0.20,153.10
2025-10-07 13:52:06,6484,bash,0.00,5.25
2025-10-07 13:52:06,6505,bash,0.00,5.47
2025-10-07 13:52:06,6548,pet,0.00,3.27
2025-10-07 13:52:06,6679,bash,0.00,5.34
2025-10-07 13:52:06,6710,code,0.00,478.93
2025-10-07 13:52:06,6848,kworker/4:0,0.00,0.00
2025-10-07 13:52:06,6850,kworker/u64:1-sdma0,0.10,0.00
2025-10-07 13:52:06,6940,python,0.30,71.38
2025-10-07 13:52:17,1,systemd,0.00,13.88
2025-10-07 13:52:17,2,kthreadd,0.00,0.00
2025-10-07 13:52:17,3,pool_workqueue_release,0.00,0.00
2025-10-07 13:52:17,4,kworker/R-rcu_gp,0.00,0.00
2025-10-07 13:52:17,5,kworker/R-sync_wq,0.00,0.00
2025-10-07 13:52:17,6,kworker/R-kvfree_rcu_reclaim,0.00,0.00
2025-10-07 13:52:17,7,kworker/R-slub_flushwq,0.00,0.00
2025-10-07 13:52:17,8,kworker/R-netns,0.00,0.00
2025-10-07 13:52:17,10,kworker/0:1-events,0.00,0.00
2025-10-07 13:52:17,11,kworker/0:0H-events_highpri,0.00,0.00
2025-10-07 13:52:17,13,kworker/R-mm_percpu_wq,0.00,0.00
2025-10-07 13:52:17,14,rcu_tasks_kthread,0.00,0.00
2025-10-07 13:52:17,15,rcu_tasks_rude_kthread,0.00,0.00
2025-10-07 13:52:17,16,rcu_tasks_trace_kthread,0.00,0.00
2025-10-07 13:52:17,17,ksoftirqd/0,0.00,0.00
2025-10-07 13:52:17,18,rcu_preempt,0.00,0.00
2025-10-07 13:52:17,19,rcu_exp_par_gp_kthread_worker/0,0.00,0.00
2025-10-07 13:52:17,20,rcu_exp_gp_kthread_worker,0.00,0.00
2025-10-07 13:52:17,21,migration/0,0.00,0.00
2025-10-07 13:52:17,22,idle_inject/0,0.00,0.00
2025-10-07 13:52:17,23,cpuhp/0,0.00,0.00
2025-10-07 13:52:17,24,cpuhp/2,0.00,0.00
2025-10-07 13:52:17,25,idle_inject/2,0.00,0.00
2025-10-07 13:52:17,26,migration/2,0.00,0.00
2025-10-07 13:52:17,27,ksoftirqd/2,0.00,0.00
2025-10-07 13:52:17,29,kworker/2:0H-events_highpri,0.00,0.00
2025-10-07 13:52:17,30,cpuhp/4,0.00,0.00
2025-10-07 13:52:17,31,idle_inject/4,0.00,0.00
2025-10-07 13:52:17,32,migration/4,0.00,0.00
2025-10-07 13:52:17,33,ksoftirqd/4,0.00,0.00
2025-10-07 13:52:17,35,kworker/4:0H-events_highpri,0.00,0.00
2025-10-07 13:52:17,36,cpuhp/6,0.00,0.00
2025-10-07 13:52:17,37,idle_inject/6,0.00,0.00
2025-10-07 13:52:17,38,migration/6,0.00,0.00
2025-10-07 13:52:17,39,ksoftirqd/6,0.00,0.00
2025-10-07 13:52:17,40,kworker/6:0-events,0.00,0.00
2025-10-07 13:52:17,41,kworker/6:0H-events_highpri,0.00,0.00
2025-10-07 13:52:17,42,cpuhp/8,0.00,0.00
2025-10-07 13:52:17,43,idle_inject/8,0.00,0.00
2025-10-07 13:52:17,44,migration/8,0.00,0.00
2025-10-07 13:52:17,45,ksoftirqd/8,0.00,0.00
2025-10-07 13:52:17,47,kworker/8:0H-events_highpri,0.00,0.00
2025-10-07 13:52:17,48,cpuhp/10,0.00,0.00
2025-10-07 13:52:17,49,idle_inject/10,0.00,0.00
2025-10-07 13:52:17,50,migration/10,0.00,0.00
2025-10-07 13:52:17,51,ksoftirqd/10,0.00,0.00
2025-10-07 13:52:17,53,kworker/10:0H-events_highpri,0.00,0.00
2025-10-07 13:52:17,54,cpuhp/12,0.00,0.00
2025-10-07 13:52:17,55,idle_inject/12,0.00,0.00
2025-10-07 13:52:17,56,migration/12,0.00,0.00
2025-10-07 13:52:17,57,ksoftirqd/12,0.00,0.00
2025-10-07 13:52:17,59,kworker/12:0H-events_highpri,0.00,0.00
2025-10-07 13:52:17,60,cpuhp/14,0.00,0.00
2025-10-07 13:52:17,61,idle_inject/14,0.00,0.00
2025-10-07 13:52:17,62,migration/14,0.00,0.00
2025-10-07 13:52:17,63,ksoftirqd/14,0.00,0.00
2025-10-07 13:52:17,64,kworker/14:0-mm_percpu_wq,0.00,0.00
2025-10-07 13:52:17,65,kworker/14:0H-events_highpri,0.00,0.00
2025-10-07 13:52:17,66,cpuhp/1,0.00,0.00
2025-10-07 13:52:17,67,idle_inject/1,0.00,0.00
2025-10-07 13:52:17,68,migration/1,0.00,0.00
2025-10-07 13:52:17,69,ksoftirqd/1,0.00,0.00
2025-10-07 13:52:17,71,kworker/1:0H-events_highpri,0.00,0.00
2025-10-07 13:52:17,72,cpuhp/3,0.00,0.00
2025-10-07 13:52:17,73,idle_inject/3,0.00,0.00
2025-10-07 13:52:17,74,migration/3,0.00,0.00
2025-10-07 13:52:17,75,ksoftirqd/3,0.00,0.00
2025-10-07 13:52:17,77,kworker/3:0H-events_highpri,0.00,0.00
2025-10-07 13:52:17,78,cpuhp/5,0.00,0.00
2025-10-07 13:52:17,79,idle_inject/5,0.00,0.00
2025-10-07 13:52:17,80,migration/5,0.00,0.00
2025-10-07 13:52:17,81,ksoftirqd/5,0.00,0.00
2025-10-07 13:52:17,83,kworker/5:0H-events_highpri,0.00,0.00
2025-10-07 13:52:17,84,cpuhp/7,0.00,0.00
2025-10-07 13:52:17,85,idle_inject/7,0.00,0.00
2025-10-07 13:52:17,86,migration/7,0.00,0.00
2025-10-07 13:52:17,87,ksoftirqd/7,0.00,0.00
2025-10-07 13:52:17,89,kworker/7:0H-events_highpri,0.00,0.00
2025-10-07 13:52:17,90,cpuhp/9,0.00,0.00
2025-10-07 13:52:17,91,idle_inject/9,0.00,0.00
2025-10-07 13:52:17,92,migration/9,0.00,0.00
2025-10-07 13:52:17,93,ksoftirqd/9,0.00,0.00
2025-10-07 13:52:17,95,kworker/9:0H-events_highpri,0.00,0.00
2025-10-07 13:52:17,96,cpuhp/11,0.00,0.00
2025-10-07 13:52:17,97,idle_inject/11,0.00,0.00
2025-10-07 13:52:17,98,migration/11,0.00,0.00
2025-10-07 13:52:17,99,ksoftirqd/11,0.00,0.00
2025-10-07 13:52:17,101,kworker/11:0H-events_highpri,0.00,0.00
2025-10-07 13:52:17,102,cpuhp/13,0.00,0.00
2025-10-07 13:52:17,103,idle_inject/13,0.00,0.00
2025-10-07 13:52:17,104,migration/13,0.00,0.00
2025-10-07 13:52:17,105,ksoftirqd/13,0.00,0.00
2025-10-07 13:52:17,107,kworker/13:0H-events_highpri,0.00,0.00
2025-10-07 13:52:17,108,cpuhp/15,0.00,0.00
2025-10-07 13:52:17,109,idle_inject/15,0.00,0.00
2025-10-07 13:52:17,110,migration/15,0.00,0.00
2025-10-07 13:52:17,111,ksoftirqd/15,0.00,0.00
2025-10-07 13:52:17,113,kworker/15:0H-events_highpri,0.00,0.00
2025-10-07 13:52:17,116,kdevtmpfs,0.00,0.00
2025-10-07 13:52:17,117,kworker/R-inet_frag_wq,0.00,0.00
2025-10-07 13:52:17,118,kauditd,0.00,0.00
2025-10-07 13:52:17,119,khungtaskd,0.00,0.00
2025-10-07 13:52:17,120,oom_reaper,0.00,0.00
2025-10-07 13:52:17,123,kworker/R-writeback,0.00,0.00
2025-10-07 13:52:17,124,kcompactd0,0.00,0.00
2025-10-07 13:52:17,125,ksmd,0.00,0.00
2025-10-07 13:52:17,126,khugepaged,0.00,0.00
2025-10-07 13:52:17,127,kworker/R-kintegrityd,0.00,0.00
2025-10-07 13:52:17,128,kworker/R-kblockd,0.00,0.00
2025-10-07 13:52:17,129,kworker/R-blkcg_punt_bio,0.00,0.00
2025-10-07 13:52:17,130,irq/9-acpi,0.00,0.00
2025-10-07 13:52:17,131,kworker/10:1-events,0.00,0.00
2025-10-07 13:52:17,133,kworker/1:1-mm_percpu_wq,0.00,0.00
2025-10-07 13:52:17,134,kworker/R-tpm_dev_wq,0.00,0.00
2025-10-07 13:52:17,135,kworker/R-ata_sff,0.00,0.00
2025-10-07 13:52:17,137,kworker/R-md,0.00,0.00
2025-10-07 13:52:17,138,kworker/R-md_bitmap,0.00,0.00
2025-10-07 13:52:17,139,kworker/R-edac-poller,0.00,0.00
2025-10-07 13:52:17,141,kworker/R-devfreq_wq,0.00,0.00
2025-10-07 13:52:17,142,watchdogd,0.00,0.00
2025-10-07 13:52:17,143,kworker/8:1H-kblockd,0.00,0.00
2025-10-07 13:52:17,145,irq/25-AMD-Vi0-Evt,0.00,0.00
2025-10-07 13:52:17,146,irq/26-AMD-Vi0-PPR,0.00,0.00
2025-10-07 13:52:17,147,irq/27-AMD-Vi0-GA,0.00,0.00
2025-10-07 13:52:17,148,kswapd0,0.00,0.00
2025-10-07 13:52:17,149,ecryptfs-kthread,0.00,0.00
2025-10-07 13:52:17,150,kworker/R-kthrotld,0.00,0.00
2025-10-07 13:52:17,151,kworker/u67:0-hci0,0.00,0.00
2025-10-07 13:52:17,152,kworker/R-acpi_thermal_pm,0.00,0.00
2025-10-07 13:52:17,154,kworker/2:1-mm_percpu_wq,0.00,0.00
2025-10-07 13:52:17,155,kworker/R-mld,0.00,0.00
2025-10-07 13:52:17,156,kworker/R-ipv6_addrconf,0.00,0.00
2025-10-07 13:52:17,157,kworker/2:1H-kblockd,0.00,0.00
2025-10-07 13:52:17,164,kworker/R-kstrp,0.00,0.00
2025-10-07 13:52:17,167,kworker/7:1-mm_percpu_wq,0.00,0.00
2025-10-07 13:52:17,168,kworker/9:1-events,0.00,0.00
2025-10-07 13:52:17,169,kworker/13:1-mm_percpu_wq,0.00,0.00
2025-10-07 13:52:17,170,kworker/5:1-events,0.00,0.00
2025-10-07 13:52:17,171,kworker/11:1-events,0.00,0.00
2025-10-07 13:52:17,189,kworker/R-charger_manager,0.00,0.00
2025-10-07 13:52:17,190,kworker/0:1H-kblockd,0.00,0.00
2025-10-07 13:52:17,217,kworker/4:1H-kblockd,0.00,0.00
2025-10-07 13:52:17,221,kworker/12:1H-kblockd,0.00,0.00
2025-10-07 13:52:17,239,kworker/6:1H-kblockd,0.00,0.00
2025-10-07 13:52:17,257,kworker/1:1H-kblockd,0.00,0.00
2025-10-07 13:52:17,258,kworker/10:1H-kblockd,0.00,0.00
2025-10-07 13:52:17,259,kworker/13:1H-kblockd,0.00,0.00
2025-10-07 13:52:17,260,kworker/3:1H-kblockd,0.00,0.00
2025-10-07 13:52:17,261,kworker/9:1H-kblockd,0.00,0.00
2025-10-07 13:52:17,262,kworker/15:1H-kblockd,0.00,0.00
2025-10-07 13:52:17,263,kworker/5:1H-kblockd,0.00,0.00
2025-10-07 13:52:17,264,kworker/14:1H-kblockd,0.00,0.00
2025-10-07 13:52:17,265,kworker/7:1H-kblockd,0.00,0.00
2025-10-07 13:52:17,268,kworker/11:1H-kblockd,0.00,0.00
2025-10-07 13:52:17,308,irq/50-PNP0C50:0b,0.00,0.00
2025-10-07 13:52:17,314,kworker/R-nvme-wq,0.00,0.00
2025-10-07 13:52:17,315,kworker/R-nvme-reset-wq,0.00,0.00
2025-10-07 13:52:17,316,kworker/R-nvme-delete-wq,0.00,0.00
2025-10-07 13:52:17,317,kworker/R-nvme-auth-wq,0.00,0.00
2025-10-07 13:52:17,319,kworker/13:2-events,0.00,0.00
2025-10-07 13:52:17,373,jbd2/nvme0n1p2-8,0.00,0.00
2025-10-07 13:52:17,374,kworker/R-ext4-rsv-conversion,0.00,0.00
2025-10-07 13:52:17,425,systemd-journald,0.00,18.52
2025-10-07 13:52:17,461,systemd-udevd,0.00,8.51
2025-10-07 13:52:17,512,psimon,0.00,0.00
2025-10-07 13:52:17,588,kworker/12:2-mm_percpu_wq,0.00,0.00
2025-10-07 13:52:17,647,kworker/R-cfg80211,0.00,0.00
2025-10-07 13:52:17,648,kworker/R-cryptd,0.00,0.00
2025-10-07 13:52:17,697,irq/69-rtw89_pci,0.40,0.00
2025-10-07 13:52:17,710,kworker/R-amdgpu-reset-dev,0.00,0.00
2025-10-07 13:52:17,807,kworker/R-ttm,0.00,0.00
2025-10-07 13:52:17,847,systemd-oomd,0.00,7.46
2025-10-07 13:52:17,848,systemd-resolved,0.00,13.04
2025-10-07 13:52:17,849,systemd-timesyncd,0.00,7.68
2025-10-07 13:52:17,894,avahi-daemon,0.10,5.22
2025-10-07 13:52:17,895,bluetoothd,0.00,6.47
2025-10-07 13:52:17,896,dbus-daemon,0.00,7.33
2025-10-07 13:52:17,899,gnome-remote-desktop-daemon,0.00,16.39
2025-10-07 13:52:17,902,polkitd,0.00,12.21
2025-10-07 13:52:17,905,power-profiles-daemon,0.00,7.56
2025-10-07 13:52:17,914,snapd,0.10,39.73
2025-10-07 13:52:17,917,accounts-daemon,0.00,7.99
2025-10-07 13:52:17,920,cron,0.00,2.79
2025-10-07 13:52:17,923,switcheroo-control,0.00,6.84
2025-10-07 13:52:17,926,systemd-logind,0.00,9.04
2025-10-07 13:52:17,928,udisksd,0.10,13.92
2025-10-07 13:52:17,949,avahi-daemon,0.00,1.51
2025-10-07 13:52:17,951,NetworkManager,0.20,19.79
2025-10-07 13:52:17,959,wpa_supplicant,0.00,12.00
2025-10-07 13:52:17,977,kworker/11:2-events,0.00,0.00
2025-10-07 13:52:17,1009,rsyslogd,0.00,5.94
2025-10-07 13:52:17,1066,ModemManager,0.00,12.69
2025-10-07 13:52:17,1150,kworker/R-amdgpu_dm_hpd_rx_offload_wq,0.00,0.00
2025-10-07 13:52:17,1151,kworker/R-amdgpu_dm_hpd_rx_offload_wq,0.00,0.00
2025-10-07 13:52:17,1152,kworker/R-amdgpu_dm_hpd_rx_offload_wq,0.00,0.00
2025-10-07 13:52:17,1153,kworker/R-dm_vblank_control_workqueue,0.00,0.00
2025-10-07 13:52:17,1156,card1-crtc0,0.00,0.00
2025-10-07 13:52:17,1157,card1-crtc1,0.00,0.00
2025-10-07 13:52:17,1158,card1-crtc2,0.00,0.00
2025-10-07 13:52:17,1159,card1-crtc3,0.00,0.00
2025-10-07 13:52:17,1160,kworker/R-gfx,0.00,0.00
2025-10-07 13:52:17,1161,kworker/R-comp_1.0.0,0.00,0.00
2025-10-07 13:52:17,1162,kworker/R-comp_1.1.0,0.00,0.00
2025-10-07 13:52:17,1163,kworker/R-comp_1.2.0,0.00,0.00
2025-10-07 13:52:17,1164,kworker/R-comp_1.3.0,0.00,0.00
2025-10-07 13:52:17,1165,kworker/R-comp_1.0.1,0.00,0.00
2025-10-07 13:52:17,1166,kworker/R-comp_1.1.1,0.00,0.00
2025-10-07 13:52:17,1167,kworker/R-comp_1.2.1,0.00,0.00
2025-10-07 13:52:17,1168,kworker/R-comp_1.3.1,0.00,0.00
2025-10-07 13:52:17,1169,kworker/R-sdma0,0.00,0.00
2025-10-07 13:52:17,1170,kworker/R-vcn_dec,0.00,0.00
2025-10-07 13:52:17,1171,kworker/R-vcn_enc0,0.00,0.00
2025-10-07 13:52:17,1172,kworker/R-vcn_enc1,0.00,0.00
2025-10-07 13:52:17,1173,kworker/R-jpeg_dec,0.00,0.00
2025-10-07 13:52:17,1345,cupsd,0.00,11.75
2025-10-07 13:52:17,1353,unattended-upgr,0.00,22.52
2025-10-07 13:52:17,1368,dbus,0.00,6.74
2025-10-07 13:52:17,1376,gdm3,0.00,9.23
2025-10-07 13:52:17,1385,mysqld,1.30,389.47
2025-10-07 13:52:17,1392,psimon,0.00,0.00
2025-10-07 13:52:17,1399,kworker/14:3-events,0.00,0.00
2025-10-07 13:52:17,1494,rtkit-daemon,0.00,3.44
2025-10-07 13:52:17,1558,kworker/7:2-events,0.00,0.00
2025-10-07 13:52:17,1589,krfcommd,0.00,0.00
2025-10-07 13:52:17,1687,colord,0.00,14.56
2025-10-07 13:52:17,1799,upowerd,0.00,9.72
2025-10-07 13:52:17,2127,cups-browsed,0.00,19.58
2025-10-07 13:52:17,2129,kerneloops,0.00,2.31
2025-10-07 13:52:17,2132,kerneloops,0.00,2.29
2025-10-07 13:52:17,2152,gdm-session-worker,0.00,10.95
2025-10-07 13:52:17,2169,systemd,0.00,12.61
2025-10-07 13:52:17,2172,(sd-pam),0.00,3.57
2025-10-07 13:52:17,2184,pipewire,0.00,15.76
2025-10-07 13:52:17,2185,pipewire,0.00,5.67
2025-10-07 13:52:17,2188,wireplumber,0.00,18.71
2025-10-07 13:52:17,2190,pipewire-pulse,0.00,18.13
2025-10-07 13:52:17,2192,gnome-keyring-daemon,0.00,10.11
2025-10-07 13:52:17,2202,dbus-daemon,0.00,6.56
2025-10-07 13:52:17,2256,xdg-document-portal,0.00,7.48
2025-10-07 13:52:17,2260,xdg-permission-store,0.00,6.12
2025-10-07 13:52:17,2267,fusermount3,0.00,2.01
2025-10-07 13:52:17,2289,gdm-wayland-session,0.00,6.18
2025-10-07 13:52:17,2299,gnome-session-binary,0.00,16.20
2025-10-07 13:52:17,2376,gcr-ssh-agent,0.00,6.93
2025-10-07 13:52:17,2377,gnome-session-ctl,0.00,5.66
2025-10-07 13:52:17,2392,gvfsd,0.00,8.07
2025-10-07 13:52:17,2400,gvfsd-fuse,0.00,6.92
2025-10-07 13:52:17,2403,gnome-session-binary,0.00,18.07
2025-10-07 13:52:17,2438,gnome-shell,0.20,334.16
2025-10-07 13:52:17,2440,at-spi-bus-launcher,0.00,7.79
2025-10-07 13:52:17,2451,dbus-daemon,0.00,5.12
2025-10-07 13:52:17,2530,at-spi2-registryd,0.00,7.67
2025-10-07 13:52:17,2555,gnome-shell-calendar-server,0.00,17.62
2025-10-07 13:52:17,2563,evolution-source-registry,0.00,87.43
2025-10-07 13:52:17,2564,dconf-service,0.00,6.10
2025-10-07 13:52:17,2577,gjs,0.00,26.86
2025-10-07 13:52:17,2579,ibus-daemon,0.00,12.14
2025-10-07 13:52:17,2581,gsd-a11y-settings,0.00,6.63
2025-10-07 13:52:17,2585,gsd-color,0.00,19.95
2025-10-07 13:52:17,2586,gsd-datetime,0.00,12.00
2025-10-07 13:52:17,2599,gsd-housekeeping,0.00,7.98
2025-10-07 13:52:17,2601,gsd-keyboard,0.00,19.13
2025-10-07 13:52:17,2602,gsd-media-keys,0.00,24.63
2025-10-07 13:52:17,2607,gsd-power,0.00,25.85
2025-10-07 13:52:17,2611,gsd-print-notifications,0.00,11.48
2025-10-07 13:52:17,2616,gsd-rfkill,0.00,6.77
2025-10-07 13:52:17,2626,gsd-screensaver-proxy,0.00,6.18
2025-10-07 13:52:17,2629,gsd-sharing,0.00,11.77
2025-10-07 13:52:17,2631,gsd-smartcard,0.00,8.14
2025-10-07 13:52:17,2637,gsd-sound,0.00,9.76
2025-10-07 13:52:17,2646,gsd-wacom,0.00,20.26
2025-10-07 13:52:17,2680,gsd-disk-utility-notify,0.00,7.33
2025-10-07 13:52:17,2716,gvfs-udisks2-volume-monitor,0.00,10.33
2025-10-07 13:52:17,2719,evolution-alarm-notify,0.00,107.36
2025-10-07 13:52:17,2724,ibus-memconf,0.00,7.09
2025-10-07 13:52:17,2726,ibus-extension-gtk3,0.00,28.90
2025-10-07 13:52:17,2738,ibus-portal,0.00,7.17
2025-10-07 13:52:17,2815,goa-daemon,0.00,23.61
2025-10-07 13:52:17,2819,gvfs-goa-volume-monitor,0.00,6.50
2025-10-07 13:52:17,2837,goa-identity-service,0.00,9.13
2025-10-07 13:52:17,2843,evolution-calendar-factory,0.00,24.12
2025-10-07 13:52:17,2844,gsd-printer,0.00,14.89
2025-10-07 13:52:17,2857,gvfs-mtp-volume-monitor,0.00,6.70
2025-10-07 13:52:17,2870,gvfs-gphoto2-volume-monitor,0.00,7.00
2025-10-07 13:52:17,2877,gvfs-afc-volume-monitor,0.00,7.73
2025-10-07 13:52:17,2887,evolution-addressbook-factory,0.00,29.40
2025-10-07 13:52:17,2914,ibus-engine-simple,0.00,7.47
2025-10-07 13:52:17,2941,gvfsd-trash,0.00,9.15
2025-10-07 13:52:17,2966,tracker-miner-fs-3,0.00,28.61
2025-10-07 13:52:17,2969,xdg-desktop-portal,0.00,14.50
2025-10-07 13:52:17,2978,xdg-desktop-portal-gnome,0.00,86.33
2025-10-07 13:52:17,3001,gjs,0.00,26.85
2025-10-07 13:52:17,3027,xdg-desktop-portal-gtk,0.00,25.89
2025-10-07 13:52:17,3100,gvfsd-metadata,0.00,6.52
2025-10-07 13:52:17,3113,snapd-desktop-integration,0.00,11.69
2025-10-07 13:52:17,3179,snapd-desktop-integration,0.00,30.21
2025-10-07 13:52:17,3211,chrome,0.00,425.15
2025-10-07 13:52:17,3217,cat,0.00,1.85
2025-10-07 13:52:17,3218,cat,0.00,1.85
2025-10-07 13:52:17,3220,chrome_crashpad_handler,0.00,4.09
2025-10-07 13:52:17,3222,chrome_crashpad_handler,0.00,3.32
2025-10-07 13:52:17,3228,chrome,0.00,108.12
2025-10-07 13:52:17,3229,chrome,0.00,109.58
2025-10-07 13:52:17,3231,chrome,0.00,25.02
2025-10-07 13:52:17,3273,chrome,0.10,281.52
2025-10-07 13:52:17,3276,chrome,0.00,187.00
2025-10-07 13:52:17,3286,chrome,0.00,66.57
2025-10-07 13:52:17,3362,chrome,0.10,134.95
2025-10-07 13:52:17,3446,chrome,0.00,189.97
2025-10-07 13:52:17,3576,update-notifier,0.00,32.60
2025-10-07 13:52:17,3739,chrome,0.00,169.65
2025-10-07 13:52:17,3747,chrome,0.00,185.59
2025-10-07 13:52:17,3826,kworker/5:0-events,0.00,0.00
2025-10-07 13:52:17,3878,chrome,0.10,559.95
2025-10-07 13:52:17,3973,chrome,0.00,155.57
2025-10-07 13:52:17,3984,chrome,0.00,174.69
2025-10-07 13:52:17,4111,kworker/15:3-cgroup_destroy,0.00,0.00
2025-10-07 13:52:17,4161,chrome,0.00,268.05
2025-10-07 13:52:17,4229,kworker/3:0-events,0.00,0.00
2025-10-07 13:52:17,4283,kworker/4:2-mm_percpu_wq,0.00,0.00
2025-10-07 13:52:17,4328,kworker/6:1-events,0.00,0.00
2025-10-07 13:52:17,4358,chrome,0.00,152.70
2025-10-07 13:52:17,4428,chrome,0.00,294.04
2025-10-07 13:52:17,4515,chrome,0.10,322.98
2025-10-07 13:52:17,4557,chrome,0.00,85.26
2025-10-07 13:52:17,4567,kworker/12:1-events,0.00,0.00
2025-10-07 13:52:17,4573,kworker/9:2-events,0.00,0.00
2025-10-07 13:52:17,4586,kworker/u64:0-sdma0,0.00,0.00
2025-10-07 13:52:17,4645,kworker/3:2-events_freezable,0.00,0.00
2025-10-07 13:52:17,4774,kworker/8:3-events,0.00,0.00
2025-10-07 13:52:17,4943,kworker/15:2-mm_percpu_wq,0.00,0.00
2025-10-07 13:52:17,5028,kworker/0:0-events,0.00,0.00
2025-10-07 13:52:17,5074,kworker/u65:5-events_unbound,0.00,0.00
2025-10-07 13:52:17,5082,kworker/u65:15-kvfree_rcu_reclaim,0.00,0.00
2025-10-07 13:52:17,5085,kworker/u65:18-flush-259:0,0.00,0.00
2025-10-07 13:52:17,5088,kworker/2:0-cgwb_release,0.00,0.00
2025-10-07 13:52:17,5110,kworker/u65:27-kvfree_rcu_reclaim,0.00,0.00
2025-10-07 13:52:17,5114,kworker/u67:2-hci0,0.00,0.00
2025-10-07 13:52:17,5208,kworker/1:3-events,0.00,0.00
2025-10-07 13:52:17,5321,kworker/u68:0-ttm,0.00,0.00
2025-10-07 13:52:17,5463,kworker/10:3-mm_percpu_wq,0.00,0.00
2025-10-07 13:52:17,5558,kworker/u66:0-kvfree_rcu_reclaim,0.10,0.00
2025-10-07 13:52:17,5559,kworker/u69:0-ttm,0.00,0.00
2025-10-07 13:52:17,5650,kworker/u69:1-ttm,0.00,0.00
2025-10-07 13:52:17,5655,kworker/u66:2-flush-259:0,0.00,0.00
2025-10-07 13:52:17,5687,gjs,0.00,65.67
2025-10-07 13:52:17,5731,kworker/u66:3-iou_exit,0.00,0.00
2025-10-07 13:52:17,5738,kworker/4:3-cgroup_destroy,0.00,0.00
2025-10-07 13:52:17,5741,kworker/u69:2-ttm,0.00,0.00
2025-10-07 13:52:17,5742,kworker/u69:3-ttm,0.00,0.00
2025-10-07 13:52:17,5743,kworker/u69:4-ttm,0.00,0.00
2025-10-07 13:52:17,5744,kworker/u69:5-ttm,0.00,0.00
2025-10-07 13:52:17,5752,kworker/8:2,0.00,0.00
2025-10-07 13:52:17,5755,kworker/u64:2-gfx,0.00,0.00
2025-10-07 13:52:17,5758,kworker/u68:1-ttm,0.00,0.00
2025-10-07 13:52:17,5766,kworker/u68:3-rtw89_tx_wq,0.00,0.00
2025-10-07 13:52:17,5767,kworker/u68:4-ttm,0.00,0.00
2025-10-07 13:52:17,5768,kworker/u68:5-ttm,0.00,0.00
2025-10-07 13:52:17,5769,kworker/u68:6-ttm,0.00,0.00
2025-10-07 13:52:17,5770,kworker/u68:8-ttm,0.00,0.00
2025-10-07 13:52:17,5771,kworker/u68:10-ttm,0.00,0.00
2025-10-07 13:52:17,5773,kworker/u69:6-ttm,0.00,0.00
2025-10-07 13:52:17,5774,kworker/u69:7-ttm,0.00,0.00
2025-10-07 13:52:17,5775,kworker/u69:8-ttm,0.00,0.00
2025-10-07 13:52:17,5776,kworker/u69:9-ttm,0.00,0.00
2025-10-07 13:52:17,5808,Xwayland,0.00,124.49
2025-10-07 13:52:17,5827,gsd-xsettings,0.00,86.07
2025-10-07 13:52:17,5857,ibus-x11,0.00,23.84
2025-10-07 13:52:17,5863,mutter-x11-frames,0.00,90.64
2025-10-07 13:52:17,5943,kworker/u69:10-ttm,0.00,0.00
2025-10-07 13:52:17,5944,kworker/u69:11-ttm,0.00,0.00
2025-10-07 13:52:17,5945,kworker/u69:12-ttm,0.00,0.00
2025-10-07 13:52:17,5946,kworker/u69:13-ttm,0.00,0.00
2025-10-07 13:52:17,5986,kworker/u66:1-kvfree_rcu_reclaim,0.00,0.00
2025-10-07 13:52:17,5987,kworker/u66:4-events_unbound,0.00,0.00
2025-10-07 13:52:17,6214,gnome-terminal-server,0.00,51.39
2025-10-07 13:52:17,6221,bash,0.00,5.60
2025-10-07 13:52:17,6230,kworker/u66:5-kvfree_rcu_reclaim,0.00,0.00
2025-10-07 13:52:17,6231,kworker/u66:6-flush-259:0,0.00,0.00
2025-10-07 13:52:17,6232,kworker/u66:7,0.00,0.00
2025-10-07 13:52:17,6233,kworker/u65:0-events_power_efficient,0.00,0.00
2025-10-07 13:52:17,6235,kworker/u69:14-ttm,0.00,0.00
2025-10-07 13:52:17,6236,kworker/u69:15-ttm,0.00,0.00
2025-10-07 13:52:17,6237,kworker/u69:16,0.00,0.00
2025-10-07 13:52:17,6262,kworker/9:0-events,0.00,0.00
2025-10-07 13:52:17,6266,kworker/0:2,0.00,0.00
2025-10-07 13:52:17,6292,code,0.20,243.36
2025-10-07 13:52:17,6295,code,0.00,96.03
2025-10-07 13:52:17,6296,code,0.00,95.51
2025-10-07 13:52:17,6298,code,0.00,19.71
2025-10-07 13:52:17,6317,chrome_crashpad_handler,0.00,3.26
2025-10-07 13:52:17,6336,code,0.30,162.95
2025-10-07 13:52:17,6339,code,0.10,117.41
2025-10-07 13:52:17,6392,code,1.00,311.69
2025-10-07 13:52:17,6409,code,0.60,152.62
2025-10-07 13:52:17,6414,code,1.30,259.47
2025-10-07 13:52:17,6422,code,0.20,157.00
2025-10-07 13:52:17,6431,code,0.20,153.10
2025-10-07 13:52:17,6484,bash,0.00,5.25
2025-10-07 13:52:17,6505,bash,0.00,5.47
2025-10-07 13:52:17,6548,pet,0.00,3.27
2025-10-07 13:52:17,6679,bash,0.00,5.34
2025-10-07 13:52:17,6710,code,0.10,479.06
2025-10-07 13:52:17,6848,kworker/4:0,0.00,0.00
2025-10-07 13:52:17,6850,kworker/u64:1-phy0,0.20,0.00
2025-10-07 13:52:17,6940,python,0.40,71.38
2025-10-07 13:52:29,1,systemd,0.00,13.88
2025-10-07 13:52:29,2,kthreadd,0.00,0.00
2025-10-07 13:52:29,3,pool_workqueue_release,0.00,0.00
2025-10-07 13:52:29,4,kworker/R-rcu_gp,0.00,0.00
2025-10-07 13:52:29,5,kworker/R-sync_wq,0.00,0.00
2025-10-07 13:52:29,6,kworker/R-kvfree_rcu_reclaim,0.00,0.00
2025-10-07 13:52:29,7,kworker/R-slub_flushwq,0.00,0.00
2025-10-07 13:52:29,8,kworker/R-netns,0.00,0.00
2025-10-07 13:52:29,10,kworker/0:1-events,0.00,0.00
2025-10-07 13:52:29,11,kworker/0:0H-events_highpri,0.00,0.00
2025-10-07 13:52:29,13,kworker/R-mm_percpu_wq,0.00,0.00
2025-10-07 13:52:29,14,rcu_tasks_kthread,0.00,0.00
2025-10-07 13:52:29,15,rcu_tasks_rude_kthread,0.00,0.00
2025-10-07 13:52:29,16,rcu_tasks_trace_kthread,0.00,0.00
2025-10-07 13:52:29,17,ksoftirqd/0,0.00,0.00
2025-10-07 13:52:29,18,rcu_preempt,0.00,0.00
2025-10-07 13:52:29,19,rcu_exp_par_gp_kthread_worker/0,0.00,0.00
2025-10-07 13:52:29,20,rcu_exp_gp_kthread_worker,0.00,0.00
2025-10-07 13:52:29,21,migration/0,0.00,0.00
2025-10-07 13:52:29,22,idle_inject/0,0.00,0.00
2025-10-07 13:52:29,23,cpuhp/0,0.00,0.00
2025-10-07 13:52:29,24,cpuhp/2,0.00,0.00
2025-10-07 13:52:29,25,idle_inject/2,0.00,0.00
2025-10-07 13:52:29,26,migration/2,0.00,0.00
2025-10-07 13:52:29,27,ksoftirqd/2,0.00,0.00
2025-10-07 13:52:29,29,kworker/2:0H-events_highpri,0.00,0.00
2025-10-07 13:52:29,30,cpuhp/4,0.00,0.00
2025-10-07 13:52:29,31,idle_inject/4,0.00,0.00
2025-10-07 13:52:29,32,migration/4,0.00,0.00
2025-10-07 13:52:29,33,ksoftirqd/4,0.00,0.00
2025-10-07 13:52:29,35,kworker/4:0H-events_highpri,0.00,0.00
2025-10-07 13:52:29,36,cpuhp/6,0.00,0.00
2025-10-07 13:52:29,37,idle_inject/6,0.00,0.00
2025-10-07 13:52:29,38,migration/6,0.00,0.00
2025-10-07 13:52:29,39,ksoftirqd/6,0.00,0.00
2025-10-07 13:52:29,40,kworker/6:0-events,0.00,0.00
2025-10-07 13:52:29,41,kworker/6:0H-events_highpri,0.00,0.00
2025-10-07 13:52:29,42,cpuhp/8,0.00,0.00
2025-10-07 13:52:29,43,idle_inject/8,0.00,0.00
2025-10-07 13:52:29,44,migration/8,0.00,0.00
2025-10-07 13:52:29,45,ksoftirqd/8,0.00,0.00
2025-10-07 13:52:29,47,kworker/8:0H-events_highpri,0.00,0.00
2025-10-07 13:52:29,48,cpuhp/10,0.00,0.00
2025-10-07 13:52:29,49,idle_inject/10,0.00,0.00
2025-10-07 13:52:29,50,migration/10,0.00,0.00
2025-10-07 13:52:29,51,ksoftirqd/10,0.00,0.00
2025-10-07 13:52:29,53,kworker/10:0H-events_highpri,0.00,0.00
2025-10-07 13:52:29,54,cpuhp/12,0.00,0.00
2025-10-07 13:52:29,55,idle_inject/12,0.00,0.00
2025-10-07 13:52:29,56,migration/12,0.00,0.00
2025-10-07 13:52:29,57,ksoftirqd/12,0.00,0.00
2025-10-07 13:52:29,59,kworker/12:0H-events_highpri,0.00,0.00
2025-10-07 13:52:29,60,cpuhp/14,0.00,0.00
2025-10-07 13:52:29,61,idle_inject/14,0.00,0.00
2025-10-07 13:52:29,62,migration/14,0.00,0.00
2025-10-07 13:52:29,63,ksoftirqd/14,0.00,0.00
2025-10-07 13:52:29,64,kworker/14:0-mm_percpu_wq,0.00,0.00
2025-10-07 13:52:29,65,kworker/14:0H-events_highpri,0.00,0.00
2025-10-07 13:52:29,66,cpuhp/1,0.00,0.00
2025-10-07 13:52:29,67,idle_inject/1,0.00,0.00
2025-10-07 13:52:29,68,migration/1,0.00,0.00
2025-10-07 13:52:29,69,ksoftirqd/1,0.00,0.00
2025-10-07 13:52:29,71,kworker/1:0H-events_highpri,0.00,0.00
2025-10-07 13:52:29,72,cpuhp/3,0.00,0.00
2025-10-07 13:52:29,73,idle_inject/3,0.00,0.00
2025-10-07 13:52:29,74,migration/3,0.00,0.00
2025-10-07 13:52:29,75,ksoftirqd/3,0.00,0.00
2025-10-07 13:52:29,77,kworker/3:0H-events_highpri,0.00,0.00
2025-10-07 13:52:29,78,cpuhp/5,0.00,0.00
2025-10-07 13:52:29,79,idle_inject/5,0.00,0.00
2025-10-07 13:52:29,80,migration/5,0.00,0.00
2025-10-07 13:52:29,81,ksoftirqd/5,0.00,0.00
2025-10-07 13:52:29,83,kworker/5:0H-events_highpri,0.00,0.00
2025-10-07 13:52:29,84,cpuhp/7,0.00,0.00
2025-10-07 13:52:29,85,idle_inject/7,0.00,0.00
2025-10-07 13:52:29,86,migration/7,0.00,0.00
2025-10-07 13:52:29,87,ksoftirqd/7,0.00,0.00
2025-10-07 13:52:29,89,kworker/7:0H-events_highpri,0.00,0.00
2025-10-07 13:52:29,90,cpuhp/9,0.00,0.00
2025-10-07 13:52:29,91,idle_inject/9,0.00,0.00
2025-10-07 13:52:29,92,migration/9,0.00,0.00
2025-10-07 13:52:29,93,ksoftirqd/9,0.00,0.00
2025-10-07 13:52:29,95,kworker/9:0H-events_highpri,0.00,0.00
2025-10-07 13:52:29,96,cpuhp/11,0.00,0.00
2025-10-07 13:52:29,97,idle_inject/11,0.00,0.00
2025-10-07 13:52:29,98,migration/11,0.00,0.00
2025-10-07 13:52:29,99,ksoftirqd/11,0.00,0.00
2025-10-07 13:52:29,101,kworker/11:0H-events_highpri,0.00,0.00
2025-10-07 13:52:29,102,cpuhp/13,0.00,0.00
2025-10-07 13:52:29,103,idle_inject/13,0.00,0.00
2025-10-07 13:52:29,104,migration/13,0.00,0.00
2025-10-07 13:52:29,105,ksoftirqd/13,0.00,0.00
2025-10-07 13:52:29,107,kworker/13:0H-events_highpri,0.00,0.00
2025-10-07 13:52:29,108,cpuhp/15,0.00,0.00
2025-10-07 13:52:29,109,idle_inject/15,0.00,0.00
2025-10-07 13:52:29,110,migration/15,0.00,0.00
2025-10-07 13:52:29,111,ksoftirqd/15,0.00,0.00
2025-10-07 13:52:29,113,kworker/15:0H-events_highpri,0.00,0.00
2025-10-07 13:52:29,116,kdevtmpfs,0.00,0.00
2025-10-07 13:52:29,117,kworker/R-inet_frag_wq,0.00,0.00
2025-10-07 13:52:29,118,kauditd,0.00,0.00
2025-10-07 13:52:29,119,khungtaskd,0.00,0.00
2025-10-07 13:52:29,120,oom_reaper,0.00,0.00
2025-10-07 13:52:29,123,kworker/R-writeback,0.00,0.00
2025-10-07 13:52:29,124,kcompactd0,0.00,0.00
2025-10-07 13:52:29,125,ksmd,0.00,0.00
2025-10-07 13:52:29,126,khugepaged,0.00,0.00
2025-10-07 13:52:29,127,kworker/R-kintegrityd,0.00,0.00
2025-10-07 13:52:29,128,kworker/R-kblockd,0.00,0.00
2025-10-07 13:52:29,129,kworker/R-blkcg_punt_bio,0.00,0.00
2025-10-07 13:52:29,130,irq/9-acpi,0.00,0.00
2025-10-07 13:52:29,131,kworker/10:1-events,0.00,0.00
2025-10-07 13:52:29,133,kworker/1:1-mm_percpu_wq,0.00,0.00
2025-10-07 13:52:29,134,kworker/R-tpm_dev_wq,0.00,0.00
2025-10-07 13:52:29,135,kworker/R-ata_sff,0.00,0.00
2025-10-07 13:52:29,137,kworker/R-md,0.00,0.00
2025-10-07 13:52:29,138,kworker/R-md_bitmap,0.00,0.00
2025-10-07 13:52:29,139,kworker/R-edac-poller,0.00,0.00
2025-10-07 13:52:29,141,kworker/R-devfreq_wq,0.00,0.00
2025-10-07 13:52:29,142,watchdogd,0.00,0.00
2025-10-07 13:52:29,143,kworker/8:1H-kblockd,0.00,0.00
2025-10-07 13:52:29,145,irq/25-AMD-Vi0-Evt,0.00,0.00
2025-10-07 13:52:29,146,irq/26-AMD-Vi0-PPR,0.00,0.00
2025-10-07 13:52:29,147,irq/27-AMD-Vi0-GA,0.00,0.00
2025-10-07 13:52:29,148,kswapd0,0.00,0.00
2025-10-07 13:52:29,149,ecryptfs-kthread,0.00,0.00
2025-10-07 13:52:29,150,kworker/R-kthrotld,0.00,0.00
2025-10-07 13:52:29,151,kworker/u67:0-hci0,0.00,0.00
2025-10-07 13:52:29,152,kworker/R-acpi_thermal_pm,0.00,0.00
2025-10-07 13:52:29,154,kworker/2:1-events,0.00,0.00
2025-10-07 13:52:29,155,kworker/R-mld,0.00,0.00
2025-10-07 13:52:29,156,kworker/R-ipv6_addrconf,0.00,0.00
2025-10-07 13:52:29,157,kworker/2:1H-kblockd,0.00,0.00
2025-10-07 13:52:29,164,kworker/R-kstrp,0.00,0.00
2025-10-07 13:52:29,167,kworker/7:1-mm_percpu_wq,0.00,0.00
2025-10-07 13:52:29,168,kworker/9:1-events,0.00,0.00
2025-10-07 13:52:29,169,kworker/13:1-mm_percpu_wq,0.00,0.00
2025-10-07 13:52:29,170,kworker/5:1-events,0.00,0.00
2025-10-07 13:52:29,171,kworker/11:1-events,0.00,0.00
2025-10-07 13:52:29,189,kworker/R-charger_manager,0.00,0.00
2025-10-07 13:52:29,190,kworker/0:1H-kblockd,0.00,0.00
2025-10-07 13:52:29,217,kworker/4:1H-kblockd,0.00,0.00
2025-10-07 13:52:29,221,kworker/12:1H-kblockd,0.00,0.00
2025-10-07 13:52:29,239,kworker/6:1H-kblockd,0.00,0.00
2025-10-07 13:52:29,257,kworker/1:1H-kblockd,0.00,0.00
2025-10-07 13:52:29,258,kworker/10:1H-kblockd,0.00,0.00
2025-10-07 13:52:29,259,kworker/13:1H-kblockd,0.00,0.00
2025-10-07 13:52:29,260,kworker/3:1H-kblockd,0.00,0.00
2025-10-07 13:52:29,261,kworker/9:1H-kblockd,0.00,0.00
2025-10-07 13:52:29,262,kworker/15:1H-kblockd,0.00,0.00
2025-10-07 13:52:29,263,kworker/5:1H-kblockd,0.00,0.00
2025-10-07 13:52:29,264,kworker/14:1H-kblockd,0.00,0.00
2025-10-07 13:52:29,265,kworker/7:1H-kblockd,0.00,0.00
2025-10-07 13:52:29,268,kworker/11:1H-kblockd,0.00,0.00
2025-10-07 13:52:29,308,irq/50-PNP0C50:0b,0.00,0.00
2025-10-07 13:52:29,314,kworker/R-nvme-wq,0.00,0.00
2025-10-07 13:52:29,315,kworker/R-nvme-reset-wq,0.00,0.00
2025-10-07 13:52:29,316,kworker/R-nvme-delete-wq,0.00,0.00
2025-10-07 13:52:29,317,kworker/R-nvme-auth-wq,0.00,0.00
2025-10-07 13:52:29,319,kworker/13:2-events,0.00,0.00
2025-10-07 13:52:29,373,jbd2/nvme0n1p2-8,0.00,0.00
2025-10-07 13:52:29,374,kworker/R-ext4-rsv-conversion,0.00,0.00
2025-10-07 13:52:29,425,systemd-journald,0.00,18.52
2025-10-07 13:52:29,461,systemd-udevd,0.00,8.51
2025-10-07 13:52:29,512,psimon,0.00,0.00
2025-10-07 13:52:29,588,kworker/12:2-events,0.00,0.00
2025-10-07 13:52:29,647,kworker/R-cfg80211,0.00,0.00
2025-10-07 13:52:29,648,kworker/R-cryptd,0.00,0.00
2025-10-07 13:52:29,697,irq/69-rtw89_pci,0.00,0.00
2025-10-07 13:52:29,710,kworker/R-amdgpu-reset-dev,0.00,0.00
2025-10-07 13:52:29,807,kworker/R-ttm,0.00,0.00
2025-10-07 13:52:29,847,systemd-oomd,0.00,7.46
2025-10-07 13:52:29,848,systemd-resolved,0.00,13.04
2025-10-07 13:52:29,849,systemd-timesyncd,0.00,7.68
2025-10-07 13:52:29,894,avahi-daemon,0.00,5.22
2025-10-07 13:52:29,895,bluetoothd,0.00,6.47
2025-10-07 13:52:29,896,dbus-daemon,0.00,7.33
2025-10-07 13:52:29,899,gnome-remote-desktop-daemon,0.00,16.39
2025-10-07 13:52:29,902,polkitd,0.00,12.21
2025-10-07 13:52:29,905,power-profiles-daemon,0.00,7.56
2025-10-07 13:52:29,914,snapd,0.00,39.73
2025-10-07 13:52:29,917,accounts-daemon,0.00,7.99
2025-10-07 13:52:29,920,cron,0.00,2.79
2025-10-07 13:52:29,923,switcheroo-control,0.00,6.84
2025-10-07 13:52:29,926,systemd-logind,0.00,9.04
2025-10-07 13:52:29,928,udisksd,0.00,13.92
2025-10-07 13:52:29,949,avahi-daemon,0.00,1.51
2025-10-07 13:52:29,951,NetworkManager,0.00,19.79
2025-10-07 13:52:29,959,wpa_supplicant,0.00,12.00
2025-10-07 13:52:29,977,kworker/11:2-mm_percpu_wq,0.00,0.00
2025-10-07 13:52:29,1009,rsyslogd,0.00,5.94
2025-10-07 13:52:29,1066,ModemManager,0.00,12.69
2025-10-07 13:52:29,1150,kworker/R-amdgpu_dm_hpd_rx_offload_wq,0.00,0.00
2025-10-07 13:52:29,1151,kworker/R-amdgpu_dm_hpd_rx_offload_wq,0.00,0.00
2025-10-07 13:52:29,1152,kworker/R-amdgpu_dm_hpd_rx_offload_wq,0.00,0.00
2025-10-07 13:52:29,1153,kworker/R-dm_vblank_control_workqueue,0.00,0.00
2025-10-07 13:52:29,1156,card1-crtc0,0.00,0.00
2025-10-07 13:52:29,1157,card1-crtc1,0.00,0.00
2025-10-07 13:52:29,1158,card1-crtc2,0.00,0.00
2025-10-07 13:52:29,1159,card1-crtc3,0.00,0.00
2025-10-07 13:52:29,1160,kworker/R-gfx,0.00,0.00
2025-10-07 13:52:29,1161,kworker/R-comp_1.0.0,0.00,0.00
2025-10-07 13:52:29,1162,kworker/R-comp_1.1.0,0.00,0.00
2025-10-07 13:52:29,1163,kworker/R-comp_1.2.0,0.00,0.00
2025-10-07 13:52:29,1164,kworker/R-comp_1.3.0,0.00,0.00
2025-10-07 13:52:29,1165,kworker/R-comp_1.0.1,0.00,0.00
2025-10-07 13:52:29,1166,kworker/R-comp_1.1.1,0.00,0.00
2025-10-07 13:52:29,1167,kworker/R-comp_1.2.1,0.00,0.00
2025-10-07 13:52:29,1168,kworker/R-comp_1.3.1,0.00,0.00
2025-10-07 13:52:29,1169,kworker/R-sdma0,0.00,0.00
2025-10-07 13:52:29,1170,kworker/R-vcn_dec,0.00,0.00
2025-10-07 13:52:29,1171,kworker/R-vcn_enc0,0.00,0.00
2025-10-07 13:52:29,1172,kworker/R-vcn_enc1,0.00,0.00
2025-10-07 13:52:29,1173,kworker/R-jpeg_dec,0.00,0.00
2025-10-07 13:52:29,1345,cupsd,0.00,11.75
2025-10-07 13:52:29,1353,unattended-upgr,0.00,22.52
2025-10-07 13:52:29,1368,dbus,0.00,6.74
2025-10-07 13:52:29,1376,gdm3,0.00,9.23
2025-10-07 13:52:29,1385,mysqld,0.00,389.47
2025-10-07 13:52:29,1392,psimon,0.00,0.00
2025-10-07 13:52:29,1399,kworker/14:3-events,0.00,0.00
2025-10-07 13:52:29,1494,rtkit-daemon,0.00,3.44
2025-10-07 13:52:29,1558,kworker/7:2-mm_percpu_wq,0.00,0.00
2025-10-07 13:52:29,1589,krfcommd,0.00,0.00
2025-10-07 13:52:29,1687,colord,0.00,14.56
2025-10-07 13:52:29,1799,upowerd,0.00,9.72
2025-10-07 13:52:29,2127,cups-browsed,0.00,19.58
2025-10-07 13:52:29,2129,kerneloops,0.00,2.31
2025-10-07 13:52:29,2132,kerneloops,0.00,2.29
2025-10-07 13:52:29,2152,gdm-session-worker,0.00,10.95
2025-10-07 13:52:29,2169,systemd,0.00,12.61
2025-10-07 13:52:29,2172,(sd-pam),0.00,3.57
2025-10-07 13:52:29,2184,pipewire,0.00,15.76
2025-10-07 13:52:29,2185,pipewire,0.00,5.67
2025-10-07 13:52:29,2188,wireplumber,0.00,18.71
2025-10-07 13:52:29,2190,pipewire-pulse,0.00,18.13
2025-10-07 13:52:29,2192,gnome-keyring-daemon,0.00,10.11
2025-10-07 13:52:29,2202,dbus-daemon,0.00,6.56
2025-10-07 13:52:29,2256,xdg-document-portal,0.00,7.48
2025-10-07 13:52:29,2260,xdg-permission-store,0.00,6.12
2025-10-07 13:52:29,2267,fusermount3,0.00,2.01
2025-10-07 13:52:29,2289,gdm-wayland-session,0.00,6.18
2025-10-07 13:52:29,2299,gnome-session-binary,0.00,16.20
2025-10-07 13:52:29,2376,gcr-ssh-agent,0.00,6.93
2025-10-07 13:52:29,2377,gnome-session-ctl,0.00,5.66
2025-10-07 13:52:29,2392,gvfsd,0.00,8.07
2025-10-07 13:52:29,2400,gvfsd-fuse,0.00,6.92
2025-10-07 13:52:29,2403,gnome-session-binary,0.00,18.07
2025-10-07 13:52:29,2438,gnome-shell,0.00,334.16
2025-10-07 13:52:29,2440,at-spi-bus-launcher,0.00,7.79
2025-10-07 13:52:29,2451,dbus-daemon,0.00,5.12
2025-10-07 13:52:29,2530,at-spi2-registryd,0.00,7.67
2025-10-07 13:52:29,2555,gnome-shell-calendar-server,0.00,17.62
2025-10-07 13:52:29,2563,evolution-source-registry,0.00,87.43
2025-10-07 13:52:29,2564,dconf-service,0.00,6.10
2025-10-07 13:52:29,2577,gjs,0.00,26.86
2025-10-07 13:52:29,2579,ibus-daemon,0.00,12.14
2025-10-07 13:52:29,2581,gsd-a11y-settings,0.00,6.63
2025-10-07 13:52:29,2585,gsd-color,0.00,19.95
2025-10-07 13:52:29,2586,gsd-datetime,0.00,12.00
2025-10-07 13:52:29,2599,gsd-housekeeping,0.00,7.98
2025-10-07 13:52:29,2601,gsd-keyboard,0.00,19.13
2025-10-07 13:52:29,2602,gsd-media-keys,0.00,24.63
2025-10-07 13:52:29,2607,gsd-power,0.00,25.85
2025-10-07 13:52:29,2611,gsd-print-notifications,0.00,11.48
2025-10-07 13:52:29,2616,gsd-rfkill,0.00,6.77
2025-10-07 13:52:29,2626,gsd-screensaver-proxy,0.00,6.18
2025-10-07 13:52:29,2629,gsd-sharing,0.00,11.77
2025-10-07 13:52:29,2631,gsd-smartcard,0.00,8.14
2025-10-07 13:52:29,2637,gsd-sound,0.00,9.76
2025-10-07 13:52:29,2646,gsd-wacom,0.00,20.26
2025-10-07 13:52:29,2680,gsd-disk-utility-notify,0.00,7.33
2025-10-07 13:52:29,2716,gvfs-udisks2-volume-monitor,0.00,10.33
2025-10-07 13:52:29,2719,evolution-alarm-notify,0.00,107.36
2025-10-07 13:52:29,2724,ibus-memconf,0.00,7.09
2025-10-07 13:52:29,2726,ibus-extension-gtk3,0.00,28.90
2025-10-07 13:52:29,2738,ibus-portal,0.00,7.17
2025-10-07 13:52:29,2815,goa-daemon,0.00,23.61
2025-10-07 13:52:29,2819,gvfs-goa-volume-monitor,0.00,6.50
2025-10-07 13:52:29,2837,goa-identity-service,0.00,9.13
2025-10-07 13:52:29,2843,evolution-calendar-factory,0.00,24.12
2025-10-07 13:52:29,2844,gsd-printer,0.00,14.89
2025-10-07 13:52:29,2857,gvfs-mtp-volume-monitor,0.00,6.70
2025-10-07 13:52:29,2870,gvfs-gphoto2-volume-monitor,0.00,7.00
2025-10-07 13:52:29,2877,gvfs-afc-volume-monitor,0.00,7.73
2025-10-07 13:52:29,2887,evolution-addressbook-factory,0.00,29.40
2025-10-07 13:52:29,2914,ibus-engine-simple,0.00,7.47
2025-10-07 13:52:29,2941,gvfsd-trash,0.00,9.15
2025-10-07 13:52:29,2966,tracker-miner-fs-3,0.00,28.61
2025-10-07 13:52:29,2969,xdg-desktop-portal,0.00,14.50
2025-10-07 13:52:29,2978,xdg-desktop-portal-gnome,0.00,86.33
2025-10-07 13:52:29,3001,gjs,0.00,26.85
2025-10-07 13:52:29,3027,xdg-desktop-portal-gtk,0.00,25.89
2025-10-07 13:52:29,3100,gvfsd-metadata,0.00,6.52
2025-10-07 13:52:29,3113,snapd-desktop-integration,0.00,11.69
2025-10-07 13:52:29,3179,snapd-desktop-integration,0.00,30.21
2025-10-07 13:52:29,3211,chrome,0.00,425.83
2025-10-07 13:52:29,3217,cat,0.00,1.85
2025-10-07 13:52:29,3218,cat,0.00,1.85
2025-10-07 13:52:29,3220,chrome_crashpad_handler,0.00,4.09
2025-10-07 13:52:29,3222,chrome_crashpad_handler,0.00,3.32
2025-10-07 13:52:29,3228,chrome,0.00,108.12
2025-10-07 13:52:29,3229,chrome,0.00,109.58
2025-10-07 13:52:29,3231,chrome,0.00,25.02
2025-10-07 13:52:29,3273,chrome,0.00,281.52
2025-10-07 13:52:29,3276,chrome,0.00,187.12
2025-10-07 13:52:29,3286,chrome,0.00,66.57
2025-10-07 13:52:29,3362,chrome,0.00,134.95
2025-10-07 13:52:29,3446,chrome,0.00,189.97
2025-10-07 13:52:29,3576,update-notifier,0.00,32.60
2025-10-07 13:52:29,3739,chrome,0.00,169.65
2025-10-07 13:52:29,3747,chrome,0.00,185.59
2025-10-07 13:52:29,3826,kworker/5:0-events,0.00,0.00
2025-10-07 13:52:29,3878,chrome,0.00,561.77
2025-10-07 13:52:29,3973,chrome,0.00,155.57
2025-10-07 13:52:29,3984,chrome,0.00,174.69
2025-10-07 13:52:29,4111,kworker/15:3-cgroup_destroy,0.00,0.00
2025-10-07 13:52:29,4161,chrome,0.00,268.05
2025-10-07 13:52:29,4229,kworker/3:0-events,0.00,0.00
2025-10-07 13:52:29,4283,kworker/4:2-events_freezable,0.00,0.00
2025-10-07 13:52:29,4328,kworker/6:1-events,0.00,0.00
2025-10-07 13:52:29,4358,chrome,0.00,152.70
2025-10-07 13:52:29,4428,chrome,0.00,294.04
2025-10-07 13:52:29,4515,chrome,0.00,322.98
2025-10-07 13:52:29,4557,chrome,0.00,85.26
2025-10-07 13:52:29,4567,kworker/12:1-events,0.00,0.00
2025-10-07 13:52:29,4573,kworker/9:2-mm_percpu_wq,0.00,0.00
2025-10-07 13:52:29,4586,kworker/u64:0-dm_vblank_control_workqueue,0.00,0.00
2025-10-07 13:52:29,4645,kworker/3:2-mm_percpu_wq,0.00,0.00
2025-10-07 13:52:29,4774,kworker/8:3-events,0.00,0.00
2025-10-07 13:52:29,4943,kworker/15:2-events,0.00,0.00
2025-10-07 13:52:29,5028,kworker/0:0-events,0.00,0.00
2025-10-07 13:52:29,5074,kworker/u65:5-events_unbound,0.00,0.00
2025-10-07 13:52:29,5082,kworker/u65:15-kvfree_rcu_reclaim,0.00,0.00
2025-10-07 13:52:29,5085,kworker/u65:18-flush-259:0,0.00,0.00
2025-10-07 13:52:29,5088,kworker/2:0-cgwb_release,0.00,0.00
2025-10-07 13:52:29,5110,kworker/u65:27-kvfree_rcu_reclaim,0.00,0.00
2025-10-07 13:52:29,5114,kworker/u67:2-hci0,0.00,0.00
2025-10-07 13:52:29,5208,kworker/1:3-events,0.00,0.00
2025-10-07 13:52:29,5321,kworker/u68:0-rtw89_tx_wq,0.00,0.00
2025-10-07 13:52:29,5463,kworker/10:3-mm_percpu_wq,0.00,0.00
2025-10-07 13:52:29,5558,kworker/u66:0-kvfree_rcu_reclaim,0.00,0.00
2025-10-07 13:52:29,5559,kworker/u69:0-ttm,0.00,0.00
2025-10-07 13:52:29,5650,kworker/u69:1-ttm,0.00,0.00
2025-10-07 13:52:29,5655,kworker/u66:2-flush-259:0,0.00,0.00
2025-10-07 13:52:29,5687,gjs,0.00,65.67
2025-10-07 13:52:29,5731,kworker/u66:3-iou_exit,0.00,0.00
2025-10-07 13:52:29,5738,kworker/4:3-cgroup_destroy,0.00,0.00
2025-10-07 13:52:29,5741,kworker/u69:2-ttm,0.00,0.00
2025-10-07 13:52:29,5742,kworker/u69:3-ttm,0.00,0.00
2025-10-07 13:52:29,5743,kworker/u69:4-ttm,0.00,0.00
2025-10-07 13:52:29,5744,kworker/u69:5-rtw89_tx_wq,0.00,0.00
2025-10-07 13:52:29,5752,kworker/8:2,0.00,0.00
2025-10-07 13:52:29,5755,kworker/u64:2-gfx,0.00,0.00
2025-10-07 13:52:29,5758,kworker/u68:1-ttm,0.00,0.00
2025-10-07 13:52:29,5766,kworker/u68:3-ttm,0.00,0.00
2025-10-07 13:52:29,5767,kworker/u68:4-ttm,0.00,0.00
2025-10-07 13:52:29,5768,kworker/u68:5-ttm,0.00,0.00
2025-10-07 13:52:29,5769,kworker/u68:6-ttm,0.00,0.00
2025-10-07 13:52:29,5770,kworker/u68:8-ttm,0.00,0.00
2025-10-07 13:52:29,5771,kworker/u68:10-ttm,0.00,0.00
2025-10-07 13:52:29,5773,kworker/u69:6-ttm,0.00,0.00
2025-10-07 13:52:29,5774,kworker/u69:7-ttm,0.00,0.00
2025-10-07 13:52:29,5775,kworker/u69:8-ttm,0.00,0.00
2025-10-07 13:52:29,5776,kworker/u69:9-ttm,0.00,0.00
2025-10-07 13:52:29,5808,Xwayland,0.00,124.49
2025-10-07 13:52:29,5827,gsd-xsettings,0.00,86.07
2025-10-07 13:52:29,5857,ibus-x11,0.00,23.84
2025-10-07 13:52:29,5863,mutter-x11-frames,0.00,90.64
2025-10-07 13:52:29,5943,kworker/u69:10-ttm,0.00,0.00
2025-10-07 13:52:29,5944,kworker/u69:11-ttm,0.00,0.00
2025-10-07 13:52:29,5945,kworker/u69:12-ttm,0.00,0.00
2025-10-07 13:52:29,5946,kworker/u69:13-ttm,0.00,0.00
2025-10-07 13:52:29,5986,kworker/u66:1-kvfree_rcu_reclaim,0.00,0.00
2025-10-07 13:52:29,5987,kworker/u66:4-kvfree_rcu_reclaim,0.00,0.00
2025-10-07 13:52:29,6214,gnome-terminal-server,0.00,51.39
2025-10-07 13:52:29,6221,bash,0.00,5.60
2025-10-07 13:52:29,6230,kworker/u66:5-events_unbound,0.00,0.00
2025-10-07 13:52:29,6231,kworker/u66:6-flush-259:0,0.00,0.00
2025-10-07 13:52:29,6232,kworker/u66:7,0.00,0.00
2025-10-07 13:52:29,6233,kworker/u65:0-events_power_efficient,0.00,0.00
2025-10-07 13:52:29,6235,kworker/u69:14-ttm,0.00,0.00
2025-10-07 13:52:29,6236,kworker/u69:15-ttm,0.00,0.00
2025-10-07 13:52:29,6237,kworker/u69:16,0.00,0.00
2025-10-07 13:52:29,6262,kworker/9:0-events,0.00,0.00
2025-10-07 13:52:29,6266,kworker/0:2,0.00,0.00
2025-10-07 13:52:29,6292,code,0.00,244.11
2025-10-07 13:52:29,6295,code,0.00,96.03
2025-10-07 13:52:29,6296,code,0.00,95.51
2025-10-07 13:52:29,6298,code,0.00,19.71
2025-10-07 13:52:29,6317,chrome_crashpad_handler,0.00,3.26
2025-10-07 13:52:29,6336,code,0.00,163.66
2025-10-07 13:52:29,6339,code,0.00,117.54
2025-10-07 13:52:29,6392,code,0.00,313.01
2025-10-07 13:52:29,6409,code,0.00,153.23
2025-10-07 13:52:29,6414,code,0.00,261.96
2025-10-07 13:52:29,6422,code,0.00,157.23
2025-10-07 13:52:29,6431,code,0.00,153.10
2025-10-07 13:52:29,6484,bash,0.00,5.25
2025-10-07 13:52:29,6505,bash,0.00,5.47
2025-10-07 13:52:29,6548,pet,0.00,3.39
2025-10-07 13:52:29,6679,bash,0.00,5.34
2025-10-07 13:52:29,6710,code,0.00,479.06
2025-10-07 13:52:29,6848,kworker/4:0,0.00,0.00
2025-10-07 13:52:29,6850,kworker/u64:1-gfx,0.00,0.00
2025-10-07 13:52:29,7066,python,0.00,69.72
2025-10-07 13:52:39,1,systemd,0.00,13.88
2025-10-07 13:52:39,2,kthreadd,0.00,0.00
2025-10-07 13:52:39,3,pool_workqueue_release,0.00,0.00
2025-10-07 13:52:39,4,kworker/R-rcu_gp,0.00,0.00
2025-10-07 13:52:39,5,kworker/R-sync_wq,0.00,0.00
2025-10-07 13:52:39,6,kworker/R-kvfree_rcu_reclaim,0.00,0.00
2025-10-07 13:52:39,7,kworker/R-slub_flushwq,0.00,0.00
2025-10-07 13:52:39,8,kworker/R-netns,0.00,0.00
2025-10-07 13:52:39,10,kworker/0:1-events,0.00,0.00
2025-10-07 13:52:39,11,kworker/0:0H-events_highpri,0.00,0.00
2025-10-07 13:52:39,13,kworker/R-mm_percpu_wq,0.00,0.00
2025-10-07 13:52:39,14,rcu_tasks_kthread,0.00,0.00
2025-10-07 13:52:39,15,rcu_tasks_rude_kthread,0.00,0.00
2025-10-07 13:52:39,16,rcu_tasks_trace_kthread,0.00,0.00
2025-10-07 13:52:39,17,ksoftirqd/0,0.00,0.00
2025-10-07 13:52:39,18,rcu_preempt,0.10,0.00
2025-10-07 13:52:39,19,rcu_exp_par_gp_kthread_worker/0,0.00,0.00
2025-10-07 13:52:39,20,rcu_exp_gp_kthread_worker,0.00,0.00
2025-10-07 13:52:39,21,migration/0,0.00,0.00
2025-10-07 13:52:39,22,idle_inject/0,0.00,0.00
2025-10-07 13:52:39,23,cpuhp/0,0.00,0.00
2025-10-07 13:52:39,24,cpuhp/2,0.00,0.00
2025-10-07 13:52:39,25,idle_inject/2,0.00,0.00
2025-10-07 13:52:39,26,migration/2,0.00,0.00
2025-10-07 13:52:39,27,ksoftirqd/2,0.00,0.00
2025-10-07 13:52:39,29,kworker/2:0H-events_highpri,0.00,0.00
2025-10-07 13:52:39,30,cpuhp/4,0.00,0.00
2025-10-07 13:52:39,31,idle_inject/4,0.00,0.00
2025-10-07 13:52:39,32,migration/4,0.00,0.00
2025-10-07 13:52:39,33,ksoftirqd/4,0.00,0.00
2025-10-07 13:52:39,35,kworker/4:0H-events_highpri,0.00,0.00
2025-10-07 13:52:39,36,cpuhp/6,0.00,0.00
2025-10-07 13:52:39,37,idle_inject/6,0.00,0.00
2025-10-07 13:52:39,38,migration/6,0.00,0.00
2025-10-07 13:52:39,39,ksoftirqd/6,0.00,0.00
2025-10-07 13:52:39,40,kworker/6:0-events,0.00,0.00
2025-10-07 13:52:39,41,kworker/6:0H-events_highpri,0.00,0.00
2025-10-07 13:52:39,42,cpuhp/8,0.00,0.00
2025-10-07 13:52:39,43,idle_inject/8,0.00,0.00
2025-10-07 13:52:39,44,migration/8,0.00,0.00
2025-10-07 13:52:39,45,ksoftirqd/8,0.00,0.00
2025-10-07 13:52:39,47,kworker/8:0H-events_highpri,0.00,0.00
2025-10-07 13:52:39,48,cpuhp/10,0.00,0.00
2025-10-07 13:52:39,49,idle_inject/10,0.00,0.00
2025-10-07 13:52:39,50,migration/10,0.00,0.00
2025-10-07 13:52:39,51,ksoftirqd/10,0.00,0.00
2025-10-07 13:52:39,53,kworker/10:0H-events_highpri,0.00,0.00
2025-10-07 13:52:39,54,cpuhp/12,0.00,0.00
2025-10-07 13:52:39,55,idle_inject/12,0.00,0.00
2025-10-07 13:52:39,56,migration/12,0.00,0.00
2025-10-07 13:52:39,57,ksoftirqd/12,0.00,0.00
2025-10-07 13:52:39,59,kworker/12:0H-events_highpri,0.00,0.00
2025-10-07 13:52:39,60,cpuhp/14,0.00,0.00
2025-10-07 13:52:39,61,idle_inject/14,0.00,0.00
2025-10-07 13:52:39,62,migration/14,0.00,0.00
2025-10-07 13:52:39,63,ksoftirqd/14,0.00,0.00
2025-10-07 13:52:39,64,kworker/14:0-events,0.00,0.00
2025-10-07 13:52:39,65,kworker/14:0H-events_highpri,0.00,0.00
2025-10-07 13:52:39,66,cpuhp/1,0.00,0.00
2025-10-07 13:52:39,67,idle_inject/1,0.00,0.00
2025-10-07 13:52:39,68,migration/1,0.00,0.00
2025-10-07 13:52:39,69,ksoftirqd/1,0.00,0.00
2025-10-07 13:52:39,71,kworker/1:0H-events_highpri,0.00,0.00
2025-10-07 13:52:39,72,cpuhp/3,0.00,0.00
2025-10-07 13:52:39,73,idle_inject/3,0.00,0.00
2025-10-07 13:52:39,74,migration/3,0.00,0.00
2025-10-07 13:52:39,75,ksoftirqd/3,0.00,0.00
2025-10-07 13:52:39,77,kworker/3:0H-events_highpri,0.00,0.00
2025-10-07 13:52:39,78,cpuhp/5,0.00,0.00
2025-10-07 13:52:39,79,idle_inject/5,0.00,0.00
2025-10-07 13:52:39,80,migration/5,0.00,0.00
2025-10-07 13:52:39,81,ksoftirqd/5,0.00,0.00
2025-10-07 13:52:39,83,kworker/5:0H-events_highpri,0.00,0.00
2025-10-07 13:52:39,84,cpuhp/7,0.00,0.00
2025-10-07 13:52:39,85,idle_inject/7,0.00,0.00
2025-10-07 13:52:39,86,migration/7,0.00,0.00
2025-10-07 13:52:39,87,ksoftirqd/7,0.00,0.00
2025-10-07 13:52:39,89,kworker/7:0H-events_highpri,0.00,0.00
2025-10-07 13:52:39,90,cpuhp/9,0.00,0.00
2025-10-07 13:52:39,91,idle_inject/9,0.00,0.00
2025-10-07 13:52:39,92,migration/9,0.00,0.00
2025-10-07 13:52:39,93,ksoftirqd/9,0.00,0.00
2025-10-07 13:52:39,95,kworker/9:0H-events_highpri,0.00,0.00
2025-10-07 13:52:39,96,cpuhp/11,0.00,0.00
2025-10-07 13:52:39,97,idle_inject/11,0.00,0.00
2025-10-07 13:52:39,98,migration/11,0.00,0.00
2025-10-07 13:52:39,99,ksoftirqd/11,0.00,0.00
2025-10-07 13:52:39,101,kworker/11:0H-events_highpri,0.00,0.00
2025-10-07 13:52:39,102,cpuhp/13,0.00,0.00
2025-10-07 13:52:39,103,idle_inject/13,0.00,0.00
2025-10-07 13:52:39,104,migration/13,0.00,0.00
2025-10-07 13:52:39,105,ksoftirqd/13,0.00,0.00
2025-10-07 13:52:39,107,kworker/13:0H-events_highpri,0.00,0.00
2025-10-07 13:52:39,108,cpuhp/15,0.00,0.00
2025-10-07 13:52:39,109,idle_inject/15,0.00,0.00
2025-10-07 13:52:39,110,migration/15,0.00,0.00
2025-10-07 13:52:39,111,ksoftirqd/15,0.00,0.00
2025-10-07 13:52:39,113,kworker/15:0H-events_highpri,0.00,0.00
2025-10-07 13:52:39,116,kdevtmpfs,0.00,0.00
2025-10-07 13:52:39,117,kworker/R-inet_frag_wq,0.00,0.00
2025-10-07 13:52:39,118,kauditd,0.00,0.00
2025-10-07 13:52:39,119,khungtaskd,0.00,0.00
2025-10-07 13:52:39,120,oom_reaper,0.00,0.00
2025-10-07 13:52:39,123,kworker/R-writeback,0.00,0.00
2025-10-07 13:52:39,124,kcompactd0,0.00,0.00
2025-10-07 13:52:39,125,ksmd,0.00,0.00
2025-10-07 13:52:39,126,khugepaged,0.00,0.00
2025-10-07 13:52:39,127,kworker/R-kintegrityd,0.00,0.00
2025-10-07 13:52:39,128,kworker/R-kblockd,0.00,0.00
2025-10-07 13:52:39,129,kworker/R-blkcg_punt_bio,0.00,0.00
2025-10-07 13:52:39,130,irq/9-acpi,0.00,0.00
2025-10-07 13:52:39,131,kworker/10:1-events,0.00,0.00
2025-10-07 13:52:39,133,kworker/1:1-events_freezable,0.00,0.00
2025-10-07 13:52:39,134,kworker/R-tpm_dev_wq,0.00,0.00
2025-10-07 13:52:39,135,kworker/R-ata_sff,0.00,0.00
2025-10-07 13:52:39,137,kworker/R-md,0.00,0.00
2025-10-07 13:52:39,138,kworker/R-md_bitmap,0.00,0.00
2025-10-07 13:52:39,139,kworker/R-edac-poller,0.00,0.00
2025-10-07 13:52:39,141,kworker/R-devfreq_wq,0.00,0.00
2025-10-07 13:52:39,142,watchdogd,0.00,0.00
2025-10-07 13:52:39,143,kworker/8:1H-kblockd,0.00,0.00
2025-10-07 13:52:39,145,irq/25-AMD-Vi0-Evt,0.00,0.00
2025-10-07 13:52:39,146,irq/26-AMD-Vi0-PPR,0.00,0.00
2025-10-07 13:52:39,147,irq/27-AMD-Vi0-GA,0.00,0.00
2025-10-07 13:52:39,148,kswapd0,0.00,0.00
2025-10-07 13:52:39,149,ecryptfs-kthread,0.00,0.00
2025-10-07 13:52:39,150,kworker/R-kthrotld,0.00,0.00
2025-10-07 13:52:39,151,kworker/u67:0-hci0,0.00,0.00
2025-10-07 13:52:39,152,kworker/R-acpi_thermal_pm,0.00,0.00
2025-10-07 13:52:39,154,kworker/2:1-events,0.00,0.00
2025-10-07 13:52:39,155,kworker/R-mld,0.00,0.00
2025-10-07 13:52:39,156,kworker/R-ipv6_addrconf,0.00,0.00
2025-10-07 13:52:39,157,kworker/2:1H-kblockd,0.00,0.00
2025-10-07 13:52:39,164,kworker/R-kstrp,0.00,0.00
2025-10-07 13:52:39,167,kworker/7:1-mm_percpu_wq,0.00,0.00
2025-10-07 13:52:39,168,kworker/9:1-events,0.00,0.00
2025-10-07 13:52:39,169,kworker/13:1-events,0.00,0.00
2025-10-07 13:52:39,170,kworker/5:1-events,0.00,0.00
2025-10-07 13:52:39,171,kworker/11:1-events,0.00,0.00
2025-10-07 13:52:39,189,kworker/R-charger_manager,0.00,0.00
2025-10-07 13:52:39,190,kworker/0:1H-kblockd,0.00,0.00
2025-10-07 13:52:39,217,kworker/4:1H-kblockd,0.00,0.00
2025-10-07 13:52:39,221,kworker/12:1H-kblockd,0.00,0.00
2025-10-07 13:52:39,239,kworker/6:1H-kblockd,0.00,0.00
2025-10-07 13:52:39,257,kworker/1:1H-kblockd,0.00,0.00
2025-10-07 13:52:39,258,kworker/10:1H-kblockd,0.00,0.00
2025-10-07 13:52:39,259,kworker/13:1H-kblockd,0.00,0.00
2025-10-07 13:52:39,260,kworker/3:1H-kblockd,0.00,0.00
2025-10-07 13:52:39,261,kworker/9:1H-kblockd,0.00,0.00
2025-10-07 13:52:39,262,kworker/15:1H-kblockd,0.00,0.00
2025-10-07 13:52:39,263,kworker/5:1H-kblockd,0.00,0.00
2025-10-07 13:52:39,264,kworker/14:1H-kblockd,0.00,0.00
2025-10-07 13:52:39,265,kworker/7:1H-kblockd,0.00,0.00
2025-10-07 13:52:39,268,kworker/11:1H-kblockd,0.00,0.00
2025-10-07 13:52:39,308,irq/50-PNP0C50:0b,0.00,0.00
2025-10-07 13:52:39,314,kworker/R-nvme-wq,0.00,0.00
2025-10-07 13:52:39,315,kworker/R-nvme-reset-wq,0.00,0.00
2025-10-07 13:52:39,316,kworker/R-nvme-delete-wq,0.00,0.00
2025-10-07 13:52:39,317,kworker/R-nvme-auth-wq,0.00,0.00
2025-10-07 13:52:39,319,kworker/13:2-events,0.00,0.00
2025-10-07 13:52:39,373,jbd2/nvme0n1p2-8,0.00,0.00
2025-10-07 13:52:39,374,kworker/R-ext4-rsv-conversion,0.00,0.00
2025-10-07 13:52:39,425,systemd-journald,0.00,18.52
2025-10-07 13:52:39,461,systemd-udevd,0.00,8.51
2025-10-07 13:52:39,512,psimon,0.00,0.00
2025-10-07 13:52:39,588,kworker/12:2-events,0.00,0.00
2025-10-07 13:52:39,647,kworker/R-cfg80211,0.00,0.00
2025-10-07 13:52:39,648,kworker/R-cryptd,0.00,0.00
2025-10-07 13:52:39,697,irq/69-rtw89_pci,0.40,0.00
2025-10-07 13:52:39,710,kworker/R-amdgpu-reset-dev,0.00,0.00
2025-10-07 13:52:39,807,kworker/R-ttm,0.00,0.00
2025-10-07 13:52:39,847,systemd-oomd,0.10,7.46
2025-10-07 13:52:39,848,systemd-resolved,0.00,13.04
2025-10-07 13:52:39,849,systemd-timesyncd,0.00,7.68
2025-10-07 13:52:39,894,avahi-daemon,0.10,5.22
2025-10-07 13:52:39,895,bluetoothd,0.00,6.47
2025-10-07 13:52:39,896,dbus-daemon,0.00,7.33
2025-10-07 13:52:39,899,gnome-remote-desktop-daemon,0.00,16.39
2025-10-07 13:52:39,902,polkitd,0.00,12.21
2025-10-07 13:52:39,905,power-profiles-daemon,0.00,7.56
2025-10-07 13:52:39,914,snapd,0.00,39.73
2025-10-07 13:52:39,917,accounts-daemon,0.00,7.99
2025-10-07 13:52:39,920,cron,0.00,2.79
2025-10-07 13:52:39,923,switcheroo-control,0.00,6.84
2025-10-07 13:52:39,926,systemd-logind,0.00,9.04
2025-10-07 13:52:39,928,udisksd,0.00,13.92
2025-10-07 13:52:39,949,avahi-daemon,0.00,1.51
2025-10-07 13:52:39,951,NetworkManager,0.00,19.79
2025-10-07 13:52:39,959,wpa_supplicant,0.00,12.00
2025-10-07 13:52:39,977,kworker/11:2-events,0.00,0.00
2025-10-07 13:52:39,1009,rsyslogd,0.00,5.94
2025-10-07 13:52:39,1066,ModemManager,0.00,12.69
2025-10-07 13:52:39,1150,kworker/R-amdgpu_dm_hpd_rx_offload_wq,0.00,0.00
2025-10-07 13:52:39,1151,kworker/R-amdgpu_dm_hpd_rx_offload_wq,0.00,0.00
2025-10-07 13:52:39,1152,kworker/R-amdgpu_dm_hpd_rx_offload_wq,0.00,0.00
2025-10-07 13:52:39,1153,kworker/R-dm_vblank_control_workqueue,0.00,0.00
2025-10-07 13:52:39,1156,card1-crtc0,0.00,0.00
2025-10-07 13:52:39,1157,card1-crtc1,0.00,0.00
2025-10-07 13:52:39,1158,card1-crtc2,0.00,0.00
2025-10-07 13:52:39,1159,card1-crtc3,0.00,0.00
2025-10-07 13:52:39,1160,kworker/R-gfx,0.00,0.00
2025-10-07 13:52:39,1161,kworker/R-comp_1.0.0,0.00,0.00
2025-10-07 13:52:39,1162,kworker/R-comp_1.1.0,0.00,0.00
2025-10-07 13:52:39,1163,kworker/R-comp_1.2.0,0.00,0.00
2025-10-07 13:52:39,1164,kworker/R-comp_1.3.0,0.00,0.00
2025-10-07 13:52:39,1165,kworker/R-comp_1.0.1,0.00,0.00
2025-10-07 13:52:39,1166,kworker/R-comp_1.1.1,0.00,0.00
2025-10-07 13:52:39,1167,kworker/R-comp_1.2.1,0.00,0.00
2025-10-07 13:52:39,1168,kworker/R-comp_1.3.1,0.00,0.00
2025-10-07 13:52:39,1169,kworker/R-sdma0,0.00,0.00
2025-10-07 13:52:39,1170,kworker/R-vcn_dec,0.00,0.00
2025-10-07 13:52:39,1171,kworker/R-vcn_enc0,0.00,0.00
2025-10-07 13:52:39,1172,kworker/R-vcn_enc1,0.00,0.00
2025-10-07 13:52:39,1173,kworker/R-jpeg_dec,0.00,0.00
2025-10-07 13:52:39,1345,cupsd,0.00,11.75
2025-10-07 13:52:39,1353,unattended-upgr,0.00,22.52
2025-10-07 13:52:39,1368,dbus,0.00,6.74
2025-10-07 13:52:39,1376,gdm3,0.00,9.23
2025-10-07 13:52:39,1385,mysqld,1.30,389.47
2025-10-07 13:52:39,1392,psimon,0.00,0.00
2025-10-07 13:52:39,1399,kworker/14:3-events,0.00,0.00
2025-10-07 13:52:39,1494,rtkit-daemon,0.00,3.44
2025-10-07 13:52:39,1558,kworker/7:2-events,0.00,0.00
2025-10-07 13:52:39,1589,krfcommd,0.00,0.00
2025-10-07 13:52:39,1687,colord,0.00,14.56
2025-10-07 13:52:39,1799,upowerd,0.10,9.72
2025-10-07 13:52:39,2127,cups-browsed,0.00,19.58
2025-10-07 13:52:39,2129,kerneloops,0.00,2.31
2025-10-07 13:52:39,2132,kerneloops,0.00,2.29
2025-10-07 13:52:39,2152,gdm-session-worker,0.00,10.95
2025-10-07 13:52:39,2169,systemd,0.00,12.61
2025-10-07 13:52:39,2172,(sd-pam),0.00,3.57
2025-10-07 13:52:39,2184,pipewire,0.00,15.76
2025-10-07 13:52:39,2185,pipewire,0.00,5.67
2025-10-07 13:52:39,2188,wireplumber,0.00,18.71
2025-10-07 13:52:39,2190,pipewire-pulse,0.00,18.13
2025-10-07 13:52:39,2192,gnome-keyring-daemon,0.00,10.11
2025-10-07 13:52:39,2202,dbus-daemon,0.00,6.56
2025-10-07 13:52:39,2256,xdg-document-portal,0.00,7.48
2025-10-07 13:52:39,2260,xdg-permission-store,0.00,6.12
2025-10-07 13:52:39,2267,fusermount3,0.00,2.01
2025-10-07 13:52:39,2289,gdm-wayland-session,0.00,6.18
2025-10-07 13:52:39,2299,gnome-session-binary,0.00,16.20
2025-10-07 13:52:39,2376,gcr-ssh-agent,0.00,6.93
2025-10-07 13:52:39,2377,gnome-session-ctl,0.00,5.66
2025-10-07 13:52:39,2392,gvfsd,0.00,8.07
2025-10-07 13:52:39,2400,gvfsd-fuse,0.00,6.92
2025-10-07 13:52:39,2403,gnome-session-binary,0.00,18.07
2025-10-07 13:52:39,2438,gnome-shell,1.30,334.16
2025-10-07 13:52:39,2440,at-spi-bus-launcher,0.00,7.79
2025-10-07 13:52:39,2451,dbus-daemon,0.00,5.12
2025-10-07 13:52:39,2530,at-spi2-registryd,0.00,7.67
2025-10-07 13:52:39,2555,gnome-shell-calendar-server,0.00,17.62
2025-10-07 13:52:39,2563,evolution-source-registry,0.00,87.43
2025-10-07 13:52:39,2564,dconf-service,0.00,6.10
2025-10-07 13:52:39,2577,gjs,0.00,26.86
2025-10-07 13:52:39,2579,ibus-daemon,0.00,12.14
2025-10-07 13:52:39,2581,gsd-a11y-settings,0.00,6.63
2025-10-07 13:52:39,2585,gsd-color,0.00,19.95
2025-10-07 13:52:39,2586,gsd-datetime,0.00,12.00
2025-10-07 13:52:39,2599,gsd-housekeeping,0.00,7.98
2025-10-07 13:52:39,2601,gsd-keyboard,0.00,19.13
2025-10-07 13:52:39,2602,gsd-media-keys,0.00,24.63
2025-10-07 13:52:39,2607,gsd-power,0.00,25.85
2025-10-07 13:52:39,2611,gsd-print-notifications,0.00,11.48
2025-10-07 13:52:39,2616,gsd-rfkill,0.00,6.77
2025-10-07 13:52:39,2626,gsd-screensaver-proxy,0.00,6.18
2025-10-07 13:52:39,2629,gsd-sharing,0.00,11.77
2025-10-07 13:52:39,2631,gsd-smartcard,0.00,8.14
2025-10-07 13:52:39,2637,gsd-sound,0.00,9.76
2025-10-07 13:52:39,2646,gsd-wacom,0.00,20.26
2025-10-07 13:52:39,2680,gsd-disk-utility-notify,0.00,7.33
2025-10-07 13:52:39,2716,gvfs-udisks2-volume-monitor,0.00,10.33
2025-10-07 13:52:39,2719,evolution-alarm-notify,0.00,107.36
2025-10-07 13:52:39,2724,ibus-memconf,0.00,7.09
2025-10-07 13:52:39,2726,ibus-extension-gtk3,0.00,28.90
2025-10-07 13:52:39,2738,ibus-portal,0.00,7.17
2025-10-07 13:52:39,2815,goa-daemon,0.00,23.61
2025-10-07 13:52:39,2819,gvfs-goa-volume-monitor,0.00,6.50
2025-10-07 13:52:39,2837,goa-identity-service,0.00,9.13
2025-10-07 13:52:39,2843,evolution-calendar-factory,0.00,24.12
2025-10-07 13:52:39,2844,gsd-printer,0.00,14.89
2025-10-07 13:52:39,2857,gvfs-mtp-volume-monitor,0.00,6.70
2025-10-07 13:52:39,2870,gvfs-gphoto2-volume-monitor,0.00,7.00
2025-10-07 13:52:39,2877,gvfs-afc-volume-monitor,0.00,7.73
2025-10-07 13:52:39,2887,evolution-addressbook-factory,0.00,29.40
2025-10-07 13:52:39,2914,ibus-engine-simple,0.00,7.47
2025-10-07 13:52:39,2941,gvfsd-trash,0.00,9.15
2025-10-07 13:52:39,2966,tracker-miner-fs-3,0.00,28.61
2025-10-07 13:52:39,2969,xdg-desktop-portal,0.00,14.50
2025-10-07 13:52:39,2978,xdg-desktop-portal-gnome,0.00,86.33
2025-10-07 13:52:39,3001,gjs,0.00,26.85
2025-10-07 13:52:39,3027,xdg-desktop-portal-gtk,0.00,25.89
2025-10-07 13:52:39,3100,gvfsd-metadata,0.00,6.52
2025-10-07 13:52:39,3113,snapd-desktop-integration,0.00,11.69
2025-10-07 13:52:39,3179,snapd-desktop-integration,0.00,30.21
2025-10-07 13:52:39,3211,chrome,0.00,425.09
2025-10-07 13:52:39,3217,cat,0.00,1.85
2025-10-07 13:52:39,3218,cat,0.00,1.85
2025-10-07 13:52:39,3220,chrome_crashpad_handler,0.00,4.09
2025-10-07 13:52:39,3222,chrome_crashpad_handler,0.00,3.32
2025-10-07 13:52:39,3228,chrome,0.00,108.12
2025-10-07 13:52:39,3229,chrome,0.00,109.58
2025-10-07 13:52:39,3231,chrome,0.00,25.02
2025-10-07 13:52:39,3273,chrome,0.00,281.52
2025-10-07 13:52:39,3276,chrome,0.00,186.85
2025-10-07 13:52:39,3286,chrome,0.00,66.57
2025-10-07 13:52:39,3362,chrome,0.00,134.95
2025-10-07 13:52:39,3446,chrome,0.00,189.97
2025-10-07 13:52:39,3576,update-notifier,0.00,32.60
2025-10-07 13:52:39,3739,chrome,0.00,169.65
2025-10-07 13:52:39,3747,chrome,0.00,185.59
2025-10-07 13:52:39,3826,kworker/5:0-events,0.00,0.00
2025-10-07 13:52:39,3878,chrome,0.10,561.77
2025-10-07 13:52:39,3973,chrome,0.00,155.57
2025-10-07 13:52:39,3984,chrome,0.00,174.69
2025-10-07 13:52:39,4111,kworker/15:3-cgroup_destroy,0.00,0.00
2025-10-07 13:52:39,4161,chrome,0.00,268.05
2025-10-07 13:52:39,4229,kworker/3:0-events,0.00,0.00
2025-10-07 13:52:39,4283,kworker/4:2-events,0.00,0.00
2025-10-07 13:52:39,4328,kworker/6:1-events,0.00,0.00
2025-10-07 13:52:39,4358,chrome,0.00,152.70
2025-10-07 13:52:39,4428,chrome,0.00,294.04
2025-10-07 13:52:39,4515,chrome,0.00,322.98
2025-10-07 13:52:39,4557,chrome,0.00,85.26
2025-10-07 13:52:39,4567,kworker/12:1-events,0.00,0.00
2025-10-07 13:52:39,4573,kworker/9:2-events,0.00,0.00
2025-10-07 13:52:39,4586,kworker/u64:0-ipv6_addrconf,0.30,0.00
2025-10-07 13:52:39,4645,kworker/3:2-events,0.00,0.00
2025-10-07 13:52:39,4774,kworker/8:3-mm_percpu_wq,0.00,0.00
2025-10-07 13:52:39,4943,kworker/15:2-mm_percpu_wq,0.00,0.00
2025-10-07 13:52:39,5028,kworker/0:0-events,0.00,0.00
2025-10-07 13:52:39,5074,kworker/u65:5-events_unbound,0.00,0.00
2025-10-07 13:52:39,5082,kworker/u65:15-kvfree_rcu_reclaim,0.00,0.00
2025-10-07 13:52:39,5085,kworker/u65:18-events_power_efficient,0.00,0.00
2025-10-07 13:52:39,5088,kworker/2:0-cgwb_release,0.00,0.00
2025-10-07 13:52:39,5110,kworker/u65:27-kvfree_rcu_reclaim,0.00,0.00
2025-10-07 13:52:39,5114,kworker/u67:2-hci0,0.00,0.00
2025-10-07 13:52:39,5208,kworker/1:3-events,0.00,0.00
2025-10-07 13:52:39,5321,kworker/u68:0-rtw89_tx_wq,0.00,0.00
2025-10-07 13:52:39,5463,kworker/10:3-events,0.00,0.00
2025-10-07 13:52:39,5558,kworker/u66:0-flush-259:0,0.00,0.00
2025-10-07 13:52:39,5559,kworker/u69:0-ttm,0.00,0.00
2025-10-07 13:52:39,5650,kworker/u69:1-ttm,0.00,0.00
2025-10-07 13:52:39,5655,kworker/u66:2-flush-259:0,0.00,0.00
2025-10-07 13:52:39,5687,gjs,0.00,65.67
2025-10-07 13:52:39,5731,kworker/u66:3-iou_exit,0.00,0.00
2025-10-07 13:52:39,5738,kworker/4:3-cgroup_destroy,0.00,0.00
2025-10-07 13:52:39,5741,kworker/u69:2-ttm,0.00,0.00
2025-10-07 13:52:39,5742,kworker/u69:3-ttm,0.00,0.00
2025-10-07 13:52:39,5743,kworker/u69:4-ttm,0.00,0.00
2025-10-07 13:52:39,5744,kworker/u69:5-rtw89_tx_wq,0.00,0.00
2025-10-07 13:52:39,5752,kworker/8:2,0.00,0.00
2025-10-07 13:52:39,5755,kworker/u64:2-gfx,0.00,0.00
2025-10-07 13:52:39,5758,kworker/u68:1-ttm,0.00,0.00
2025-10-07 13:52:39,5766,kworker/u68:3-ttm,0.00,0.00
2025-10-07 13:52:39,5767,kworker/u68:4-ttm,0.00,0.00
2025-10-07 13:52:39,5768,kworker/u68:5-ttm,0.00,0.00
2025-10-07 13:52:39,5769,kworker/u68:6-ttm,0.00,0.00
2025-10-07 13:52:39,5770,kworker/u68:8-ttm,0.00,0.00
2025-10-07 13:52:39,5771,kworker/u68:10-ttm,0.00,0.00
2025-10-07 13:52:39,5773,kworker/u69:6-ttm,0.00,0.00
2025-10-07 13:52:39,5774,kworker/u69:7-ttm,0.00,0.00
2025-10-07 13:52:39,5775,kworker/u69:8-ttm,0.00,0.00
2025-10-07 13:52:39,5776,kworker/u69:9-ttm,0.00,0.00
2025-10-07 13:52:39,5808,Xwayland,0.50,124.49
2025-10-07 13:52:39,5827,gsd-xsettings,0.00,86.07
2025-10-07 13:52:39,5857,ibus-x11,0.00,23.84
2025-10-07 13:52:39,5863,mutter-x11-frames,0.00,90.64
2025-10-07 13:52:39,5943,kworker/u69:10-ttm,0.00,0.00
2025-10-07 13:52:39,5944,kworker/u69:11-ttm,0.00,0.00
2025-10-07 13:52:39,5945,kworker/u69:12-ttm,0.00,0.00
2025-10-07 13:52:39,5946,kworker/u69:13-ttm,0.00,0.00
2025-10-07 13:52:39,5986,kworker/u66:1-kvfree_rcu_reclaim,0.00,0.00
2025-10-07 13:52:39,5987,kworker/u66:4-flush-259:0,0.10,0.00
2025-10-07 13:52:39,6214,gnome-terminal-server,0.00,51.39
2025-10-07 13:52:39,6221,bash,0.00,5.60
2025-10-07 13:52:39,6230,kworker/u66:5-flush-259:0,0.10,0.00
2025-10-07 13:52:39,6231,kworker/u66:6-flush-259:0,0.00,0.00
2025-10-07 13:52:39,6232,kworker/u66:7,0.00,0.00
2025-10-07 13:52:39,6233,kworker/u65:0-events_power_efficient,0.00,0.00
2025-10-07 13:52:39,6235,kworker/u69:14-ttm,0.00,0.00
2025-10-07 13:52:39,6236,kworker/u69:15-ttm,0.00,0.00
2025-10-07 13:52:39,6237,kworker/u69:16,0.00,0.00
2025-10-07 13:52:39,6262,kworker/9:0-events,0.00,0.00
2025-10-07 13:52:39,6266,kworker/0:2,0.00,0.00
2025-10-07 13:52:39,6292,code,0.20,244.11
2025-10-07 13:52:39,6295,code,0.00,96.03
2025-10-07 13:52:39,6296,code,0.00,95.51
2025-10-07 13:52:39,6298,code,0.00,19.71
2025-10-07 13:52:39,6317,chrome_crashpad_handler,0.00,3.26
2025-10-07 13:52:39,6336,code,1.50,162.98
2025-10-07 13:52:39,6339,code,0.20,117.54
2025-10-07 13:52:39,6392,code,2.20,314.25
2025-10-07 13:52:39,6409,code,0.80,152.94
2025-10-07 13:52:39,6414,code,2.80,261.62
2025-10-07 13:52:39,6422,code,0.10,157.08
2025-10-07 13:52:39,6431,code,0.10,153.22
2025-10-07 13:52:39,6484,bash,0.00,5.25
2025-10-07 13:52:39,6505,bash,0.00,5.47
2025-10-07 13:52:39,6548,pet,0.00,3.39
2025-10-07 13:52:39,6679,bash,0.00,5.34
2025-10-07 13:52:39,6710,code,1.30,388.93
2025-10-07 13:52:39,6848,kworker/4:0,0.00,0.00
2025-10-07 13:52:39,6850,kworker/u64:1-gfx,0.00,0.00
2025-10-07 13:52:39,7066,python,0.50,71.40
2025-10-07 13:52:49,1,systemd,0.00,13.88
2025-10-07 13:52:49,2,kthreadd,0.00,0.00
2025-10-07 13:52:49,3,pool_workqueue_release,0.00,0.00
2025-10-07 13:52:49,4,kworker/R-rcu_gp,0.00,0.00
2025-10-07 13:52:49,5,kworker/R-sync_wq,0.00,0.00
2025-10-07 13:52:49,6,kworker/R-kvfree_rcu_reclaim,0.00,0.00
2025-10-07 13:52:49,7,kworker/R-slub_flushwq,0.00,0.00
2025-10-07 13:52:49,8,kworker/R-netns,0.00,0.00
2025-10-07 13:52:49,10,kworker/0:1-events,0.00,0.00
2025-10-07 13:52:49,11,kworker/0:0H-events_highpri,0.00,0.00
2025-10-07 13:52:49,13,kworker/R-mm_percpu_wq,0.00,0.00
2025-10-07 13:52:49,14,rcu_tasks_kthread,0.00,0.00
2025-10-07 13:52:49,15,rcu_tasks_rude_kthread,0.00,0.00
2025-10-07 13:52:49,16,rcu_tasks_trace_kthread,0.00,0.00
2025-10-07 13:52:49,17,ksoftirqd/0,0.00,0.00
2025-10-07 13:52:49,18,rcu_preempt,0.10,0.00
2025-10-07 13:52:49,19,rcu_exp_par_gp_kthread_worker/0,0.00,0.00
2025-10-07 13:52:49,20,rcu_exp_gp_kthread_worker,0.00,0.00
2025-10-07 13:52:49,21,migration/0,0.00,0.00
2025-10-07 13:52:49,22,idle_inject/0,0.00,0.00
2025-10-07 13:52:49,23,cpuhp/0,0.00,0.00
2025-10-07 13:52:49,24,cpuhp/2,0.00,0.00
2025-10-07 13:52:49,25,idle_inject/2,0.00,0.00
2025-10-07 13:52:49,26,migration/2,0.00,0.00
2025-10-07 13:52:49,27,ksoftirqd/2,0.00,0.00
2025-10-07 13:52:49,29,kworker/2:0H-events_highpri,0.00,0.00
2025-10-07 13:52:49,30,cpuhp/4,0.00,0.00
2025-10-07 13:52:49,31,idle_inject/4,0.00,0.00
2025-10-07 13:52:49,32,migration/4,0.00,0.00
2025-10-07 13:52:49,33,ksoftirqd/4,0.00,0.00
2025-10-07 13:52:49,35,kworker/4:0H-events_highpri,0.00,0.00
2025-10-07 13:52:49,36,cpuhp/6,0.00,0.00
2025-10-07 13:52:49,37,idle_inject/6,0.00,0.00
2025-10-07 13:52:49,38,migration/6,0.00,0.00
2025-10-07 13:52:49,39,ksoftirqd/6,0.00,0.00
2025-10-07 13:52:49,40,kworker/6:0-events,0.00,0.00
2025-10-07 13:52:49,41,kworker/6:0H-events_highpri,0.00,0.00
2025-10-07 13:52:49,42,cpuhp/8,0.00,0.00
2025-10-07 13:52:49,43,idle_inject/8,0.00,0.00
2025-10-07 13:52:49,44,migration/8,0.00,0.00
2025-10-07 13:52:49,45,ksoftirqd/8,0.00,0.00
2025-10-07 13:52:49,47,kworker/8:0H-events_highpri,0.00,0.00
2025-10-07 13:52:49,48,cpuhp/10,0.00,0.00
2025-10-07 13:52:49,49,idle_inject/10,0.00,0.00
2025-10-07 13:52:49,50,migration/10,0.00,0.00
2025-10-07 13:52:49,51,ksoftirqd/10,0.00,0.00
2025-10-07 13:52:49,53,kworker/10:0H-events_highpri,0.00,0.00
2025-10-07 13:52:49,54,cpuhp/12,0.00,0.00
2025-10-07 13:52:49,55,idle_inject/12,0.00,0.00
2025-10-07 13:52:49,56,migration/12,0.00,0.00
2025-10-07 13:52:49,57,ksoftirqd/12,0.00,0.00
2025-10-07 13:52:49,59,kworker/12:0H-events_highpri,0.00,0.00
2025-10-07 13:52:49,60,cpuhp/14,0.00,0.00
2025-10-07 13:52:49,61,idle_inject/14,0.00,0.00
2025-10-07 13:52:49,62,migration/14,0.00,0.00
2025-10-07 13:52:49,63,ksoftirqd/14,0.00,0.00
2025-10-07 13:52:49,64,kworker/14:0-mm_percpu_wq,0.00,0.00
2025-10-07 13:52:49,65,kworker/14:0H-events_highpri,0.00,0.00
2025-10-07 13:52:49,66,cpuhp/1,0.00,0.00
2025-10-07 13:52:49,67,idle_inject/1,0.00,0.00
2025-10-07 13:52:49,68,migration/1,0.00,0.00
2025-10-07 13:52:49,69,ksoftirqd/1,0.00,0.00
2025-10-07 13:52:49,71,kworker/1:0H-events_highpri,0.00,0.00
2025-10-07 13:52:49,72,cpuhp/3,0.00,0.00
2025-10-07 13:52:49,73,idle_inject/3,0.00,0.00
2025-10-07 13:52:49,74,migration/3,0.00,0.00
2025-10-07 13:52:49,75,ksoftirqd/3,0.00,0.00
2025-10-07 13:52:49,77,kworker/3:0H-events_highpri,0.00,0.00
2025-10-07 13:52:49,78,cpuhp/5,0.00,0.00
2025-10-07 13:52:49,79,idle_inject/5,0.00,0.00
2025-10-07 13:52:49,80,migration/5,0.00,0.00
2025-10-07 13:52:49,81,ksoftirqd/5,0.00,0.00
2025-10-07 13:52:49,83,kworker/5:0H-events_highpri,0.00,0.00
2025-10-07 13:52:49,84,cpuhp/7,0.00,0.00
2025-10-07 13:52:49,85,idle_inject/7,0.00,0.00
2025-10-07 13:52:49,86,migration/7,0.00,0.00
2025-10-07 13:52:49,87,ksoftirqd/7,0.00,0.00
2025-10-07 13:52:49,89,kworker/7:0H-events_highpri,0.00,0.00
2025-10-07 13:52:49,90,cpuhp/9,0.00,0.00
2025-10-07 13:52:49,91,idle_inject/9,0.00,0.00
2025-10-07 13:52:49,92,migration/9,0.00,0.00
2025-10-07 13:52:49,93,ksoftirqd/9,0.00,0.00
2025-10-07 13:52:49,95,kworker/9:0H-events_highpri,0.00,0.00
2025-10-07 13:52:49,96,cpuhp/11,0.00,0.00
2025-10-07 13:52:49,97,idle_inject/11,0.00,0.00
2025-10-07 13:52:49,98,migration/11,0.00,0.00
2025-10-07 13:52:49,99,ksoftirqd/11,0.00,0.00
2025-10-07 13:52:49,101,kworker/11:0H-events_highpri,0.00,0.00
2025-10-07 13:52:49,102,cpuhp/13,0.00,0.00
2025-10-07 13:52:49,103,idle_inject/13,0.00,0.00
2025-10-07 13:52:49,104,migration/13,0.00,0.00
2025-10-07 13:52:49,105,ksoftirqd/13,0.00,0.00
2025-10-07 13:52:49,107,kworker/13:0H-events_highpri,0.00,0.00
2025-10-07 13:52:49,108,cpuhp/15,0.00,0.00
2025-10-07 13:52:49,109,idle_inject/15,0.00,0.00
2025-10-07 13:52:49,110,migration/15,0.00,0.00
2025-10-07 13:52:49,111,ksoftirqd/15,0.00,0.00
2025-10-07 13:52:49,113,kworker/15:0H-events_highpri,0.00,0.00
2025-10-07 13:52:49,116,kdevtmpfs,0.00,0.00
2025-10-07 13:52:49,117,kworker/R-inet_frag_wq,0.00,0.00
2025-10-07 13:52:49,118,kauditd,0.00,0.00
2025-10-07 13:52:49,119,khungtaskd,0.00,0.00
2025-10-07 13:52:49,120,oom_reaper,0.00,0.00
2025-10-07 13:52:49,123,kworker/R-writeback,0.00,0.00
2025-10-07 13:52:49,124,kcompactd0,0.00,0.00
2025-10-07 13:52:49,125,ksmd,0.00,0.00
2025-10-07 13:52:49,126,khugepaged,0.00,0.00
2025-10-07 13:52:49,127,kworker/R-kintegrityd,0.00,0.00
2025-10-07 13:52:49,128,kworker/R-kblockd,0.00,0.00
2025-10-07 13:52:49,129,kworker/R-blkcg_punt_bio,0.00,0.00
2025-10-07 13:52:49,130,irq/9-acpi,0.00,0.00
2025-10-07 13:52:49,131,kworker/10:1-events,0.00,0.00
2025-10-07 13:52:49,133,kworker/1:1-mm_percpu_wq,0.00,0.00
2025-10-07 13:52:49,134,kworker/R-tpm_dev_wq,0.00,0.00
2025-10-07 13:52:49,135,kworker/R-ata_sff,0.00,0.00
2025-10-07 13:52:49,137,kworker/R-md,0.00,0.00
2025-10-07 13:52:49,138,kworker/R-md_bitmap,0.00,0.00
2025-10-07 13:52:49,139,kworker/R-edac-poller,0.00,0.00
2025-10-07 13:52:49,141,kworker/R-devfreq_wq,0.00,0.00
2025-10-07 13:52:49,142,watchdogd,0.00,0.00
2025-10-07 13:52:49,143,kworker/8:1H-kblockd,0.00,0.00
2025-10-07 13:52:49,145,irq/25-AMD-Vi0-Evt,0.00,0.00
2025-10-07 13:52:49,146,irq/26-AMD-Vi0-PPR,0.00,0.00
2025-10-07 13:52:49,147,irq/27-AMD-Vi0-GA,0.00,0.00
2025-10-07 13:52:49,148,kswapd0,0.00,0.00
2025-10-07 13:52:49,149,ecryptfs-kthread,0.00,0.00
2025-10-07 13:52:49,150,kworker/R-kthrotld,0.00,0.00
2025-10-07 13:52:49,151,kworker/u67:0-hci0,0.00,0.00
2025-10-07 13:52:49,152,kworker/R-acpi_thermal_pm,0.00,0.00
2025-10-07 13:52:49,154,kworker/2:1-mm_percpu_wq,0.00,0.00
2025-10-07 13:52:49,155,kworker/R-mld,0.00,0.00
2025-10-07 13:52:49,156,kworker/R-ipv6_addrconf,0.00,0.00
2025-10-07 13:52:49,157,kworker/2:1H-kblockd,0.00,0.00
2025-10-07 13:52:49,164,kworker/R-kstrp,0.00,0.00
2025-10-07 13:52:49,167,kworker/7:1-mm_percpu_wq,0.00,0.00
2025-10-07 13:52:49,168,kworker/9:1-events,0.00,0.00
2025-10-07 13:52:49,169,kworker/13:1-events,0.00,0.00
2025-10-07 13:52:49,170,kworker/5:1-events,0.00,0.00
2025-10-07 13:52:49,171,kworker/11:1-events,0.00,0.00
2025-10-07 13:52:49,189,kworker/R-charger_manager,0.00,0.00
2025-10-07 13:52:49,190,kworker/0:1H-kblockd,0.00,0.00
2025-10-07 13:52:49,217,kworker/4:1H-kblockd,0.00,0.00
2025-10-07 13:52:49,221,kworker/12:1H-kblockd,0.00,0.00
2025-10-07 13:52:49,239,kworker/6:1H-kblockd,0.00,0.00
2025-10-07 13:52:49,257,kworker/1:1H-kblockd,0.00,0.00
2025-10-07 13:52:49,258,kworker/10:1H-kblockd,0.00,0.00
2025-10-07 13:52:49,259,kworker/13:1H-kblockd,0.00,0.00
2025-10-07 13:52:49,260,kworker/3:1H-kblockd,0.00,0.00
2025-10-07 13:52:49,261,kworker/9:1H-kblockd,0.00,0.00
2025-10-07 13:52:49,262,kworker/15:1H-kblockd,0.00,0.00
2025-10-07 13:52:49,263,kworker/5:1H-kblockd,0.00,0.00
2025-10-07 13:52:49,264,kworker/14:1H-kblockd,0.00,0.00
2025-10-07 13:52:49,265,kworker/7:1H-kblockd,0.00,0.00
2025-10-07 13:52:49,268,kworker/11:1H-kblockd,0.00,0.00
2025-10-07 13:52:49,308,irq/50-PNP0C50:0b,0.00,0.00
2025-10-07 13:52:49,314,kworker/R-nvme-wq,0.00,0.00
2025-10-07 13:52:49,315,kworker/R-nvme-reset-wq,0.00,0.00
2025-10-07 13:52:49,316,kworker/R-nvme-delete-wq,0.00,0.00
2025-10-07 13:52:49,317,kworker/R-nvme-auth-wq,0.00,0.00
2025-10-07 13:52:49,319,kworker/13:2-events,0.00,0.00
2025-10-07 13:52:49,373,jbd2/nvme0n1p2-8,0.00,0.00
2025-10-07 13:52:49,374,kworker/R-ext4-rsv-conversion,0.00,0.00
2025-10-07 13:52:49,425,systemd-journald,0.00,18.52
2025-10-07 13:52:49,461,systemd-udevd,0.00,8.51
2025-10-07 13:52:49,512,psimon,0.00,0.00
2025-10-07 13:52:49,588,kworker/12:2-events,0.00,0.00
2025-10-07 13:52:49,647,kworker/R-cfg80211,0.00,0.00
2025-10-07 13:52:49,648,kworker/R-cryptd,0.00,0.00
2025-10-07 13:52:49,697,irq/69-rtw89_pci,0.40,0.00
2025-10-07 13:52:49,710,kworker/R-amdgpu-reset-dev,0.00,0.00
2025-10-07 13:52:49,807,kworker/R-ttm,0.00,0.00
2025-10-07 13:52:49,847,systemd-oomd,0.00,7.46
2025-10-07 13:52:49,848,systemd-resolved,0.00,13.04
2025-10-07 13:52:49,849,systemd-timesyncd,0.00,7.68
2025-10-07 13:52:49,894,avahi-daemon,0.20,5.22
2025-10-07 13:52:49,895,bluetoothd,0.00,6.47
2025-10-07 13:52:49,896,dbus-daemon,0.00,7.33
2025-10-07 13:52:49,899,gnome-remote-desktop-daemon,0.00,16.39
2025-10-07 13:52:49,902,polkitd,0.00,12.21
2025-10-07 13:52:49,905,power-profiles-daemon,0.00,7.56
2025-10-07 13:52:49,914,snapd,0.00,39.73
2025-10-07 13:52:49,917,accounts-daemon,0.00,7.99
2025-10-07 13:52:49,920,cron,0.00,2.79
2025-10-07 13:52:49,923,switcheroo-control,0.00,6.84
2025-10-07 13:52:49,926,systemd-logind,0.00,9.04
2025-10-07 13:52:49,928,udisksd,0.00,13.92
2025-10-07 13:52:49,949,avahi-daemon,0.00,1.51
2025-10-07 13:52:49,951,NetworkManager,0.20,19.79
2025-10-07 13:52:49,959,wpa_supplicant,0.00,12.00
2025-10-07 13:52:49,977,kworker/11:2-events,0.00,0.00
2025-10-07 13:52:49,1009,rsyslogd,0.00,5.94
2025-10-07 13:52:49,1066,ModemManager,0.00,12.69
2025-10-07 13:52:49,1150,kworker/R-amdgpu_dm_hpd_rx_offload_wq,0.00,0.00
2025-10-07 13:52:49,1151,kworker/R-amdgpu_dm_hpd_rx_offload_wq,0.00,0.00
2025-10-07 13:52:49,1152,kworker/R-amdgpu_dm_hpd_rx_offload_wq,0.00,0.00
2025-10-07 13:52:49,1153,kworker/R-dm_vblank_control_workqueue,0.00,0.00
2025-10-07 13:52:49,1156,card1-crtc0,0.00,0.00
2025-10-07 13:52:49,1157,card1-crtc1,0.00,0.00
2025-10-07 13:52:49,1158,card1-crtc2,0.00,0.00
2025-10-07 13:52:49,1159,card1-crtc3,0.00,0.00
2025-10-07 13:52:49,1160,kworker/R-gfx,0.00,0.00
2025-10-07 13:52:49,1161,kworker/R-comp_1.0.0,0.00,0.00
2025-10-07 13:52:49,1162,kworker/R-comp_1.1.0,0.00,0.00
2025-10-07 13:52:49,1163,kworker/R-comp_1.2.0,0.00,0.00
2025-10-07 13:52:49,1164,kworker/R-comp_1.3.0,0.00,0.00
2025-10-07 13:52:49,1165,kworker/R-comp_1.0.1,0.00,0.00
2025-10-07 13:52:49,1166,kworker/R-comp_1.1.1,0.00,0.00
2025-10-07 13:52:49,1167,kworker/R-comp_1.2.1,0.00,0.00
2025-10-07 13:52:49,1168,kworker/R-comp_1.3.1,0.00,0.00
2025-10-07 13:52:49,1169,kworker/R-sdma0,0.00,0.00
2025-10-07 13:52:49,1170,kworker/R-vcn_dec,0.00,0.00
2025-10-07 13:52:49,1171,kworker/R-vcn_enc0,0.00,0.00
2025-10-07 13:52:49,1172,kworker/R-vcn_enc1,0.00,0.00
2025-10-07 13:52:49,1173,kworker/R-jpeg_dec,0.00,0.00
2025-10-07 13:52:49,1345,cupsd,0.00,11.75
2025-10-07 13:52:49,1353,unattended-upgr,0.00,22.52
2025-10-07 13:52:49,1368,dbus,0.00,6.74
2025-10-07 13:52:49,1376,gdm3,0.00,9.23
2025-10-07 13:52:49,1385,mysqld,1.20,389.47
2025-10-07 13:52:49,1392,psimon,0.00,0.00
2025-10-07 13:52:49,1399,kworker/14:3-events,0.00,0.00
2025-10-07 13:52:49,1494,rtkit-daemon,0.00,3.44
2025-10-07 13:52:49,1558,kworker/7:2-mm_percpu_wq,0.00,0.00
2025-10-07 13:52:49,1589,krfcommd,0.00,0.00
2025-10-07 13:52:49,1687,colord,0.00,14.56
2025-10-07 13:52:49,1799,upowerd,0.00,9.72
2025-10-07 13:52:49,2127,cups-browsed,0.00,19.58
2025-10-07 13:52:49,2129,kerneloops,0.00,2.31
2025-10-07 13:52:49,2132,kerneloops,0.00,2.29
2025-10-07 13:52:49,2152,gdm-session-worker,0.00,10.95
2025-10-07 13:52:49,2169,systemd,0.00,12.61
2025-10-07 13:52:49,2172,(sd-pam),0.00,3.57
2025-10-07 13:52:49,2184,pipewire,0.00,15.76
2025-10-07 13:52:49,2185,pipewire,0.00,5.67
2025-10-07 13:52:49,2188,wireplumber,0.00,18.71
2025-10-07 13:52:49,2190,pipewire-pulse,0.00,18.13
2025-10-07 13:52:49,2192,gnome-keyring-daemon,0.00,10.11
2025-10-07 13:52:49,2202,dbus-daemon,0.00,6.56
2025-10-07 13:52:49,2256,xdg-document-portal,0.00,7.48
2025-10-07 13:52:49,2260,xdg-permission-store,0.00,6.12
2025-10-07 13:52:49,2267,fusermount3,0.00,2.01
2025-10-07 13:52:49,2289,gdm-wayland-session,0.00,6.18
2025-10-07 13:52:49,2299,gnome-session-binary,0.00,16.20
2025-10-07 13:52:49,2376,gcr-ssh-agent,0.00,6.93
2025-10-07 13:52:49,2377,gnome-session-ctl,0.00,5.66
2025-10-07 13:52:49,2392,gvfsd,0.00,8.07
2025-10-07 13:52:49,2400,gvfsd-fuse,0.00,6.92
2025-10-07 13:52:49,2403,gnome-session-binary,0.00,18.07
2025-10-07 13:52:49,2438,gnome-shell,1.20,334.16
2025-10-07 13:52:49,2440,at-spi-bus-launcher,0.00,7.79
2025-10-07 13:52:49,2451,dbus-daemon,0.00,5.12
2025-10-07 13:52:49,2530,at-spi2-registryd,0.00,7.67
2025-10-07 13:52:49,2555,gnome-shell-calendar-server,0.00,17.62
2025-10-07 13:52:49,2563,evolution-source-registry,0.00,87.43
2025-10-07 13:52:49,2564,dconf-service,0.00,6.10
2025-10-07 13:52:49,2577,gjs,0.00,26.86
2025-10-07 13:52:49,2579,ibus-daemon,0.00,12.14
2025-10-07 13:52:49,2581,gsd-a11y-settings,0.00,6.63
2025-10-07 13:52:49,2585,gsd-color,0.00,19.95
2025-10-07 13:52:49,2586,gsd-datetime,0.00,12.00
2025-10-07 13:52:49,2599,gsd-housekeeping,0.00,7.98
2025-10-07 13:52:49,2601,gsd-keyboard,0.00,19.13
2025-10-07 13:52:49,2602,gsd-media-keys,0.00,24.63
2025-10-07 13:52:49,2607,gsd-power,0.00,25.85
2025-10-07 13:52:49,2611,gsd-print-notifications,0.00,11.48
2025-10-07 13:52:49,2616,gsd-rfkill,0.00,6.77
2025-10-07 13:52:49,2626,gsd-screensaver-proxy,0.00,6.18
2025-10-07 13:52:49,2629,gsd-sharing,0.00,11.77
2025-10-07 13:52:49,2631,gsd-smartcard,0.00,8.14
2025-10-07 13:52:49,2637,gsd-sound,0.00,9.76
2025-10-07 13:52:49,2646,gsd-wacom,0.00,20.26
2025-10-07 13:52:49,2680,gsd-disk-utility-notify,0.00,7.33
2025-10-07 13:52:49,2716,gvfs-udisks2-volume-monitor,0.00,10.33
2025-10-07 13:52:49,2719,evolution-alarm-notify,0.00,107.36
2025-10-07 13:52:49,2724,ibus-memconf,0.00,7.09
2025-10-07 13:52:49,2726,ibus-extension-gtk3,0.00,28.90
2025-10-07 13:52:49,2738,ibus-portal,0.00,7.17
2025-10-07 13:52:49,2815,goa-daemon,0.00,23.61
2025-10-07 13:52:49,2819,gvfs-goa-volume-monitor,0.00,6.50
2025-10-07 13:52:49,2837,goa-identity-service,0.00,9.13
2025-10-07 13:52:49,2843,evolution-calendar-factory,0.00,24.12
2025-10-07 13:52:49,2844,gsd-printer,0.00,14.89
2025-10-07 13:52:49,2857,gvfs-mtp-volume-monitor,0.00,6.70
2025-10-07 13:52:49,2870,gvfs-gphoto2-volume-monitor,0.00,7.00
2025-10-07 13:52:49,2877,gvfs-afc-volume-monitor,0.00,7.73
2025-10-07 13:52:49,2887,evolution-addressbook-factory,0.00,29.40
2025-10-07 13:52:49,2914,ibus-engine-simple,0.00,7.47
2025-10-07 13:52:49,2941,gvfsd-trash,0.00,9.15
2025-10-07 13:52:49,2966,tracker-miner-fs-3,0.00,28.61
2025-10-07 13:52:49,2969,xdg-desktop-portal,0.00,14.50
2025-10-07 13:52:49,2978,xdg-desktop-portal-gnome,0.00,86.33
2025-10-07 13:52:49,3001,gjs,0.00,26.85
2025-10-07 13:52:49,3027,xdg-desktop-portal-gtk,0.00,25.89
2025-10-07 13:52:49,3100,gvfsd-metadata,0.00,6.52
2025-10-07 13:52:49,3113,snapd-desktop-integration,0.00,11.69
2025-10-07 13:52:49,3179,snapd-desktop-integration,0.00,30.21
2025-10-07 13:52:49,3211,chrome,0.00,425.09
2025-10-07 13:52:49,3217,cat,0.00,1.85
2025-10-07 13:52:49,3218,cat,0.00,1.85
2025-10-07 13:52:49,3220,chrome_crashpad_handler,0.00,4.09
2025-10-07 13:52:49,3222,chrome_crashpad_handler,0.00,3.32
2025-10-07 13:52:49,3228,chrome,0.00,108.12
2025-10-07 13:52:49,3229,chrome,0.00,109.58
2025-10-07 13:52:49,3231,chrome,0.00,25.02
2025-10-07 13:52:49,3273,chrome,0.00,281.52
2025-10-07 13:52:49,3276,chrome,0.10,186.85
2025-10-07 13:52:49,3286,chrome,0.00,66.57
2025-10-07 13:52:49,3362,chrome,0.00,134.95
2025-10-07 13:52:49,3446,chrome,0.00,189.97
2025-10-07 13:52:49,3576,update-notifier,0.00,32.60
2025-10-07 13:52:49,3739,chrome,0.00,169.65
2025-10-07 13:52:49,3747,chrome,0.00,185.59
2025-10-07 13:52:49,3826,kworker/5:0-mm_percpu_wq,0.00,0.00
2025-10-07 13:52:49,3878,chrome,0.10,561.77
2025-10-07 13:52:49,3973,chrome,0.00,155.57
2025-10-07 13:52:49,3984,chrome,0.00,174.69
2025-10-07 13:52:49,4111,kworker/15:3-cgroup_destroy,0.00,0.00
2025-10-07 13:52:49,4161,chrome,0.00,268.05
2025-10-07 13:52:49,4229,kworker/3:0-events,0.00,0.00
2025-10-07 13:52:49,4283,kworker/4:2-events,0.00,0.00
2025-10-07 13:52:49,4328,kworker/6:1-events,0.00,0.00
2025-10-07 13:52:49,4358,chrome,0.00,152.70
2025-10-07 13:52:49,4428,chrome,0.00,294.04
2025-10-07 13:52:49,4515,chrome,0.00,322.98
2025-10-07 13:52:49,4557,chrome,0.00,85.26
2025-10-07 13:52:49,4567,kworker/12:1-events,0.00,0.00
2025-10-07 13:52:49,4573,kworker/9:2-events,0.00,0.00
2025-10-07 13:52:49,4586,kworker/u64:0-gfx,0.20,0.00
2025-10-07 13:52:49,4645,kworker/3:2-events,0.00,0.00
2025-10-07 13:52:49,4774,kworker/8:3-mm_percpu_wq,0.00,0.00
2025-10-07 13:52:49,4943,kworker/15:2-mm_percpu_wq,0.00,0.00
2025-10-07 13:52:49,5028,kworker/0:0-events,0.00,0.00
2025-10-07 13:52:49,5074,kworker/u65:5-events_unbound,0.10,0.00
2025-10-07 13:52:49,5082,kworker/u65:15-kvfree_rcu_reclaim,0.00,0.00
2025-10-07 13:52:49,5085,kworker/u65:18-events_power_efficient,0.00,0.00
2025-10-07 13:52:49,5088,kworker/2:0-cgwb_release,0.00,0.00
2025-10-07 13:52:49,5110,kworker/u65:27-kvfree_rcu_reclaim,0.00,0.00
2025-10-07 13:52:49,5114,kworker/u67:2-hci0,0.00,0.00
2025-10-07 13:52:49,5208,kworker/1:3-events,0.00,0.00
2025-10-07 13:52:49,5321,kworker/u68:0-rtw89_tx_wq,0.10,0.00
2025-10-07 13:52:49,5463,kworker/10:3-mm_percpu_wq,0.00,0.00
2025-10-07 13:52:49,5558,kworker/u66:0-kvfree_rcu_reclaim,0.00,0.00
2025-10-07 13:52:49,5559,kworker/u69:0-ttm,0.00,0.00
2025-10-07 13:52:49,5650,kworker/u69:1-ttm,0.00,0.00
2025-10-07 13:52:49,5655,kworker/u66:2-flush-259:0,0.00,0.00
2025-10-07 13:52:49,5687,gjs,0.00,65.67
2025-10-07 13:52:49,5731,kworker/u66:3-iou_exit,0.00,0.00
2025-10-07 13:52:49,5738,kworker/4:3-cgroup_destroy,0.00,0.00
2025-10-07 13:52:49,5741,kworker/u69:2-ttm,0.00,0.00
2025-10-07 13:52:49,5742,kworker/u69:3-ttm,0.00,0.00
2025-10-07 13:52:49,5743,kworker/u69:4-ttm,0.00,0.00
2025-10-07 13:52:49,5744,kworker/u69:5-ttm,0.00,0.00
2025-10-07 13:52:49,5752,kworker/8:2,0.00,0.00
2025-10-07 13:52:49,5755,kworker/u64:2-gfx,0.00,0.00
2025-10-07 13:52:49,5758,kworker/u68:1-ttm,0.00,0.00
2025-10-07 13:52:49,5766,kworker/u68:3-ttm,0.00,0.00
2025-10-07 13:52:49,5767,kworker/u68:4-ttm,0.00,0.00
2025-10-07 13:52:49,5768,kworker/u68:5-ttm,0.00,0.00
2025-10-07 13:52:49,5769,kworker/u68:6-ttm,0.00,0.00
2025-10-07 13:52:49,5770,kworker/u68:8-ttm,0.00,0.00
2025-10-07 13:52:49,5771,kworker/u68:10-ttm,0.00,0.00
2025-10-07 13:52:49,5773,kworker/u69:6-ttm,0.00,0.00
2025-10-07 13:52:49,5774,kworker/u69:7-ttm,0.00,0.00
2025-10-07 13:52:49,5775,kworker/u69:8-ttm,0.00,0.00
2025-10-07 13:52:49,5776,kworker/u69:9-ttm,0.00,0.00
2025-10-07 13:52:49,5808,Xwayland,0.50,124.49
2025-10-07 13:52:49,5827,gsd-xsettings,0.00,86.07
2025-10-07 13:52:49,5857,ibus-x11,0.00,23.84
2025-10-07 13:52:49,5863,mutter-x11-frames,0.00,90.64
2025-10-07 13:52:49,5943,kworker/u69:10-ttm,0.00,0.00
2025-10-07 13:52:49,5944,kworker/u69:11-ttm,0.00,0.00
2025-10-07 13:52:49,5945,kworker/u69:12-ttm,0.00,0.00
2025-10-07 13:52:49,5946,kworker/u69:13-ttm,0.00,0.00
2025-10-07 13:52:49,5986,kworker/u66:1-kvfree_rcu_reclaim,0.00,0.00
2025-10-07 13:52:49,5987,kworker/u66:4-flush-259:0,0.00,0.00
2025-10-07 13:52:49,6214,gnome-terminal-server,0.00,51.39
2025-10-07 13:52:49,6221,bash,0.00,5.60
2025-10-07 13:52:49,6230,kworker/u66:5-events_unbound,0.10,0.00
2025-10-07 13:52:49,6231,kworker/u66:6-flush-259:0,0.00,0.00
2025-10-07 13:52:49,6232,kworker/u66:7,0.00,0.00
2025-10-07 13:52:49,6233,kworker/u65:0-events_power_efficient,0.00,0.00
2025-10-07 13:52:49,6235,kworker/u69:14-ttm,0.00,0.00
2025-10-07 13:52:49,6236,kworker/u69:15-ttm,0.00,0.00
2025-10-07 13:52:49,6237,kworker/u69:16,0.00,0.00
2025-10-07 13:52:49,6262,kworker/9:0-events,0.00,0.00
2025-10-07 13:52:49,6266,kworker/0:2,0.00,0.00
2025-10-07 13:52:49,6292,code,0.10,244.11
2025-10-07 13:52:49,6295,code,0.00,96.03
2025-10-07 13:52:49,6296,code,0.00,95.51
2025-10-07 13:52:49,6298,code,0.00,19.71
2025-10-07 13:52:49,6317,chrome_crashpad_handler,0.00,3.26
2025-10-07 13:52:49,6336,code,1.60,162.77
2025-10-07 13:52:49,6339,code,0.00,117.41
2025-10-07 13:52:49,6392,code,4.50,310.84
2025-10-07 13:52:49,6409,code,1.00,151.77
2025-10-07 13:52:49,6414,code,1.20,264.05
2025-10-07 13:52:49,6422,code,0.20,157.08
2025-10-07 13:52:49,6431,code,0.10,153.22
2025-10-07 13:52:49,6484,bash,0.00,5.25
2025-10-07 13:52:49,6505,bash,0.00,5.47
2025-10-07 13:52:49,6548,pet,0.00,3.39
2025-10-07 13:52:49,6679,bash,0.00,5.34
2025-10-07 13:52:49,6710,code,1.20,385.82
2025-10-07 13:52:49,6848,kworker/4:0,0.00,0.00
2025-10-07 13:52:49,6850,kworker/u64:1-phy0,0.20,0.00
2025-10-07 13:52:49,7066,python,0.30,71.52
2025-10-07 13:52:59,1,systemd,0.00,13.88
2025-10-07 13:52:59,2,kthreadd,0.00,0.00
2025-10-07 13:52:59,3,pool_workqueue_release,0.00,0.00
2025-10-07 13:52:59,4,kworker/R-rcu_gp,0.00,0.00
2025-10-07 13:52:59,5,kworker/R-sync_wq,0.00,0.00
2025-10-07 13:52:59,6,kworker/R-kvfree_rcu_reclaim,0.00,0.00
2025-10-07 13:52:59,7,kworker/R-slub_flushwq,0.00,0.00
2025-10-07 13:52:59,8,kworker/R-netns,0.00,0.00
2025-10-07 13:52:59,10,kworker/0:1-events_freezable,0.10,0.00
2025-10-07 13:52:59,11,kworker/0:0H-events_highpri,0.00,0.00
2025-10-07 13:52:59,13,kworker/R-mm_percpu_wq,0.00,0.00
2025-10-07 13:52:59,14,rcu_tasks_kthread,0.00,0.00
2025-10-07 13:52:59,15,rcu_tasks_rude_kthread,0.00,0.00
2025-10-07 13:52:59,16,rcu_tasks_trace_kthread,0.00,0.00
2025-10-07 13:52:59,17,ksoftirqd/0,0.00,0.00
2025-10-07 13:52:59,18,rcu_preempt,0.10,0.00
2025-10-07 13:52:59,19,rcu_exp_par_gp_kthread_worker/0,0.00,0.00
2025-10-07 13:52:59,20,rcu_exp_gp_kthread_worker,0.00,0.00
2025-10-07 13:52:59,21,migration/0,0.00,0.00
2025-10-07 13:52:59,22,idle_inject/0,0.00,0.00
2025-10-07 13:52:59,23,cpuhp/0,0.00,0.00
2025-10-07 13:52:59,24,cpuhp/2,0.00,0.00
2025-10-07 13:52:59,25,idle_inject/2,0.00,0.00
2025-10-07 13:52:59,26,migration/2,0.00,0.00
2025-10-07 13:52:59,27,ksoftirqd/2,0.00,0.00
2025-10-07 13:52:59,29,kworker/2:0H-events_highpri,0.00,0.00
2025-10-07 13:52:59,30,cpuhp/4,0.00,0.00
2025-10-07 13:52:59,31,idle_inject/4,0.00,0.00
2025-10-07 13:52:59,32,migration/4,0.00,0.00
2025-10-07 13:52:59,33,ksoftirqd/4,0.00,0.00
2025-10-07 13:52:59,35,kworker/4:0H-events_highpri,0.00,0.00
2025-10-07 13:52:59,36,cpuhp/6,0.00,0.00
2025-10-07 13:52:59,37,idle_inject/6,0.00,0.00
2025-10-07 13:52:59,38,migration/6,0.00,0.00
2025-10-07 13:52:59,39,ksoftirqd/6,0.00,0.00
2025-10-07 13:52:59,40,kworker/6:0-mm_percpu_wq,0.00,0.00
2025-10-07 13:52:59,41,kworker/6:0H-events_highpri,0.00,0.00
2025-10-07 13:52:59,42,cpuhp/8,0.00,0.00
2025-10-07 13:52:59,43,idle_inject/8,0.00,0.00
2025-10-07 13:52:59,44,migration/8,0.00,0.00
2025-10-07 13:52:59,45,ksoftirqd/8,0.00,0.00
2025-10-07 13:52:59,47,kworker/8:0H-events_highpri,0.00,0.00
2025-10-07 13:52:59,48,cpuhp/10,0.00,0.00
2025-10-07 13:52:59,49,idle_inject/10,0.00,0.00
2025-10-07 13:52:59,50,migration/10,0.00,0.00
2025-10-07 13:52:59,51,ksoftirqd/10,0.00,0.00
2025-10-07 13:52:59,53,kworker/10:0H-events_highpri,0.00,0.00
2025-10-07 13:52:59,54,cpuhp/12,0.00,0.00
2025-10-07 13:52:59,55,idle_inject/12,0.00,0.00
2025-10-07 13:52:59,56,migration/12,0.00,0.00
2025-10-07 13:52:59,57,ksoftirqd/12,0.00,0.00
2025-10-07 13:52:59,59,kworker/12:0H-events_highpri,0.00,0.00
2025-10-07 13:52:59,60,cpuhp/14,0.00,0.00
2025-10-07 13:52:59,61,idle_inject/14,0.00,0.00
2025-10-07 13:52:59,62,migration/14,0.00,0.00
2025-10-07 13:52:59,63,ksoftirqd/14,0.00,0.00
2025-10-07 13:52:59,64,kworker/14:0-events,0.00,0.00
2025-10-07 13:52:59,65,kworker/14:0H-events_highpri,0.00,0.00
2025-10-07 13:52:59,66,cpuhp/1,0.00,0.00
2025-10-07 13:52:59,67,idle_inject/1,0.00,0.00
2025-10-07 13:52:59,68,migration/1,0.00,0.00
2025-10-07 13:52:59,69,ksoftirqd/1,0.00,0.00
2025-10-07 13:52:59,71,kworker/1:0H-events_highpri,0.00,0.00
2025-10-07 13:52:59,72,cpuhp/3,0.00,0.00
2025-10-07 13:52:59,73,idle_inject/3,0.00,0.00
2025-10-07 13:52:59,74,migration/3,0.00,0.00
2025-10-07 13:52:59,75,ksoftirqd/3,0.00,0.00
2025-10-07 13:52:59,77,kworker/3:0H-events_highpri,0.00,0.00
2025-10-07 13:52:59,78,cpuhp/5,0.00,0.00
2025-10-07 13:52:59,79,idle_inject/5,0.00,0.00
2025-10-07 13:52:59,80,migration/5,0.00,0.00
2025-10-07 13:52:59,81,ksoftirqd/5,0.00,0.00
2025-10-07 13:52:59,83,kworker/5:0H-events_highpri,0.00,0.00
2025-10-07 13:52:59,84,cpuhp/7,0.00,0.00
2025-10-07 13:52:59,85,idle_inject/7,0.00,0.00
2025-10-07 13:52:59,86,migration/7,0.00,0.00
2025-10-07 13:52:59,87,ksoftirqd/7,0.00,0.00
2025-10-07 13:52:59,89,kworker/7:0H-events_highpri,0.00,0.00
2025-10-07 13:52:59,90,cpuhp/9,0.00,0.00
2025-10-07 13:52:59,91,idle_inject/9,0.00,0.00
2025-10-07 13:52:59,92,migration/9,0.00,0.00
2025-10-07 13:52:59,93,ksoftirqd/9,0.00,0.00
2025-10-07 13:52:59,95,kworker/9:0H-events_highpri,0.00,0.00
2025-10-07 13:52:59,96,cpuhp/11,0.00,0.00
2025-10-07 13:52:59,97,idle_inject/11,0.00,0.00
2025-10-07 13:52:59,98,migration/11,0.00,0.00
2025-10-07 13:52:59,99,ksoftirqd/11,0.00,0.00
2025-10-07 13:52:59,101,kworker/11:0H-events_highpri,0.00,0.00
2025-10-07 13:52:59,102,cpuhp/13,0.00,0.00
2025-10-07 13:52:59,103,idle_inject/13,0.00,0.00
2025-10-07 13:52:59,104,migration/13,0.00,0.00
2025-10-07 13:52:59,105,ksoftirqd/13,0.00,0.00
2025-10-07 13:52:59,107,kworker/13:0H-events_highpri,0.00,0.00
2025-10-07 13:52:59,108,cpuhp/15,0.00,0.00
2025-10-07 13:52:59,109,idle_inject/15,0.00,0.00
2025-10-07 13:52:59,110,migration/15,0.00,0.00
2025-10-07 13:52:59,111,ksoftirqd/15,0.00,0.00
2025-10-07 13:52:59,113,kworker/15:0H-events_highpri,0.00,0.00
2025-10-07 13:52:59,116,kdevtmpfs,0.00,0.00
2025-10-07 13:52:59,117,kworker/R-inet_frag_wq,0.00,0.00
2025-10-07 13:52:59,118,kauditd,0.00,0.00
2025-10-07 13:52:59,119,khungtaskd,0.00,0.00
2025-10-07 13:52:59,120,oom_reaper,0.00,0.00
2025-10-07 13:52:59,123,kworker/R-writeback,0.00,0.00
2025-10-07 13:52:59,124,kcompactd0,0.10,0.00
2025-10-07 13:52:59,125,ksmd,0.00,0.00
2025-10-07 13:52:59,126,khugepaged,0.00,0.00
2025-10-07 13:52:59,127,kworker/R-kintegrityd,0.00,0.00
2025-10-07 13:52:59,128,kworker/R-kblockd,0.00,0.00
2025-10-07 13:52:59,129,kworker/R-blkcg_punt_bio,0.00,0.00
2025-10-07 13:52:59,130,irq/9-acpi,0.00,0.00
2025-10-07 13:52:59,131,kworker/10:1-events,0.00,0.00
2025-10-07 13:52:59,133,kworker/1:1-mm_percpu_wq,0.00,0.00
2025-10-07 13:52:59,134,kworker/R-tpm_dev_wq,0.00,0.00
2025-10-07 13:52:59,135,kworker/R-ata_sff,0.00,0.00
2025-10-07 13:52:59,137,kworker/R-md,0.00,0.00
2025-10-07 13:52:59,138,kworker/R-md_bitmap,0.00,0.00
2025-10-07 13:52:59,139,kworker/R-edac-poller,0.00,0.00
2025-10-07 13:52:59,141,kworker/R-devfreq_wq,0.00,0.00
2025-10-07 13:52:59,142,watchdogd,0.00,0.00
2025-10-07 13:52:59,143,kworker/8:1H-kblockd,0.00,0.00
2025-10-07 13:52:59,145,irq/25-AMD-Vi0-Evt,0.00,0.00
2025-10-07 13:52:59,146,irq/26-AMD-Vi0-PPR,0.00,0.00
2025-10-07 13:52:59,147,irq/27-AMD-Vi0-GA,0.00,0.00
2025-10-07 13:52:59,148,kswapd0,0.00,0.00
2025-10-07 13:52:59,149,ecryptfs-kthread,0.00,0.00
2025-10-07 13:52:59,150,kworker/R-kthrotld,0.00,0.00
2025-10-07 13:52:59,151,kworker/u67:0-hci0,0.00,0.00
2025-10-07 13:52:59,152,kworker/R-acpi_thermal_pm,0.00,0.00
2025-10-07 13:52:59,154,kworker/2:1-events,0.00,0.00
2025-10-07 13:52:59,155,kworker/R-mld,0.00,0.00
2025-10-07 13:52:59,156,kworker/R-ipv6_addrconf,0.00,0.00
2025-10-07 13:52:59,157,kworker/2:1H-kblockd,0.00,0.00
2025-10-07 13:52:59,164,kworker/R-kstrp,0.00,0.00
2025-10-07 13:52:59,167,kworker/7:1-mm_percpu_wq,0.00,0.00
2025-10-07 13:52:59,168,kworker/9:1-events,0.00,0.00
2025-10-07 13:52:59,169,kworker/13:1-mm_percpu_wq,0.00,0.00
2025-10-07 13:52:59,170,kworker/5:1-events,0.00,0.00
2025-10-07 13:52:59,171,kworker/11:1-events,0.00,0.00
2025-10-07 13:52:59,189,kworker/R-charger_manager,0.00,0.00
2025-10-07 13:52:59,190,kworker/0:1H-kblockd,0.00,0.00
2025-10-07 13:52:59,217,kworker/4:1H-kblockd,0.00,0.00
2025-10-07 13:52:59,221,kworker/12:1H-kblockd,0.00,0.00
2025-10-07 13:52:59,239,kworker/6:1H-kblockd,0.00,0.00
2025-10-07 13:52:59,257,kworker/1:1H-kblockd,0.00,0.00
2025-10-07 13:52:59,258,kworker/10:1H-kblockd,0.00,0.00
2025-10-07 13:52:59,259,kworker/13:1H-kblockd,0.00,0.00
2025-10-07 13:52:59,260,kworker/3:1H-kblockd,0.00,0.00
2025-10-07 13:52:59,261,kworker/9:1H-kblockd,0.00,0.00
2025-10-07 13:52:59,262,kworker/15:1H-kblockd,0.00,0.00
2025-10-07 13:52:59,263,kworker/5:1H-kblockd,0.00,0.00
2025-10-07 13:52:59,264,kworker/14:1H-kblockd,0.00,0.00
2025-10-07 13:52:59,265,kworker/7:1H-kblockd,0.00,0.00
2025-10-07 13:52:59,268,kworker/11:1H-kblockd,0.00,0.00
2025-10-07 13:52:59,308,irq/50-PNP0C50:0b,0.00,0.00
2025-10-07 13:52:59,314,kworker/R-nvme-wq,0.00,0.00
2025-10-07 13:52:59,315,kworker/R-nvme-reset-wq,0.00,0.00
2025-10-07 13:52:59,316,kworker/R-nvme-delete-wq,0.00,0.00
2025-10-07 13:52:59,317,kworker/R-nvme-auth-wq,0.00,0.00
2025-10-07 13:52:59,319,kworker/13:2-events,0.00,0.00
2025-10-07 13:52:59,373,jbd2/nvme0n1p2-8,0.10,0.00
2025-10-07 13:52:59,374,kworker/R-ext4-rsv-conversion,0.00,0.00
2025-10-07 13:52:59,425,systemd-journald,0.00,18.52
2025-10-07 13:52:59,461,systemd-udevd,0.00,8.51
2025-10-07 13:52:59,512,psimon,0.00,0.00
2025-10-07 13:52:59,588,kworker/12:2-mm_percpu_wq,0.00,0.00
2025-10-07 13:52:59,647,kworker/R-cfg80211,0.00,0.00
2025-10-07 13:52:59,648,kworker/R-cryptd,0.00,0.00
2025-10-07 13:52:59,697,irq/69-rtw89_pci,0.40,0.00
2025-10-07 13:52:59,710,kworker/R-amdgpu-reset-dev,0.00,0.00
2025-10-07 13:52:59,807,kworker/R-ttm,0.00,0.00
2025-10-07 13:52:59,847,systemd-oomd,0.00,7.46
2025-10-07 13:52:59,848,systemd-resolved,0.00,13.04
2025-10-07 13:52:59,849,systemd-timesyncd,0.00,7.68
2025-10-07 13:52:59,894,avahi-daemon,0.10,5.22
2025-10-07 13:52:59,895,bluetoothd,0.00,6.47
2025-10-07 13:52:59,896,dbus-daemon,0.00,7.33
2025-10-07 13:52:59,899,gnome-remote-desktop-daemon,0.00,16.39
2025-10-07 13:52:59,902,polkitd,0.00,12.21
2025-10-07 13:52:59,905,power-profiles-daemon,0.00,7.56
2025-10-07 13:52:59,914,snapd,0.00,39.73
2025-10-07 13:52:59,917,accounts-daemon,0.00,7.99
2025-10-07 13:52:59,920,cron,0.00,2.79
2025-10-07 13:52:59,923,switcheroo-control,0.00,6.84
2025-10-07 13:52:59,926,systemd-logind,0.00,9.04
2025-10-07 13:52:59,928,udisksd,0.00,13.92
2025-10-07 13:52:59,949,avahi-daemon,0.00,1.51
2025-10-07 13:52:59,951,NetworkManager,0.00,19.79
2025-10-07 13:52:59,959,wpa_supplicant,0.00,12.00
2025-10-07 13:52:59,977,kworker/11:2-events,0.00,0.00
2025-10-07 13:52:59,1009,rsyslogd,0.00,5.94
2025-10-07 13:52:59,1066,ModemManager,0.00,12.69
2025-10-07 13:52:59,1150,kworker/R-amdgpu_dm_hpd_rx_offload_wq,0.00,0.00
2025-10-07 13:52:59,1151,kworker/R-amdgpu_dm_hpd_rx_offload_wq,0.00,0.00
2025-10-07 13:52:59,1152,kworker/R-amdgpu_dm_hpd_rx_offload_wq,0.00,0.00
2025-10-07 13:52:59,1153,kworker/R-dm_vblank_control_workqueue,0.00,0.00
2025-10-07 13:52:59,1156,card1-crtc0,0.00,0.00
2025-10-07 13:52:59,1157,card1-crtc1,0.00,0.00
2025-10-07 13:52:59,1158,card1-crtc2,0.00,0.00
2025-10-07 13:52:59,1159,card1-crtc3,0.00,0.00
2025-10-07 13:52:59,1160,kworker/R-gfx,0.00,0.00
2025-10-07 13:52:59,1161,kworker/R-comp_1.0.0,0.00,0.00
2025-10-07 13:52:59,1162,kworker/R-comp_1.1.0,0.00,0.00
2025-10-07 13:52:59,1163,kworker/R-comp_1.2.0,0.00,0.00
2025-10-07 13:52:59,1164,kworker/R-comp_1.3.0,0.00,0.00
2025-10-07 13:52:59,1165,kworker/R-comp_1.0.1,0.00,0.00
2025-10-07 13:52:59,1166,kworker/R-comp_1.1.1,0.00,0.00
2025-10-07 13:52:59,1167,kworker/R-comp_1.2.1,0.00,0.00
2025-10-07 13:52:59,1168,kworker/R-comp_1.3.1,0.00,0.00
2025-10-07 13:52:59,1169,kworker/R-sdma0,0.00,0.00
2025-10-07 13:52:59,1170,kworker/R-vcn_dec,0.00,0.00
2025-10-07 13:52:59,1171,kworker/R-vcn_enc0,0.00,0.00
2025-10-07 13:52:59,1172,kworker/R-vcn_enc1,0.00,0.00
2025-10-07 13:52:59,1173,kworker/R-jpeg_dec,0.00,0.00
2025-10-07 13:52:59,1345,cupsd,0.00,11.75
2025-10-07 13:52:59,1353,unattended-upgr,0.00,22.52
2025-10-07 13:52:59,1368,dbus,0.00,6.74
2025-10-07 13:52:59,1376,gdm3,0.00,9.23
2025-10-07 13:52:59,1385,mysqld,1.30,389.47
2025-10-07 13:52:59,1392,psimon,0.00,0.00
2025-10-07 13:52:59,1399,kworker/14:3-events,0.00,0.00
2025-10-07 13:52:59,1494,rtkit-daemon,0.00,3.44
2025-10-07 13:52:59,1558,kworker/7:2-events,0.00,0.00
2025-10-07 13:52:59,1589,krfcommd,0.00,0.00
2025-10-07 13:52:59,1687,colord,0.00,14.56
2025-10-07 13:52:59,1799,upowerd,0.00,9.72
2025-10-07 13:52:59,2127,cups-browsed,0.00,19.58
2025-10-07 13:52:59,2129,kerneloops,0.00,2.31
2025-10-07 13:52:59,2132,kerneloops,0.00,2.29
2025-10-07 13:52:59,2152,gdm-session-worker,0.00,10.95
2025-10-07 13:52:59,2169,systemd,0.00,12.61
2025-10-07 13:52:59,2172,(sd-pam),0.00,3.57
2025-10-07 13:52:59,2184,pipewire,0.00,15.76
2025-10-07 13:52:59,2185,pipewire,0.00,5.67
2025-10-07 13:52:59,2188,wireplumber,0.00,18.71
2025-10-07 13:52:59,2190,pipewire-pulse,0.00,18.13
2025-10-07 13:52:59,2192,gnome-keyring-daemon,0.00,10.11
2025-10-07 13:52:59,2202,dbus-daemon,0.00,6.56
2025-10-07 13:52:59,2256,xdg-document-portal,0.00,7.48
2025-10-07 13:52:59,2260,xdg-permission-store,0.00,6.12
2025-10-07 13:52:59,2267,fusermount3,0.00,2.01
2025-10-07 13:52:59,2289,gdm-wayland-session,0.00,6.18
2025-10-07 13:52:59,2299,gnome-session-binary,0.00,16.20
2025-10-07 13:52:59,2376,gcr-ssh-agent,0.00,6.93
2025-10-07 13:52:59,2377,gnome-session-ctl,0.00,5.66
2025-10-07 13:52:59,2392,gvfsd,0.00,8.07
2025-10-07 13:52:59,2400,gvfsd-fuse,0.00,6.92
2025-10-07 13:52:59,2403,gnome-session-binary,0.00,18.07
2025-10-07 13:52:59,2438,gnome-shell,1.40,334.28
2025-10-07 13:52:59,2440,at-spi-bus-launcher,0.00,7.79
2025-10-07 13:52:59,2451,dbus-daemon,0.00,5.12
2025-10-07 13:52:59,2530,at-spi2-registryd,0.00,7.67
2025-10-07 13:52:59,2555,gnome-shell-calendar-server,0.00,17.62
2025-10-07 13:52:59,2563,evolution-source-registry,0.00,87.43
2025-10-07 13:52:59,2564,dconf-service,0.00,6.10
2025-10-07 13:52:59,2577,gjs,0.00,26.86
2025-10-07 13:52:59,2579,ibus-daemon,0.00,12.14
2025-10-07 13:52:59,2581,gsd-a11y-settings,0.00,6.63
2025-10-07 13:52:59,2585,gsd-color,0.00,19.95
2025-10-07 13:52:59,2586,gsd-datetime,0.00,12.00
2025-10-07 13:52:59,2599,gsd-housekeeping,0.00,7.98
2025-10-07 13:52:59,2601,gsd-keyboard,0.00,19.13
2025-10-07 13:52:59,2602,gsd-media-keys,0.00,24.63
2025-10-07 13:52:59,2607,gsd-power,0.00,25.85
2025-10-07 13:52:59,2611,gsd-print-notifications,0.00,11.48
2025-10-07 13:52:59,2616,gsd-rfkill,0.00,6.77
2025-10-07 13:52:59,2626,gsd-screensaver-proxy,0.00,6.18
2025-10-07 13:52:59,2629,gsd-sharing,0.00,11.77
2025-10-07 13:52:59,2631,gsd-smartcard,0.00,8.14
2025-10-07 13:52:59,2637,gsd-sound,0.00,9.76
2025-10-07 13:52:59,2646,gsd-wacom,0.00,20.26
2025-10-07 13:52:59,2680,gsd-disk-utility-notify,0.00,7.33
2025-10-07 13:52:59,2716,gvfs-udisks2-volume-monitor,0.00,10.33
2025-10-07 13:52:59,2719,evolution-alarm-notify,0.00,107.36
2025-10-07 13:52:59,2724,ibus-memconf,0.00,7.09
2025-10-07 13:52:59,2726,ibus-extension-gtk3,0.00,28.90
2025-10-07 13:52:59,2738,ibus-portal,0.00,7.17
2025-10-07 13:52:59,2815,goa-daemon,0.00,23.61
2025-10-07 13:52:59,2819,gvfs-goa-volume-monitor,0.00,6.50
2025-10-07 13:52:59,2837,goa-identity-service,0.00,9.13
2025-10-07 13:52:59,2843,evolution-calendar-factory,0.00,24.12
2025-10-07 13:52:59,2844,gsd-printer,0.00,14.89
2025-10-07 13:52:59,2857,gvfs-mtp-volume-monitor,0.00,6.70
2025-10-07 13:52:59,2870,gvfs-gphoto2-volume-monitor,0.00,7.00
2025-10-07 13:52:59,2877,gvfs-afc-volume-monitor,0.00,7.73
2025-10-07 13:52:59,2887,evolution-addressbook-factory,0.00,29.40
2025-10-07 13:52:59,2914,ibus-engine-simple,0.00,7.47
2025-10-07 13:52:59,2941,gvfsd-trash,0.00,9.15
2025-10-07 13:52:59,2966,tracker-miner-fs-3,0.00,28.61
2025-10-07 13:52:59,2969,xdg-desktop-portal,0.00,14.50
2025-10-07 13:52:59,2978,xdg-desktop-portal-gnome,0.00,86.33
2025-10-07 13:52:59,3001,gjs,0.00,26.85
2025-10-07 13:52:59,3027,xdg-desktop-portal-gtk,0.00,25.89
2025-10-07 13:52:59,3100,gvfsd-metadata,0.00,6.52
2025-10-07 13:52:59,3113,snapd-desktop-integration,0.00,11.69
2025-10-07 13:52:59,3179,snapd-desktop-integration,0.00,30.21
2025-10-07 13:52:59,3211,chrome,0.20,425.09
2025-10-07 13:52:59,3217,cat,0.00,1.85
2025-10-07 13:52:59,3218,cat,0.00,1.85
2025-10-07 13:52:59,3220,chrome_crashpad_handler,0.00,4.09
2025-10-07 13:52:59,3222,chrome_crashpad_handler,0.00,3.32
2025-10-07 13:52:59,3228,chrome,0.00,108.12
2025-10-07 13:52:59,3229,chrome,0.00,109.58
2025-10-07 13:52:59,3231,chrome,0.00,25.02
2025-10-07 13:52:59,3273,chrome,0.00,281.52
2025-10-07 13:52:59,3276,chrome,0.00,186.98
2025-10-07 13:52:59,3286,chrome,0.00,66.57
2025-10-07 13:52:59,3362,chrome,0.00,134.95
2025-10-07 13:52:59,3446,chrome,0.00,189.97
2025-10-07 13:52:59,3576,update-notifier,0.00,32.60
2025-10-07 13:52:59,3739,chrome,0.00,169.65
2025-10-07 13:52:59,3747,chrome,0.00,185.59
2025-10-07 13:52:59,3826,kworker/5:0-events,0.00,0.00
2025-10-07 13:52:59,3878,chrome,0.00,560.93
2025-10-07 13:52:59,3973,chrome,0.00,155.57
2025-10-07 13:52:59,3984,chrome,0.00,174.69
2025-10-07 13:52:59,4111,kworker/15:3-cgroup_destroy,0.00,0.00
2025-10-07 13:52:59,4161,chrome,0.00,268.05
2025-10-07 13:52:59,4229,kworker/3:0-events,0.00,0.00
2025-10-07 13:52:59,4283,kworker/4:2-mm_percpu_wq,0.00,0.00
2025-10-07 13:52:59,4328,kworker/6:1-events,0.00,0.00
2025-10-07 13:52:59,4358,chrome,0.00,152.70
2025-10-07 13:52:59,4428,chrome,0.00,294.04
2025-10-07 13:52:59,4515,chrome,0.00,322.98
2025-10-07 13:52:59,4557,chrome,0.00,85.26
2025-10-07 13:52:59,4567,kworker/12:1-events,0.00,0.00
2025-10-07 13:52:59,4573,kworker/9:2-events,0.00,0.00
2025-10-07 13:52:59,4586,kworker/u64:0-gfx,0.00,0.00
2025-10-07 13:52:59,4645,kworker/3:2-events,0.00,0.00
2025-10-07 13:52:59,4774,kworker/8:3-mm_percpu_wq,0.00,0.00
2025-10-07 13:52:59,4943,kworker/15:2-events,0.00,0.00
2025-10-07 13:52:59,5028,kworker/0:0-events,0.00,0.00
2025-10-07 13:52:59,5074,kworker/u65:5-writeback,0.00,0.00
2025-10-07 13:52:59,5082,kworker/u65:15-kvfree_rcu_reclaim,0.00,0.00
2025-10-07 13:52:59,5085,kworker/u65:18-kvfree_rcu_reclaim,0.00,0.00
2025-10-07 13:52:59,5088,kworker/2:0-cgwb_release,0.00,0.00
2025-10-07 13:52:59,5110,kworker/u65:27-kvfree_rcu_reclaim,0.00,0.00
2025-10-07 13:52:59,5114,kworker/u67:2-hci0,0.00,0.00
2025-10-07 13:52:59,5208,kworker/1:3-events,0.00,0.00
2025-10-07 13:52:59,5321,kworker/u68:0-ttm,0.00,0.00
2025-10-07 13:52:59,5463,kworker/10:3-mm_percpu_wq,0.00,0.00
2025-10-07 13:52:59,5558,kworker/u66:0-kvfree_rcu_reclaim,0.00,0.00
2025-10-07 13:52:59,5559,kworker/u69:0-ttm,0.00,0.00
2025-10-07 13:52:59,5650,kworker/u69:1-ttm,0.00,0.00
2025-10-07 13:52:59,5655,kworker/u66:2-flush-259:0,0.00,0.00
2025-10-07 13:52:59,5687,gjs,0.00,65.67
2025-10-07 13:52:59,5731,kworker/u66:3-iou_exit,0.00,0.00
2025-10-07 13:52:59,5738,kworker/4:3-cgroup_destroy,0.00,0.00
2025-10-07 13:52:59,5741,kworker/u69:2-ttm,0.00,0.00
2025-10-07 13:52:59,5742,kworker/u69:3-ttm,0.00,0.00
2025-10-07 13:52:59,5743,kworker/u69:4-ttm,0.00,0.00
2025-10-07 13:52:59,5744,kworker/u69:5-ttm,0.00,0.00
2025-10-07 13:52:59,5752,kworker/8:2,0.00,0.00
2025-10-07 13:52:59,5755,kworker/u64:2-gfx,0.00,0.00
2025-10-07 13:52:59,5758,kworker/u68:1-ttm,0.00,0.00
2025-10-07 13:52:59,5766,kworker/u68:3-ttm,0.00,0.00
2025-10-07 13:52:59,5767,kworker/u68:4-ttm,0.00,0.00
2025-10-07 13:52:59,5768,kworker/u68:5-ttm,0.00,0.00
2025-10-07 13:52:59,5769,kworker/u68:6-ttm,0.00,0.00
2025-10-07 13:52:59,5770,kworker/u68:8-ttm,0.00,0.00
2025-10-07 13:52:59,5771,kworker/u68:10-ttm,0.00,0.00
2025-10-07 13:52:59,5773,kworker/u69:6-ttm,0.00,0.00
2025-10-07 13:52:59,5774,kworker/u69:7-ttm,0.00,0.00
2025-10-07 13:52:59,5775,kworker/u69:8-ttm,0.00,0.00
2025-10-07 13:52:59,5776,kworker/u69:9-ttm,0.00,0.00
2025-10-07 13:52:59,5808,Xwayland,0.50,124.49
2025-10-07 13:52:59,5827,gsd-xsettings,0.00,86.07
2025-10-07 13:52:59,5857,ibus-x11,0.00,23.84
2025-10-07 13:52:59,5863,mutter-x11-frames,0.00,90.64
2025-10-07 13:52:59,5943,kworker/u69:10-ttm,0.00,0.00
2025-10-07 13:52:59,5944,kworker/u69:11-ttm,0.00,0.00
2025-10-07 13:52:59,5945,kworker/u69:12-ttm,0.00,0.00
2025-10-07 13:52:59,5946,kworker/u69:13-ttm,0.00,0.00
2025-10-07 13:52:59,5986,kworker/u66:1-kvfree_rcu_reclaim,0.00,0.00
2025-10-07 13:52:59,5987,kworker/u66:4-events_unbound,0.00,0.00
2025-10-07 13:52:59,6214,gnome-terminal-server,0.00,51.39
2025-10-07 13:52:59,6221,bash,0.00,5.60
2025-10-07 13:52:59,6230,kworker/u66:5-flush-259:0,0.00,0.00
2025-10-07 13:52:59,6231,kworker/u66:6-flush-259:0,0.00,0.00
2025-10-07 13:52:59,6232,kworker/u66:7,0.00,0.00
2025-10-07 13:52:59,6233,kworker/u65:0-events_power_efficient,0.00,0.00
2025-10-07 13:52:59,6235,kworker/u69:14-rtw89_tx_wq,0.00,0.00
2025-10-07 13:52:59,6236,kworker/u69:15-ttm,0.00,0.00
2025-10-07 13:52:59,6237,kworker/u69:16,0.00,0.00
2025-10-07 13:52:59,6262,kworker/9:0-events,0.00,0.00
2025-10-07 13:52:59,6266,kworker/0:2,0.00,0.00
2025-10-07 13:52:59,6292,code,0.20,244.11
2025-10-07 13:52:59,6295,code,0.00,96.03
2025-10-07 13:52:59,6296,code,0.00,95.51
2025-10-07 13:52:59,6298,code,0.00,19.71
2025-10-07 13:52:59,6317,chrome_crashpad_handler,0.00,3.26
2025-10-07 13:52:59,6336,code,1.60,162.91
2025-10-07 13:52:59,6339,code,0.00,117.41
2025-10-07 13:52:59,6392,code,2.20,313.93
2025-10-07 13:52:59,6409,code,0.80,151.77
2025-10-07 13:52:59,6414,code,1.10,264.16
2025-10-07 13:52:59,6422,code,0.00,157.08
2025-10-07 13:52:59,6431,code,0.20,153.22
2025-10-07 13:52:59,6484,bash,0.00,5.25
2025-10-07 13:52:59,6505,bash,0.00,5.47
2025-10-07 13:52:59,6548,pet,0.00,3.39
2025-10-07 13:52:59,6679,bash,0.00,5.34
2025-10-07 13:52:59,6710,code,0.10,385.82
2025-10-07 13:52:59,6848,kworker/4:0,0.00,0.00
2025-10-07 13:52:59,6850,kworker/u64:1-sdma0,0.40,0.00
2025-10-07 13:52:59,7066,python,0.30,71.52
2025-10-07 13:53:09,1,systemd,0.00,13.88
2025-10-07 13:53:09,2,kthreadd,0.00,0.00
2025-10-07 13:53:09,3,pool_workqueue_release,0.00,0.00
2025-10-07 13:53:09,4,kworker/R-rcu_gp,0.00,0.00
2025-10-07 13:53:09,5,kworker/R-sync_wq,0.00,0.00
2025-10-07 13:53:09,6,kworker/R-kvfree_rcu_reclaim,0.00,0.00
2025-10-07 13:53:09,7,kworker/R-slub_flushwq,0.00,0.00
2025-10-07 13:53:09,8,kworker/R-netns,0.00,0.00
2025-10-07 13:53:09,10,kworker/0:1-mm_percpu_wq,0.10,0.00
2025-10-07 13:53:09,11,kworker/0:0H-events_highpri,0.00,0.00
2025-10-07 13:53:09,13,kworker/R-mm_percpu_wq,0.00,0.00
2025-10-07 13:53:09,14,rcu_tasks_kthread,0.00,0.00
2025-10-07 13:53:09,15,rcu_tasks_rude_kthread,0.00,0.00
2025-10-07 13:53:09,16,rcu_tasks_trace_kthread,0.00,0.00
2025-10-07 13:53:09,17,ksoftirqd/0,0.00,0.00
2025-10-07 13:53:09,18,rcu_preempt,0.10,0.00
2025-10-07 13:53:09,19,rcu_exp_par_gp_kthread_worker/0,0.00,0.00
2025-10-07 13:53:09,20,rcu_exp_gp_kthread_worker,0.00,0.00
2025-10-07 13:53:09,21,migration/0,0.00,0.00
2025-10-07 13:53:09,22,idle_inject/0,0.00,0.00
2025-10-07 13:53:09,23,cpuhp/0,0.00,0.00
2025-10-07 13:53:09,24,cpuhp/2,0.00,0.00
2025-10-07 13:53:09,25,idle_inject/2,0.00,0.00
2025-10-07 13:53:09,26,migration/2,0.00,0.00
2025-10-07 13:53:09,27,ksoftirqd/2,0.00,0.00
2025-10-07 13:53:09,29,kworker/2:0H-events_highpri,0.00,0.00
2025-10-07 13:53:09,30,cpuhp/4,0.00,0.00
2025-10-07 13:53:09,31,idle_inject/4,0.00,0.00
2025-10-07 13:53:09,32,migration/4,0.00,0.00
2025-10-07 13:53:09,33,ksoftirqd/4,0.00,0.00
2025-10-07 13:53:09,35,kworker/4:0H-events_highpri,0.00,0.00
2025-10-07 13:53:09,36,cpuhp/6,0.00,0.00
2025-10-07 13:53:09,37,idle_inject/6,0.00,0.00
2025-10-07 13:53:09,38,migration/6,0.00,0.00
2025-10-07 13:53:09,39,ksoftirqd/6,0.00,0.00
2025-10-07 13:53:09,40,kworker/6:0-mm_percpu_wq,0.00,0.00
2025-10-07 13:53:09,41,kworker/6:0H-events_highpri,0.00,0.00
2025-10-07 13:53:09,42,cpuhp/8,0.00,0.00
2025-10-07 13:53:09,43,idle_inject/8,0.00,0.00
2025-10-07 13:53:09,44,migration/8,0.00,0.00
2025-10-07 13:53:09,45,ksoftirqd/8,0.00,0.00
2025-10-07 13:53:09,47,kworker/8:0H-events_highpri,0.00,0.00
2025-10-07 13:53:09,48,cpuhp/10,0.00,0.00
2025-10-07 13:53:09,49,idle_inject/10,0.00,0.00
2025-10-07 13:53:09,50,migration/10,0.00,0.00
2025-10-07 13:53:09,51,ksoftirqd/10,0.00,0.00
2025-10-07 13:53:09,53,kworker/10:0H-events_highpri,0.00,0.00
2025-10-07 13:53:09,54,cpuhp/12,0.00,0.00
2025-10-07 13:53:09,55,idle_inject/12,0.00,0.00
2025-10-07 13:53:09,56,migration/12,0.00,0.00
2025-10-07 13:53:09,57,ksoftirqd/12,0.00,0.00
2025-10-07 13:53:09,59,kworker/12:0H-events_highpri,0.00,0.00
2025-10-07 13:53:09,60,cpuhp/14,0.00,0.00
2025-10-07 13:53:09,61,idle_inject/14,0.00,0.00
2025-10-07 13:53:09,62,migration/14,0.00,0.00
2025-10-07 13:53:09,63,ksoftirqd/14,0.00,0.00
2025-10-07 13:53:09,64,kworker/14:0-mm_percpu_wq,0.10,0.00
2025-10-07 13:53:09,65,kworker/14:0H-events_highpri,0.00,0.00
2025-10-07 13:53:09,66,cpuhp/1,0.00,0.00
2025-10-07 13:53:09,67,idle_inject/1,0.00,0.00
2025-10-07 13:53:09,68,migration/1,0.00,0.00
2025-10-07 13:53:09,69,ksoftirqd/1,0.00,0.00
2025-10-07 13:53:09,71,kworker/1:0H-events_highpri,0.00,0.00
2025-10-07 13:53:09,72,cpuhp/3,0.00,0.00
2025-10-07 13:53:09,73,idle_inject/3,0.00,0.00
2025-10-07 13:53:09,74,migration/3,0.00,0.00
2025-10-07 13:53:09,75,ksoftirqd/3,0.00,0.00
2025-10-07 13:53:09,77,kworker/3:0H-events_highpri,0.00,0.00
2025-10-07 13:53:09,78,cpuhp/5,0.00,0.00
2025-10-07 13:53:09,79,idle_inject/5,0.00,0.00
2025-10-07 13:53:09,80,migration/5,0.00,0.00
2025-10-07 13:53:09,81,ksoftirqd/5,0.00,0.00
2025-10-07 13:53:09,83,kworker/5:0H-events_highpri,0.00,0.00
2025-10-07 13:53:09,84,cpuhp/7,0.00,0.00
2025-10-07 13:53:09,85,idle_inject/7,0.00,0.00
2025-10-07 13:53:09,86,migration/7,0.00,0.00
2025-10-07 13:53:09,87,ksoftirqd/7,0.00,0.00
2025-10-07 13:53:09,89,kworker/7:0H-events_highpri,0.00,0.00
2025-10-07 13:53:09,90,cpuhp/9,0.00,0.00
2025-10-07 13:53:09,91,idle_inject/9,0.00,0.00
2025-10-07 13:53:09,92,migration/9,0.00,0.00
2025-10-07 13:53:09,93,ksoftirqd/9,0.00,0.00
2025-10-07 13:53:09,95,kworker/9:0H-events_highpri,0.00,0.00
2025-10-07 13:53:09,96,cpuhp/11,0.00,0.00
2025-10-07 13:53:09,97,idle_inject/11,0.00,0.00
2025-10-07 13:53:09,98,migration/11,0.00,0.00
2025-10-07 13:53:09,99,ksoftirqd/11,0.00,0.00
2025-10-07 13:53:09,101,kworker/11:0H-events_highpri,0.00,0.00
2025-10-07 13:53:09,102,cpuhp/13,0.00,0.00
2025-10-07 13:53:09,103,idle_inject/13,0.00,0.00
2025-10-07 13:53:09,104,migration/13,0.00,0.00
2025-10-07 13:53:09,105,ksoftirqd/13,0.00,0.00
2025-10-07 13:53:09,107,kworker/13:0H-events_highpri,0.00,0.00
2025-10-07 13:53:09,108,cpuhp/15,0.00,0.00
2025-10-07 13:53:09,109,idle_inject/15,0.00,0.00
2025-10-07 13:53:09,110,migration/15,0.00,0.00
2025-10-07 13:53:09,111,ksoftirqd/15,0.00,0.00
2025-10-07 13:53:09,113,kworker/15:0H-events_highpri,0.00,0.00
2025-10-07 13:53:09,116,kdevtmpfs,0.00,0.00
2025-10-07 13:53:09,117,kworker/R-inet_frag_wq,0.00,0.00
2025-10-07 13:53:09,118,kauditd,0.00,0.00
2025-10-07 13:53:09,119,khungtaskd,0.00,0.00
2025-10-07 13:53:09,120,oom_reaper,0.00,0.00
2025-10-07 13:53:09,123,kworker/R-writeback,0.00,0.00
2025-10-07 13:53:09,124,kcompactd0,0.00,0.00
2025-10-07 13:53:09,125,ksmd,0.00,0.00
2025-10-07 13:53:09,126,khugepaged,0.00,0.00
2025-10-07 13:53:09,127,kworker/R-kintegrityd,0.00,0.00
2025-10-07 13:53:09,128,kworker/R-kblockd,0.00,0.00
2025-10-07 13:53:09,129,kworker/R-blkcg_punt_bio,0.00,0.00
2025-10-07 13:53:09,130,irq/9-acpi,0.10,0.00
2025-10-07 13:53:09,131,kworker/10:1-events,0.00,0.00
2025-10-07 13:53:09,133,kworker/1:1-mm_percpu_wq,0.00,0.00
2025-10-07 13:53:09,134,kworker/R-tpm_dev_wq,0.00,0.00
2025-10-07 13:53:09,135,kworker/R-ata_sff,0.00,0.00
2025-10-07 13:53:09,137,kworker/R-md,0.00,0.00
2025-10-07 13:53:09,138,kworker/R-md_bitmap,0.00,0.00
2025-10-07 13:53:09,139,kworker/R-edac-poller,0.00,0.00
2025-10-07 13:53:09,141,kworker/R-devfreq_wq,0.00,0.00
2025-10-07 13:53:09,142,watchdogd,0.00,0.00
2025-10-07 13:53:09,143,kworker/8:1H-kblockd,0.00,0.00
2025-10-07 13:53:09,145,irq/25-AMD-Vi0-Evt,0.00,0.00
2025-10-07 13:53:09,146,irq/26-AMD-Vi0-PPR,0.00,0.00
2025-10-07 13:53:09,147,irq/27-AMD-Vi0-GA,0.00,0.00
2025-10-07 13:53:09,148,kswapd0,0.00,0.00
2025-10-07 13:53:09,149,ecryptfs-kthread,0.00,0.00
2025-10-07 13:53:09,150,kworker/R-kthrotld,0.00,0.00
2025-10-07 13:53:09,151,kworker/u67:0-hci0,0.00,0.00
2025-10-07 13:53:09,152,kworker/R-acpi_thermal_pm,0.00,0.00
2025-10-07 13:53:09,154,kworker/2:1-mm_percpu_wq,0.00,0.00
2025-10-07 13:53:09,155,kworker/R-mld,0.00,0.00
2025-10-07 13:53:09,156,kworker/R-ipv6_addrconf,0.00,0.00
2025-10-07 13:53:09,157,kworker/2:1H-kblockd,0.00,0.00
2025-10-07 13:53:09,164,kworker/R-kstrp,0.00,0.00
2025-10-07 13:53:09,167,kworker/7:1-mm_percpu_wq,0.00,0.00
2025-10-07 13:53:09,168,kworker/9:1-events,0.00,0.00
2025-10-07 13:53:09,169,kworker/13:1-mm_percpu_wq,0.00,0.00
2025-10-07 13:53:09,170,kworker/5:1-events,0.00,0.00
2025-10-07 13:53:09,171,kworker/11:1-events,0.00,0.00
2025-10-07 13:53:09,189,kworker/R-charger_manager,0.00,0.00
2025-10-07 13:53:09,190,kworker/0:1H-kblockd,0.00,0.00
2025-10-07 13:53:09,217,kworker/4:1H-kblockd,0.00,0.00
2025-10-07 13:53:09,221,kworker/12:1H-kblockd,0.00,0.00
2025-10-07 13:53:09,239,kworker/6:1H-kblockd,0.00,0.00
2025-10-07 13:53:09,257,kworker/1:1H-kblockd,0.00,0.00
2025-10-07 13:53:09,258,kworker/10:1H-kblockd,0.00,0.00
2025-10-07 13:53:09,259,kworker/13:1H-kblockd,0.00,0.00
2025-10-07 13:53:09,260,kworker/3:1H-kblockd,0.00,0.00
2025-10-07 13:53:09,261,kworker/9:1H-kblockd,0.00,0.00
2025-10-07 13:53:09,262,kworker/15:1H-kblockd,0.00,0.00
2025-10-07 13:53:09,263,kworker/5:1H-kblockd,0.00,0.00
2025-10-07 13:53:09,264,kworker/14:1H-kblockd,0.00,0.00
2025-10-07 13:53:09,265,kworker/7:1H-kblockd,0.00,0.00
2025-10-07 13:53:09,268,kworker/11:1H-kblockd,0.00,0.00
2025-10-07 13:53:09,308,irq/50-PNP0C50:0b,0.00,0.00
2025-10-07 13:53:09,314,kworker/R-nvme-wq,0.00,0.00
2025-10-07 13:53:09,315,kworker/R-nvme-reset-wq,0.00,0.00
2025-10-07 13:53:09,316,kworker/R-nvme-delete-wq,0.00,0.00
2025-10-07 13:53:09,317,kworker/R-nvme-auth-wq,0.00,0.00
2025-10-07 13:53:09,319,kworker/13:2-events,0.00,0.00
2025-10-07 13:53:09,373,jbd2/nvme0n1p2-8,0.00,0.00
2025-10-07 13:53:09,374,kworker/R-ext4-rsv-conversion,0.00,0.00
2025-10-07 13:53:09,425,systemd-journald,0.00,18.52
2025-10-07 13:53:09,461,systemd-udevd,0.00,8.51
2025-10-07 13:53:09,512,psimon,0.00,0.00
2025-10-07 13:53:09,588,kworker/12:2-mm_percpu_wq,0.00,0.00
2025-10-07 13:53:09,647,kworker/R-cfg80211,0.00,0.00
2025-10-07 13:53:09,648,kworker/R-cryptd,0.00,0.00
2025-10-07 13:53:09,697,irq/69-rtw89_pci,0.30,0.00
2025-10-07 13:53:09,710,kworker/R-amdgpu-reset-dev,0.00,0.00
2025-10-07 13:53:09,807,kworker/R-ttm,0.00,0.00
2025-10-07 13:53:09,847,systemd-oomd,0.10,7.46
2025-10-07 13:53:09,848,systemd-resolved,0.00,13.04
2025-10-07 13:53:09,849,systemd-timesyncd,0.00,7.68
2025-10-07 13:53:09,894,avahi-daemon,0.20,5.22
2025-10-07 13:53:09,895,bluetoothd,0.00,6.47
2025-10-07 13:53:09,896,dbus-daemon,0.00,7.33
2025-10-07 13:53:09,899,gnome-remote-desktop-daemon,0.00,16.39
2025-10-07 13:53:09,902,polkitd,0.00,12.21
2025-10-07 13:53:09,905,power-profiles-daemon,0.00,7.56
2025-10-07 13:53:09,914,snapd,0.00,39.73
2025-10-07 13:53:09,917,accounts-daemon,0.00,7.99
2025-10-07 13:53:09,920,cron,0.00,2.79
2025-10-07 13:53:09,923,switcheroo-control,0.00,6.84
2025-10-07 13:53:09,926,systemd-logind,0.00,9.04
2025-10-07 13:53:09,928,udisksd,0.00,13.92
2025-10-07 13:53:09,949,avahi-daemon,0.00,1.51
2025-10-07 13:53:09,951,NetworkManager,0.10,19.79
2025-10-07 13:53:09,959,wpa_supplicant,0.00,12.00
2025-10-07 13:53:09,977,kworker/11:2-events,0.00,0.00
2025-10-07 13:53:09,1009,rsyslogd,0.00,5.94
2025-10-07 13:53:09,1066,ModemManager,0.00,12.69
2025-10-07 13:53:09,1150,kworker/R-amdgpu_dm_hpd_rx_offload_wq,0.00,0.00
2025-10-07 13:53:09,1151,kworker/R-amdgpu_dm_hpd_rx_offload_wq,0.00,0.00
2025-10-07 13:53:09,1152,kworker/R-amdgpu_dm_hpd_rx_offload_wq,0.00,0.00
2025-10-07 13:53:09,1153,kworker/R-dm_vblank_control_workqueue,0.00,0.00
2025-10-07 13:53:09,1156,card1-crtc0,0.00,0.00
2025-10-07 13:53:09,1157,card1-crtc1,0.00,0.00
2025-10-07 13:53:09,1158,card1-crtc2,0.00,0.00
2025-10-07 13:53:09,1159,card1-crtc3,0.00,0.00
2025-10-07 13:53:09,1160,kworker/R-gfx,0.00,0.00
2025-10-07 13:53:09,1161,kworker/R-comp_1.0.0,0.00,0.00
2025-10-07 13:53:09,1162,kworker/R-comp_1.1.0,0.00,0.00
2025-10-07 13:53:09,1163,kworker/R-comp_1.2.0,0.00,0.00
2025-10-07 13:53:09,1164,kworker/R-comp_1.3.0,0.00,0.00
2025-10-07 13:53:09,1165,kworker/R-comp_1.0.1,0.00,0.00
2025-10-07 13:53:09,1166,kworker/R-comp_1.1.1,0.00,0.00
2025-10-07 13:53:09,1167,kworker/R-comp_1.2.1,0.00,0.00
2025-10-07 13:53:09,1168,kworker/R-comp_1.3.1,0.00,0.00
2025-10-07 13:53:09,1169,kworker/R-sdma0,0.00,0.00
2025-10-07 13:53:09,1170,kworker/R-vcn_dec,0.00,0.00
2025-10-07 13:53:09,1171,kworker/R-vcn_enc0,0.00,0.00
2025-10-07 13:53:09,1172,kworker/R-vcn_enc1,0.00,0.00
2025-10-07 13:53:09,1173,kworker/R-jpeg_dec,0.00,0.00
2025-10-07 13:53:09,1345,cupsd,0.00,11.75
2025-10-07 13:53:09,1353,unattended-upgr,0.00,22.52
2025-10-07 13:53:09,1368,dbus,0.00,6.74
2025-10-07 13:53:09,1376,gdm3,0.00,9.23
2025-10-07 13:53:09,1385,mysqld,0.90,389.47
2025-10-07 13:53:09,1392,psimon,0.00,0.00
2025-10-07 13:53:09,1399,kworker/14:3-events,0.00,0.00
2025-10-07 13:53:09,1494,rtkit-daemon,0.00,3.44
2025-10-07 13:53:09,1558,kworker/7:2-mm_percpu_wq,0.10,0.00
2025-10-07 13:53:09,1589,krfcommd,0.00,0.00
2025-10-07 13:53:09,1687,colord,0.00,14.56
2025-10-07 13:53:09,1799,upowerd,0.10,9.72
2025-10-07 13:53:09,2127,cups-browsed,0.00,19.58
2025-10-07 13:53:09,2129,kerneloops,0.00,2.31
2025-10-07 13:53:09,2132,kerneloops,0.00,2.29
2025-10-07 13:53:09,2152,gdm-session-worker,0.00,10.95
2025-10-07 13:53:09,2169,systemd,0.00,12.61
2025-10-07 13:53:09,2172,(sd-pam),0.00,3.57
2025-10-07 13:53:09,2184,pipewire,0.00,15.76
2025-10-07 13:53:09,2185,pipewire,0.00,5.67
2025-10-07 13:53:09,2188,wireplumber,0.00,18.71
2025-10-07 13:53:09,2190,pipewire-pulse,0.00,18.13
2025-10-07 13:53:09,2192,gnome-keyring-daemon,0.00,10.11
2025-10-07 13:53:09,2202,dbus-daemon,0.00,6.56
2025-10-07 13:53:09,2256,xdg-document-portal,0.00,7.48
2025-10-07 13:53:09,2260,xdg-permission-store,0.00,6.12
2025-10-07 13:53:09,2267,fusermount3,0.00,2.01
2025-10-07 13:53:09,2289,gdm-wayland-session,0.00,6.18
2025-10-07 13:53:09,2299,gnome-session-binary,0.00,16.20
2025-10-07 13:53:09,2376,gcr-ssh-agent,0.00,6.93
2025-10-07 13:53:09,2377,gnome-session-ctl,0.00,5.66
2025-10-07 13:53:09,2392,gvfsd,0.00,8.07
2025-10-07 13:53:09,2400,gvfsd-fuse,0.00,6.92
2025-10-07 13:53:09,2403,gnome-session-binary,0.00,18.07
2025-10-07 13:53:09,2438,gnome-shell,5.70,334.28
2025-10-07 13:53:09,2440,at-spi-bus-launcher,0.00,7.79
2025-10-07 13:53:09,2451,dbus-daemon,0.00,5.12
2025-10-07 13:53:09,2530,at-spi2-registryd,0.00,7.67
2025-10-07 13:53:09,2555,gnome-shell-calendar-server,0.00,17.62
2025-10-07 13:53:09,2563,evolution-source-registry,0.00,87.43
2025-10-07 13:53:09,2564,dconf-service,0.00,6.10
2025-10-07 13:53:09,2577,gjs,0.00,26.86
2025-10-07 13:53:09,2579,ibus-daemon,2.80,12.14
2025-10-07 13:53:09,2581,gsd-a11y-settings,0.00,6.63
2025-10-07 13:53:09,2585,gsd-color,0.00,19.95
2025-10-07 13:53:09,2586,gsd-datetime,0.00,12.00
2025-10-07 13:53:09,2599,gsd-housekeeping,0.00,7.98
2025-10-07 13:53:09,2601,gsd-keyboard,0.00,19.13
2025-10-07 13:53:09,2602,gsd-media-keys,0.00,24.63
2025-10-07 13:53:09,2607,gsd-power,0.00,25.85
2025-10-07 13:53:09,2611,gsd-print-notifications,0.00,11.48
2025-10-07 13:53:09,2616,gsd-rfkill,0.00,6.77
2025-10-07 13:53:09,2626,gsd-screensaver-proxy,0.00,6.18
2025-10-07 13:53:09,2629,gsd-sharing,0.00,11.77
2025-10-07 13:53:09,2631,gsd-smartcard,0.00,8.14
2025-10-07 13:53:09,2637,gsd-sound,0.00,9.76
2025-10-07 13:53:09,2646,gsd-wacom,0.00,20.26
2025-10-07 13:53:09,2680,gsd-disk-utility-notify,0.00,7.33
2025-10-07 13:53:09,2716,gvfs-udisks2-volume-monitor,0.00,10.33
2025-10-07 13:53:09,2719,evolution-alarm-notify,0.00,107.36
2025-10-07 13:53:09,2724,ibus-memconf,0.00,7.09
2025-10-07 13:53:09,2726,ibus-extension-gtk3,0.00,28.90
2025-10-07 13:53:09,2738,ibus-portal,0.00,7.17
2025-10-07 13:53:09,2815,goa-daemon,0.00,23.61
2025-10-07 13:53:09,2819,gvfs-goa-volume-monitor,0.00,6.50
2025-10-07 13:53:09,2837,goa-identity-service,0.00,9.13
2025-10-07 13:53:09,2843,evolution-calendar-factory,0.00,24.12
2025-10-07 13:53:09,2844,gsd-printer,0.00,14.89
2025-10-07 13:53:09,2857,gvfs-mtp-volume-monitor,0.00,6.70
2025-10-07 13:53:09,2870,gvfs-gphoto2-volume-monitor,0.00,7.00
2025-10-07 13:53:09,2877,gvfs-afc-volume-monitor,0.00,7.73
2025-10-07 13:53:09,2887,evolution-addressbook-factory,0.00,29.40
2025-10-07 13:53:09,2914,ibus-engine-simple,1.10,7.47
2025-10-07 13:53:09,2941,gvfsd-trash,0.00,9.15
2025-10-07 13:53:09,2966,tracker-miner-fs-3,0.00,28.61
2025-10-07 13:53:09,2969,xdg-desktop-portal,0.00,14.50
2025-10-07 13:53:09,2978,xdg-desktop-portal-gnome,0.00,86.33
2025-10-07 13:53:09,3001,gjs,0.00,26.85
2025-10-07 13:53:09,3027,xdg-desktop-portal-gtk,0.00,25.89
2025-10-07 13:53:09,3100,gvfsd-metadata,0.00,6.52
2025-10-07 13:53:09,3113,snapd-desktop-integration,0.00,11.69
2025-10-07 13:53:09,3179,snapd-desktop-integration,0.00,30.21
2025-10-07 13:53:09,3211,chrome,0.10,425.09
2025-10-07 13:53:09,3217,cat,0.00,1.85
2025-10-07 13:53:09,3218,cat,0.00,1.85
2025-10-07 13:53:09,3220,chrome_crashpad_handler,0.00,4.09
2025-10-07 13:53:09,3222,chrome_crashpad_handler,0.00,3.32
2025-10-07 13:53:09,3228,chrome,0.00,108.12
2025-10-07 13:53:09,3229,chrome,0.00,109.58
2025-10-07 13:53:09,3231,chrome,0.00,25.02
2025-10-07 13:53:09,3273,chrome,0.10,281.52
2025-10-07 13:53:09,3276,chrome,0.30,187.04
2025-10-07 13:53:09,3286,chrome,0.00,66.57
2025-10-07 13:53:09,3362,chrome,0.00,134.95
2025-10-07 13:53:09,3446,chrome,0.00,189.97
2025-10-07 13:53:09,3576,update-notifier,0.00,32.60
2025-10-07 13:53:09,3739,chrome,0.00,169.65
2025-10-07 13:53:09,3747,chrome,0.00,185.59
2025-10-07 13:53:09,3826,kworker/5:0-mm_percpu_wq,0.00,0.00
2025-10-07 13:53:09,3878,chrome,0.10,560.02
2025-10-07 13:53:09,3973,chrome,0.00,155.57
2025-10-07 13:53:09,3984,chrome,0.00,174.69
2025-10-07 13:53:09,4111,kworker/15:3-cgroup_destroy,0.00,0.00
2025-10-07 13:53:09,4161,chrome,0.10,268.18
2025-10-07 13:53:09,4229,kworker/3:0-events,0.00,0.00
2025-10-07 13:53:09,4283,kworker/4:2-mm_percpu_wq,0.00,0.00
2025-10-07 13:53:09,4328,kworker/6:1-events,0.00,0.00
2025-10-07 13:53:09,4358,chrome,0.00,152.70
2025-10-07 13:53:09,4428,chrome,0.00,294.04
2025-10-07 13:53:09,4515,chrome,0.00,322.98
2025-10-07 13:53:09,4557,chrome,0.00,85.26
2025-10-07 13:53:09,4567,kworker/12:1-events,0.00,0.00
2025-10-07 13:53:09,4573,kworker/9:2-mm_percpu_wq,0.10,0.00
2025-10-07 13:53:09,4586,kworker/u64:0-gfx,0.00,0.00
2025-10-07 13:53:09,4645,kworker/3:2-mm_percpu_wq,0.00,0.00
2025-10-07 13:53:09,4774,kworker/8:3-mm_percpu_wq,0.00,0.00
2025-10-07 13:53:09,4943,kworker/15:2-mm_percpu_wq,0.00,0.00
2025-10-07 13:53:09,5028,kworker/0:0-events,0.00,0.00
2025-10-07 13:53:09,5074,kworker/u65:5-events_unbound,0.00,0.00
2025-10-07 13:53:09,5082,kworker/u65:15-kvfree_rcu_reclaim,0.00,0.00
2025-10-07 13:53:09,5085,kworker/u65:18-events_power_efficient,0.00,0.00
2025-10-07 13:53:09,5088,kworker/2:0-cgwb_release,0.00,0.00
2025-10-07 13:53:09,5110,kworker/u65:27-kvfree_rcu_reclaim,0.00,0.00
2025-10-07 13:53:09,5114,kworker/u67:2-hci0,0.00,0.00
2025-10-07 13:53:09,5208,kworker/1:3-events,0.00,0.00
2025-10-07 13:53:09,5321,kworker/u68:0-ttm,0.00,0.00
2025-10-07 13:53:09,5463,kworker/10:3-mm_percpu_wq,0.00,0.00
2025-10-07 13:53:09,5558,kworker/u66:0-kvfree_rcu_reclaim,0.10,0.00
2025-10-07 13:53:09,5559,kworker/u69:0-ttm,0.00,0.00
2025-10-07 13:53:09,5650,kworker/u69:1-ttm,0.00,0.00
2025-10-07 13:53:09,5655,kworker/u66:2-flush-259:0,0.00,0.00
2025-10-07 13:53:09,5687,gjs,0.00,65.67
2025-10-07 13:53:09,5731,kworker/u66:3-iou_exit,0.00,0.00
2025-10-07 13:53:09,5738,kworker/4:3-cgroup_destroy,0.00,0.00
2025-10-07 13:53:09,5741,kworker/u69:2-ttm,0.00,0.00
2025-10-07 13:53:09,5742,kworker/u69:3-ttm,0.00,0.00
2025-10-07 13:53:09,5743,kworker/u69:4-ttm,0.00,0.00
2025-10-07 13:53:09,5744,kworker/u69:5-ttm,0.00,0.00
2025-10-07 13:53:09,5752,kworker/8:2,0.00,0.00
2025-10-07 13:53:09,5755,kworker/u64:2-gfx,0.00,0.00
2025-10-07 13:53:09,5758,kworker/u68:1-ttm,0.00,0.00
2025-10-07 13:53:09,5766,kworker/u68:3-ttm,0.00,0.00
2025-10-07 13:53:09,5767,kworker/u68:4-ttm,0.00,0.00
2025-10-07 13:53:09,5768,kworker/u68:5-ttm,0.00,0.00
2025-10-07 13:53:09,5769,kworker/u68:6-ttm,0.00,0.00
2025-10-07 13:53:09,5770,kworker/u68:8-ttm,0.00,0.00
2025-10-07 13:53:09,5771,kworker/u68:10-ttm,0.00,0.00
2025-10-07 13:53:09,5773,kworker/u69:6-ttm,0.00,0.00
2025-10-07 13:53:09,5774,kworker/u69:7-ttm,0.00,0.00
2025-10-07 13:53:09,5775,kworker/u69:8-ttm,0.00,0.00
2025-10-07 13:53:09,5776,kworker/u69:9-ttm,0.00,0.00
2025-10-07 13:53:09,5808,Xwayland,2.10,124.49
2025-10-07 13:53:09,5827,gsd-xsettings,0.00,86.07
2025-10-07 13:53:09,5857,ibus-x11,0.00,23.84
2025-10-07 13:53:09,5863,mutter-x11-frames,0.50,90.64
2025-10-07 13:53:09,5943,kworker/u69:10-ttm,0.00,0.00
2025-10-07 13:53:09,5944,kworker/u69:11-ttm,0.00,0.00
2025-10-07 13:53:09,5945,kworker/u69:12-ttm,0.00,0.00
2025-10-07 13:53:09,5946,kworker/u69:13-ttm,0.00,0.00
2025-10-07 13:53:09,5986,kworker/u66:1-kvfree_rcu_reclaim,0.00,0.00
2025-10-07 13:53:09,5987,kworker/u66:4-events_unbound,0.00,0.00
2025-10-07 13:53:09,6214,gnome-terminal-server,0.00,51.39
2025-10-07 13:53:09,6221,bash,0.00,5.60
2025-10-07 13:53:09,6230,kworker/u66:5-events_unbound,0.10,0.00
2025-10-07 13:53:09,6231,kworker/u66:6-flush-259:0,0.00,0.00
2025-10-07 13:53:09,6232,kworker/u66:7,0.00,0.00
2025-10-07 13:53:09,6233,kworker/u65:0-events_power_efficient,0.00,0.00
2025-10-07 13:53:09,6235,kworker/u69:14-ttm,0.00,0.00
2025-10-07 13:53:09,6236,kworker/u69:15-ttm,0.00,0.00
2025-10-07 13:53:09,6237,kworker/u69:16,0.00,0.00
2025-10-07 13:53:09,6262,kworker/9:0-events,0.00,0.00
2025-10-07 13:53:09,6266,kworker/0:2,0.00,0.00
2025-10-07 13:53:09,6292,code,4.70,243.99
2025-10-07 13:53:09,6295,code,0.00,96.03
2025-10-07 13:53:09,6296,code,0.00,95.51
2025-10-07 13:53:09,6298,code,0.00,19.71
2025-10-07 13:53:09,6317,chrome_crashpad_handler,0.00,3.26
2025-10-07 13:53:09,6336,code,2.20,163.39
2025-10-07 13:53:09,6339,code,0.10,117.41
2025-10-07 13:53:09,6392,code,11.80,319.06
2025-10-07 13:53:09,6409,code,2.40,152.47
2025-10-07 13:53:09,6414,code,2.20,262.59
2025-10-07 13:53:09,6422,code,0.10,157.21
2025-10-07 13:53:09,6431,code,0.10,153.22
2025-10-07 13:53:09,6484,bash,0.00,5.25
2025-10-07 13:53:09,6505,bash,0.00,5.47
2025-10-07 13:53:09,6548,pet,0.00,3.39
2025-10-07 13:53:09,6679,bash,0.00,5.34
2025-10-07 13:53:09,6710,code,0.40,384.86
2025-10-07 13:53:09,6848,kworker/4:0,0.00,0.00
2025-10-07 13:53:09,6850,kworker/u64:1-phy0,0.40,0.00
2025-10-07 13:53:09,7066,python,0.40,71.52
2025-10-07 13:53:19,1,systemd,0.00,13.88
2025-10-07 13:53:19,2,kthreadd,0.00,0.00
2025-10-07 13:53:19,3,pool_workqueue_release,0.00,0.00
2025-10-07 13:53:19,4,kworker/R-rcu_gp,0.00,0.00
2025-10-07 13:53:19,5,kworker/R-sync_wq,0.00,0.00
2025-10-07 13:53:19,6,kworker/R-kvfree_rcu_reclaim,0.00,0.00
2025-10-07 13:53:19,7,kworker/R-slub_flushwq,0.00,0.00
2025-10-07 13:53:19,8,kworker/R-netns,0.00,0.00
2025-10-07 13:53:19,10,kworker/0:1-mm_percpu_wq,0.00,0.00
2025-10-07 13:53:19,11,kworker/0:0H-events_highpri,0.00,0.00
2025-10-07 13:53:19,13,kworker/R-mm_percpu_wq,0.00,0.00
2025-10-07 13:53:19,14,rcu_tasks_kthread,0.00,0.00
2025-10-07 13:53:19,15,rcu_tasks_rude_kthread,0.00,0.00
2025-10-07 13:53:19,16,rcu_tasks_trace_kthread,0.00,0.00
2025-10-07 13:53:19,17,ksoftirqd/0,0.00,0.00
2025-10-07 13:53:19,18,rcu_preempt,0.10,0.00
2025-10-07 13:53:19,19,rcu_exp_par_gp_kthread_worker/0,0.00,0.00
2025-10-07 13:53:19,20,rcu_exp_gp_kthread_worker,0.00,0.00
2025-10-07 13:53:19,21,migration/0,0.00,0.00
2025-10-07 13:53:19,22,idle_inject/0,0.00,0.00
2025-10-07 13:53:19,23,cpuhp/0,0.00,0.00
2025-10-07 13:53:19,24,cpuhp/2,0.00,0.00
2025-10-07 13:53:19,25,idle_inject/2,0.00,0.00
2025-10-07 13:53:19,26,migration/2,0.00,0.00
2025-10-07 13:53:19,27,ksoftirqd/2,0.00,0.00
2025-10-07 13:53:19,29,kworker/2:0H-events_highpri,0.00,0.00
2025-10-07 13:53:19,30,cpuhp/4,0.00,0.00
2025-10-07 13:53:19,31,idle_inject/4,0.00,0.00
2025-10-07 13:53:19,32,migration/4,0.00,0.00
2025-10-07 13:53:19,33,ksoftirqd/4,0.00,0.00
2025-10-07 13:53:19,35,kworker/4:0H-events_highpri,0.00,0.00
2025-10-07 13:53:19,36,cpuhp/6,0.00,0.00
2025-10-07 13:53:19,37,idle_inject/6,0.00,0.00
2025-10-07 13:53:19,38,migration/6,0.00,0.00
2025-10-07 13:53:19,39,ksoftirqd/6,0.00,0.00
2025-10-07 13:53:19,40,kworker/6:0-mm_percpu_wq,0.00,0.00
2025-10-07 13:53:19,41,kworker/6:0H-events_highpri,0.00,0.00
2025-10-07 13:53:19,42,cpuhp/8,0.00,0.00
2025-10-07 13:53:19,43,idle_inject/8,0.00,0.00
2025-10-07 13:53:19,44,migration/8,0.00,0.00
2025-10-07 13:53:19,45,ksoftirqd/8,0.00,0.00
2025-10-07 13:53:19,47,kworker/8:0H-events_highpri,0.00,0.00
2025-10-07 13:53:19,48,cpuhp/10,0.00,0.00
2025-10-07 13:53:19,49,idle_inject/10,0.00,0.00
2025-10-07 13:53:19,50,migration/10,0.00,0.00
2025-10-07 13:53:19,51,ksoftirqd/10,0.00,0.00
2025-10-07 13:53:19,53,kworker/10:0H-events_highpri,0.00,0.00
2025-10-07 13:53:19,54,cpuhp/12,0.00,0.00
2025-10-07 13:53:19,55,idle_inject/12,0.00,0.00
2025-10-07 13:53:19,56,migration/12,0.00,0.00
2025-10-07 13:53:19,57,ksoftirqd/12,0.00,0.00
2025-10-07 13:53:19,59,kworker/12:0H-events_highpri,0.00,0.00
2025-10-07 13:53:19,60,cpuhp/14,0.00,0.00
2025-10-07 13:53:19,61,idle_inject/14,0.00,0.00
2025-10-07 13:53:19,62,migration/14,0.00,0.00
2025-10-07 13:53:19,63,ksoftirqd/14,0.00,0.00
2025-10-07 13:53:19,64,kworker/14:0-mm_percpu_wq,0.00,0.00
2025-10-07 13:53:19,65,kworker/14:0H-events_highpri,0.00,0.00
2025-10-07 13:53:19,66,cpuhp/1,0.00,0.00
2025-10-07 13:53:19,67,idle_inject/1,0.00,0.00
2025-10-07 13:53:19,68,migration/1,0.00,0.00
2025-10-07 13:53:19,69,ksoftirqd/1,0.00,0.00
2025-10-07 13:53:19,71,kworker/1:0H-events_highpri,0.00,0.00
2025-10-07 13:53:19,72,cpuhp/3,0.00,0.00
2025-10-07 13:53:19,73,idle_inject/3,0.00,0.00
2025-10-07 13:53:19,74,migration/3,0.00,0.00
2025-10-07 13:53:19,75,ksoftirqd/3,0.00,0.00
2025-10-07 13:53:19,77,kworker/3:0H-events_highpri,0.00,0.00
2025-10-07 13:53:19,78,cpuhp/5,0.00,0.00
2025-10-07 13:53:19,79,idle_inject/5,0.00,0.00
2025-10-07 13:53:19,80,migration/5,0.00,0.00
2025-10-07 13:53:19,81,ksoftirqd/5,0.00,0.00
2025-10-07 13:53:19,83,kworker/5:0H-events_highpri,0.00,0.00
2025-10-07 13:53:19,84,cpuhp/7,0.00,0.00
2025-10-07 13:53:19,85,idle_inject/7,0.00,0.00
2025-10-07 13:53:19,86,migration/7,0.00,0.00
2025-10-07 13:53:19,87,ksoftirqd/7,0.00,0.00
2025-10-07 13:53:19,89,kworker/7:0H-events_highpri,0.00,0.00
2025-10-07 13:53:19,90,cpuhp/9,0.00,0.00
2025-10-07 13:53:19,91,idle_inject/9,0.00,0.00
2025-10-07 13:53:19,92,migration/9,0.00,0.00
2025-10-07 13:53:19,93,ksoftirqd/9,0.00,0.00
2025-10-07 13:53:19,95,kworker/9:0H-events_highpri,0.00,0.00
2025-10-07 13:53:19,96,cpuhp/11,0.00,0.00
2025-10-07 13:53:19,97,idle_inject/11,0.00,0.00
2025-10-07 13:53:19,98,migration/11,0.00,0.00
2025-10-07 13:53:19,99,ksoftirqd/11,0.00,0.00
2025-10-07 13:53:19,101,kworker/11:0H-events_highpri,0.00,0.00
2025-10-07 13:53:19,102,cpuhp/13,0.00,0.00
2025-10-07 13:53:19,103,idle_inject/13,0.00,0.00
2025-10-07 13:53:19,104,migration/13,0.00,0.00
2025-10-07 13:53:19,105,ksoftirqd/13,0.00,0.00
2025-10-07 13:53:19,107,kworker/13:0H-events_highpri,0.00,0.00
2025-10-07 13:53:19,108,cpuhp/15,0.00,0.00
2025-10-07 13:53:19,109,idle_inject/15,0.00,0.00
2025-10-07 13:53:19,110,migration/15,0.00,0.00
2025-10-07 13:53:19,111,ksoftirqd/15,0.00,0.00
2025-10-07 13:53:19,113,kworker/15:0H-events_highpri,0.00,0.00
2025-10-07 13:53:19,116,kdevtmpfs,0.00,0.00
2025-10-07 13:53:19,117,kworker/R-inet_frag_wq,0.00,0.00
2025-10-07 13:53:19,118,kauditd,0.00,0.00
2025-10-07 13:53:19,119,khungtaskd,0.00,0.00
2025-10-07 13:53:19,120,oom_reaper,0.00,0.00
2025-10-07 13:53:19,123,kworker/R-writeback,0.00,0.00
2025-10-07 13:53:19,124,kcompactd0,0.00,0.00
2025-10-07 13:53:19,125,ksmd,0.00,0.00
2025-10-07 13:53:19,126,khugepaged,0.00,0.00
2025-10-07 13:53:19,127,kworker/R-kintegrityd,0.00,0.00
2025-10-07 13:53:19,128,kworker/R-kblockd,0.00,0.00
2025-10-07 13:53:19,129,kworker/R-blkcg_punt_bio,0.00,0.00
2025-10-07 13:53:19,130,irq/9-acpi,0.00,0.00
2025-10-07 13:53:19,131,kworker/10:1-events,0.00,0.00
2025-10-07 13:53:19,133,kworker/1:1-events,0.00,0.00
2025-10-07 13:53:19,134,kworker/R-tpm_dev_wq,0.00,0.00
2025-10-07 13:53:19,135,kworker/R-ata_sff,0.00,0.00
2025-10-07 13:53:19,137,kworker/R-md,0.00,0.00
2025-10-07 13:53:19,138,kworker/R-md_bitmap,0.00,0.00
2025-10-07 13:53:19,139,kworker/R-edac-poller,0.00,0.00
2025-10-07 13:53:19,141,kworker/R-devfreq_wq,0.00,0.00
2025-10-07 13:53:19,142,watchdogd,0.00,0.00
2025-10-07 13:53:19,143,kworker/8:1H-kblockd,0.00,0.00
2025-10-07 13:53:19,145,irq/25-AMD-Vi0-Evt,0.00,0.00
2025-10-07 13:53:19,146,irq/26-AMD-Vi0-PPR,0.00,0.00
2025-10-07 13:53:19,147,irq/27-AMD-Vi0-GA,0.00,0.00
2025-10-07 13:53:19,148,kswapd0,0.00,0.00
2025-10-07 13:53:19,149,ecryptfs-kthread,0.00,0.00
2025-10-07 13:53:19,150,kworker/R-kthrotld,0.00,0.00
2025-10-07 13:53:19,151,kworker/u67:0-hci0,0.00,0.00
2025-10-07 13:53:19,152,kworker/R-acpi_thermal_pm,0.00,0.00
2025-10-07 13:53:19,154,kworker/2:1-events_freezable,0.00,0.00
2025-10-07 13:53:19,155,kworker/R-mld,0.00,0.00
2025-10-07 13:53:19,156,kworker/R-ipv6_addrconf,0.00,0.00
2025-10-07 13:53:19,157,kworker/2:1H-kblockd,0.00,0.00
2025-10-07 13:53:19,164,kworker/R-kstrp,0.00,0.00
2025-10-07 13:53:19,167,kworker/7:1-mm_percpu_wq,0.00,0.00
2025-10-07 13:53:19,168,kworker/9:1-events,0.00,0.00
2025-10-07 13:53:19,169,kworker/13:1-events,0.00,0.00
2025-10-07 13:53:19,170,kworker/5:1-events,0.00,0.00
2025-10-07 13:53:19,171,kworker/11:1-events,0.00,0.00
2025-10-07 13:53:19,189,kworker/R-charger_manager,0.00,0.00
2025-10-07 13:53:19,190,kworker/0:1H-kblockd,0.00,0.00
2025-10-07 13:53:19,217,kworker/4:1H-kblockd,0.00,0.00
2025-10-07 13:53:19,221,kworker/12:1H-kblockd,0.00,0.00
2025-10-07 13:53:19,239,kworker/6:1H-kblockd,0.00,0.00
2025-10-07 13:53:19,257,kworker/1:1H-kblockd,0.00,0.00
2025-10-07 13:53:19,258,kworker/10:1H-kblockd,0.00,0.00
2025-10-07 13:53:19,259,kworker/13:1H-kblockd,0.00,0.00
2025-10-07 13:53:19,260,kworker/3:1H-kblockd,0.00,0.00
2025-10-07 13:53:19,261,kworker/9:1H-kblockd,0.00,0.00
2025-10-07 13:53:19,262,kworker/15:1H-kblockd,0.00,0.00
2025-10-07 13:53:19,263,kworker/5:1H-kblockd,0.00,0.00
2025-10-07 13:53:19,264,kworker/14:1H-kblockd,0.00,0.00
2025-10-07 13:53:19,265,kworker/7:1H-kblockd,0.00,0.00
2025-10-07 13:53:19,268,kworker/11:1H-kblockd,0.00,0.00
2025-10-07 13:53:19,308,irq/50-PNP0C50:0b,0.00,0.00
2025-10-07 13:53:19,314,kworker/R-nvme-wq,0.00,0.00
2025-10-07 13:53:19,315,kworker/R-nvme-reset-wq,0.00,0.00
2025-10-07 13:53:19,316,kworker/R-nvme-delete-wq,0.00,0.00
2025-10-07 13:53:19,317,kworker/R-nvme-auth-wq,0.00,0.00
2025-10-07 13:53:19,319,kworker/13:2-events,0.00,0.00
2025-10-07 13:53:19,373,jbd2/nvme0n1p2-8,0.00,0.00
2025-10-07 13:53:19,374,kworker/R-ext4-rsv-conversion,0.00,0.00
2025-10-07 13:53:19,425,systemd-journald,0.00,18.52
2025-10-07 13:53:19,461,systemd-udevd,0.00,8.51
2025-10-07 13:53:19,512,psimon,0.00,0.00
2025-10-07 13:53:19,588,kworker/12:2-events,0.00,0.00
2025-10-07 13:53:19,647,kworker/R-cfg80211,0.00,0.00
2025-10-07 13:53:19,648,kworker/R-cryptd,0.00,0.00
2025-10-07 13:53:19,697,irq/69-rtw89_pci,0.40,0.00
2025-10-07 13:53:19,710,kworker/R-amdgpu-reset-dev,0.00,0.00
2025-10-07 13:53:19,807,kworker/R-ttm,0.00,0.00
2025-10-07 13:53:19,847,systemd-oomd,0.00,7.46
2025-10-07 13:53:19,848,systemd-resolved,0.00,13.04
2025-10-07 13:53:19,849,systemd-timesyncd,0.00,7.68
2025-10-07 13:53:19,894,avahi-daemon,0.10,5.22
2025-10-07 13:53:19,895,bluetoothd,0.00,6.47
2025-10-07 13:53:19,896,dbus-daemon,0.00,7.33
2025-10-07 13:53:19,899,gnome-remote-desktop-daemon,0.00,16.39
2025-10-07 13:53:19,902,polkitd,0.00,12.21
2025-10-07 13:53:19,905,power-profiles-daemon,0.00,7.56
2025-10-07 13:53:19,914,snapd,0.00,39.73
2025-10-07 13:53:19,917,accounts-daemon,0.00,7.99
2025-10-07 13:53:19,920,cron,0.00,2.79
2025-10-07 13:53:19,923,switcheroo-control,0.00,6.84
2025-10-07 13:53:19,926,systemd-logind,0.00,9.04
2025-10-07 13:53:19,928,udisksd,0.00,13.92
2025-10-07 13:53:19,949,avahi-daemon,0.00,1.51
2025-10-07 13:53:19,951,NetworkManager,0.00,19.79
2025-10-07 13:53:19,959,wpa_supplicant,0.00,12.00
2025-10-07 13:53:19,977,kworker/11:2-mm_percpu_wq,0.00,0.00
2025-10-07 13:53:19,1009,rsyslogd,0.00,5.94
2025-10-07 13:53:19,1066,ModemManager,0.00,12.69
2025-10-07 13:53:19,1150,kworker/R-amdgpu_dm_hpd_rx_offload_wq,0.00,0.00
2025-10-07 13:53:19,1151,kworker/R-amdgpu_dm_hpd_rx_offload_wq,0.00,0.00
2025-10-07 13:53:19,1152,kworker/R-amdgpu_dm_hpd_rx_offload_wq,0.00,0.00
2025-10-07 13:53:19,1153,kworker/R-dm_vblank_control_workqueue,0.00,0.00
2025-10-07 13:53:19,1156,card1-crtc0,0.00,0.00
2025-10-07 13:53:19,1157,card1-crtc1,0.00,0.00
2025-10-07 13:53:19,1158,card1-crtc2,0.00,0.00
2025-10-07 13:53:19,1159,card1-crtc3,0.00,0.00
2025-10-07 13:53:19,1160,kworker/R-gfx,0.00,0.00
2025-10-07 13:53:19,1161,kworker/R-comp_1.0.0,0.00,0.00
2025-10-07 13:53:19,1162,kworker/R-comp_1.1.0,0.00,0.00
2025-10-07 13:53:19,1163,kworker/R-comp_1.2.0,0.00,0.00
2025-10-07 13:53:19,1164,kworker/R-comp_1.3.0,0.00,0.00
2025-10-07 13:53:19,1165,kworker/R-comp_1.0.1,0.00,0.00
2025-10-07 13:53:19,1166,kworker/R-comp_1.1.1,0.00,0.00
2025-10-07 13:53:19,1167,kworker/R-comp_1.2.1,0.00,0.00
2025-10-07 13:53:19,1168,kworker/R-comp_1.3.1,0.00,0.00
2025-10-07 13:53:19,1169,kworker/R-sdma0,0.00,0.00
2025-10-07 13:53:19,1170,kworker/R-vcn_dec,0.00,0.00
2025-10-07 13:53:19,1171,kworker/R-vcn_enc0,0.00,0.00
2025-10-07 13:53:19,1172,kworker/R-vcn_enc1,0.00,0.00
2025-10-07 13:53:19,1173,kworker/R-jpeg_dec,0.00,0.00
2025-10-07 13:53:19,1345,cupsd,0.00,11.75
2025-10-07 13:53:19,1353,unattended-upgr,0.00,22.52
2025-10-07 13:53:19,1368,dbus,0.00,6.74
2025-10-07 13:53:19,1376,gdm3,0.00,9.23
2025-10-07 13:53:19,1385,mysqld,1.30,389.47
2025-10-07 13:53:19,1392,psimon,0.00,0.00
2025-10-07 13:53:19,1399,kworker/14:3-events,0.00,0.00
2025-10-07 13:53:19,1494,rtkit-daemon,0.00,3.44
2025-10-07 13:53:19,1558,kworker/7:2-events,0.00,0.00
2025-10-07 13:53:19,1589,krfcommd,0.00,0.00
2025-10-07 13:53:19,1687,colord,0.00,14.56
2025-10-07 13:53:19,1799,upowerd,0.00,9.72
2025-10-07 13:53:19,2127,cups-browsed,0.00,19.58
2025-10-07 13:53:19,2129,kerneloops,0.00,2.31
2025-10-07 13:53:19,2132,kerneloops,0.00,2.29
2025-10-07 13:53:19,2152,gdm-session-worker,0.00,10.95
2025-10-07 13:53:19,2169,systemd,0.00,12.61
2025-10-07 13:53:19,2172,(sd-pam),0.00,3.57
2025-10-07 13:53:19,2184,pipewire,0.00,15.76
2025-10-07 13:53:19,2185,pipewire,0.00,5.67
2025-10-07 13:53:19,2188,wireplumber,0.00,18.71
2025-10-07 13:53:19,2190,pipewire-pulse,0.00,18.13
2025-10-07 13:53:19,2192,gnome-keyring-daemon,0.00,10.11
2025-10-07 13:53:19,2202,dbus-daemon,0.00,6.56
2025-10-07 13:53:19,2256,xdg-document-portal,0.00,7.48
2025-10-07 13:53:19,2260,xdg-permission-store,0.00,6.12
2025-10-07 13:53:19,2267,fusermount3,0.00,2.01
2025-10-07 13:53:19,2289,gdm-wayland-session,0.00,6.18
2025-10-07 13:53:19,2299,gnome-session-binary,0.00,16.20
2025-10-07 13:53:19,2376,gcr-ssh-agent,0.00,6.93
2025-10-07 13:53:19,2377,gnome-session-ctl,0.00,5.66
2025-10-07 13:53:19,2392,gvfsd,0.00,8.07
2025-10-07 13:53:19,2400,gvfsd-fuse,0.00,6.92
2025-10-07 13:53:19,2403,gnome-session-binary,0.00,18.07
2025-10-07 13:53:19,2438,gnome-shell,2.60,334.28
2025-10-07 13:53:19,2440,at-spi-bus-launcher,0.00,7.79
2025-10-07 13:53:19,2451,dbus-daemon,0.00,5.12
2025-10-07 13:53:19,2530,at-spi2-registryd,0.00,7.67
2025-10-07 13:53:19,2555,gnome-shell-calendar-server,0.00,17.62
2025-10-07 13:53:19,2563,evolution-source-registry,0.00,87.43
2025-10-07 13:53:19,2564,dconf-service,0.00,6.10
2025-10-07 13:53:19,2577,gjs,0.00,26.86
2025-10-07 13:53:19,2579,ibus-daemon,1.00,12.14
2025-10-07 13:53:19,2581,gsd-a11y-settings,0.00,6.63
2025-10-07 13:53:19,2585,gsd-color,0.00,19.95
2025-10-07 13:53:19,2586,gsd-datetime,0.00,12.00
2025-10-07 13:53:19,2599,gsd-housekeeping,0.00,7.98
2025-10-07 13:53:19,2601,gsd-keyboard,0.00,19.13
2025-10-07 13:53:19,2602,gsd-media-keys,0.00,24.63
2025-10-07 13:53:19,2607,gsd-power,0.00,25.85
2025-10-07 13:53:19,2611,gsd-print-notifications,0.00,11.48
2025-10-07 13:53:19,2616,gsd-rfkill,0.00,6.77
2025-10-07 13:53:19,2626,gsd-screensaver-proxy,0.00,6.18
2025-10-07 13:53:19,2629,gsd-sharing,0.00,11.77
2025-10-07 13:53:19,2631,gsd-smartcard,0.00,8.14
2025-10-07 13:53:19,2637,gsd-sound,0.00,9.76
2025-10-07 13:53:19,2646,gsd-wacom,0.00,20.26
2025-10-07 13:53:19,2680,gsd-disk-utility-notify,0.00,7.33
2025-10-07 13:53:19,2716,gvfs-udisks2-volume-monitor,0.00,10.33
2025-10-07 13:53:19,2719,evolution-alarm-notify,0.00,107.36
2025-10-07 13:53:19,2724,ibus-memconf,0.00,7.09
2025-10-07 13:53:19,2726,ibus-extension-gtk3,0.00,28.90
2025-10-07 13:53:19,2738,ibus-portal,0.00,7.17
2025-10-07 13:53:19,2815,goa-daemon,0.00,23.61
2025-10-07 13:53:19,2819,gvfs-goa-volume-monitor,0.00,6.50
2025-10-07 13:53:19,2837,goa-identity-service,0.00,9.13
2025-10-07 13:53:19,2843,evolution-calendar-factory,0.00,24.12
2025-10-07 13:53:19,2844,gsd-printer,0.00,14.89
2025-10-07 13:53:19,2857,gvfs-mtp-volume-monitor,0.00,6.70
2025-10-07 13:53:19,2870,gvfs-gphoto2-volume-monitor,0.00,7.00
2025-10-07 13:53:19,2877,gvfs-afc-volume-monitor,0.00,7.73
2025-10-07 13:53:19,2887,evolution-addressbook-factory,0.00,29.40
2025-10-07 13:53:19,2914,ibus-engine-simple,0.50,7.47
2025-10-07 13:53:19,2941,gvfsd-trash,0.00,9.15
2025-10-07 13:53:19,2966,tracker-miner-fs-3,0.00,28.61
2025-10-07 13:53:19,2969,xdg-desktop-portal,0.00,14.50
2025-10-07 13:53:19,2978,xdg-desktop-portal-gnome,0.00,86.33
2025-10-07 13:53:19,3001,gjs,0.00,26.85
2025-10-07 13:53:19,3027,xdg-desktop-portal-gtk,0.00,25.89
2025-10-07 13:53:19,3100,gvfsd-metadata,0.00,6.52
2025-10-07 13:53:19,3113,snapd-desktop-integration,0.00,11.69
2025-10-07 13:53:19,3179,snapd-desktop-integration,0.00,30.21
2025-10-07 13:53:19,3211,chrome,0.00,425.09
2025-10-07 13:53:19,3217,cat,0.00,1.85
2025-10-07 13:53:19,3218,cat,0.00,1.85
2025-10-07 13:53:19,3220,chrome_crashpad_handler,0.00,4.09
2025-10-07 13:53:19,3222,chrome_crashpad_handler,0.00,3.32
2025-10-07 13:53:19,3228,chrome,0.00,108.12
2025-10-07 13:53:19,3229,chrome,0.00,109.58
2025-10-07 13:53:19,3231,chrome,0.00,25.02
2025-10-07 13:53:19,3273,chrome,0.00,281.52
2025-10-07 13:53:19,3276,chrome,0.00,187.04
2025-10-07 13:53:19,3286,chrome,0.00,66.57
2025-10-07 13:53:19,3362,chrome,0.00,134.95
2025-10-07 13:53:19,3446,chrome,0.00,189.97
2025-10-07 13:53:19,3576,update-notifier,0.00,32.60
2025-10-07 13:53:19,3739,chrome,0.00,169.65
2025-10-07 13:53:19,3747,chrome,0.00,185.59
2025-10-07 13:53:19,3826,kworker/5:0-events,0.00,0.00
2025-10-07 13:53:19,3878,chrome,0.00,560.02
2025-10-07 13:53:19,3973,chrome,0.00,155.57
2025-10-07 13:53:19,3984,chrome,0.00,174.69
2025-10-07 13:53:19,4111,kworker/15:3-cgroup_destroy,0.00,0.00
2025-10-07 13:53:19,4161,chrome,0.00,268.18
2025-10-07 13:53:19,4229,kworker/3:0-events,0.00,0.00
2025-10-07 13:53:19,4283,kworker/4:2-events,0.10,0.00
2025-10-07 13:53:19,4328,kworker/6:1-events,0.00,0.00
2025-10-07 13:53:19,4358,chrome,0.00,152.70
2025-10-07 13:53:19,4428,chrome,0.00,294.04
2025-10-07 13:53:19,4515,chrome,0.00,322.98
2025-10-07 13:53:19,4557,chrome,0.00,85.26
2025-10-07 13:53:19,4567,kworker/12:1-events,0.00,0.00
2025-10-07 13:53:19,4573,kworker/9:2-events,0.00,0.00
2025-10-07 13:53:19,4586,kworker/u64:0-sdma0,0.10,0.00
2025-10-07 13:53:19,4645,kworker/3:2-events,0.00,0.00
2025-10-07 13:53:19,4774,kworker/8:3-mm_percpu_wq,0.00,0.00
2025-10-07 13:53:19,4943,kworker/15:2-mm_percpu_wq,0.00,0.00
2025-10-07 13:53:19,5028,kworker/0:0-events,0.00,0.00
2025-10-07 13:53:19,5074,kworker/u65:5-events_unbound,0.10,0.00
2025-10-07 13:53:19,5082,kworker/u65:15-kvfree_rcu_reclaim,0.00,0.00
2025-10-07 13:53:19,5085,kworker/u65:18-events_power_efficient,0.00,0.00
2025-10-07 13:53:19,5088,kworker/2:0-cgwb_release,0.00,0.00
2025-10-07 13:53:19,5110,kworker/u65:27-kvfree_rcu_reclaim,0.00,0.00
2025-10-07 13:53:19,5114,kworker/u67:2-hci0,0.00,0.00
2025-10-07 13:53:19,5208,kworker/1:3-events,0.00,0.00
2025-10-07 13:53:19,5321,kworker/u68:0-ttm,0.00,0.00
2025-10-07 13:53:19,5463,kworker/10:3-events,0.00,0.00
2025-10-07 13:53:19,5558,kworker/u66:0-flush-259:0,0.00,0.00
2025-10-07 13:53:19,5559,kworker/u69:0-ttm,0.00,0.00
2025-10-07 13:53:19,5650,kworker/u69:1-ttm,0.00,0.00
2025-10-07 13:53:19,5655,kworker/u66:2-flush-259:0,0.00,0.00
2025-10-07 13:53:19,5687,gjs,0.00,65.67
2025-10-07 13:53:19,5731,kworker/u66:3-iou_exit,0.00,0.00
2025-10-07 13:53:19,5738,kworker/4:3-cgroup_destroy,0.00,0.00
2025-10-07 13:53:19,5741,kworker/u69:2-ttm,0.00,0.00
2025-10-07 13:53:19,5742,kworker/u69:3-ttm,0.00,0.00
2025-10-07 13:53:19,5743,kworker/u69:4-ttm,0.00,0.00
2025-10-07 13:53:19,5744,kworker/u69:5-ttm,0.00,0.00
2025-10-07 13:53:19,5752,kworker/8:2,0.00,0.00
2025-10-07 13:53:19,5755,kworker/u64:2-gfx,0.00,0.00
2025-10-07 13:53:19,5758,kworker/u68:1-ttm,0.00,0.00
2025-10-07 13:53:19,5766,kworker/u68:3-rtw89_tx_wq,0.00,0.00
2025-10-07 13:53:19,5767,kworker/u68:4-ttm,0.00,0.00
2025-10-07 13:53:19,5768,kworker/u68:5-ttm,0.00,0.00
2025-10-07 13:53:19,5769,kworker/u68:6-ttm,0.00,0.00
2025-10-07 13:53:19,5770,kworker/u68:8-ttm,0.00,0.00
2025-10-07 13:53:19,5771,kworker/u68:10-ttm,0.00,0.00
2025-10-07 13:53:19,5773,kworker/u69:6-ttm,0.00,0.00
2025-10-07 13:53:19,5774,kworker/u69:7-ttm,0.00,0.00
2025-10-07 13:53:19,5775,kworker/u69:8-ttm,0.00,0.00
2025-10-07 13:53:19,5776,kworker/u69:9-ttm,0.00,0.00
2025-10-07 13:53:19,5808,Xwayland,1.10,124.49
2025-10-07 13:53:19,5827,gsd-xsettings,0.00,86.07
2025-10-07 13:53:19,5857,ibus-x11,0.00,23.84
2025-10-07 13:53:19,5863,mutter-x11-frames,0.20,90.64
2025-10-07 13:53:19,5943,kworker/u69:10-ttm,0.00,0.00
2025-10-07 13:53:19,5944,kworker/u69:11-ttm,0.00,0.00
2025-10-07 13:53:19,5945,kworker/u69:12-ttm,0.00,0.00
2025-10-07 13:53:19,5946,kworker/u69:13-ttm,0.00,0.00
2025-10-07 13:53:19,5986,kworker/u66:1-kvfree_rcu_reclaim,0.00,0.00
2025-10-07 13:53:19,5987,kworker/u66:4-kvfree_rcu_reclaim,0.00,0.00
2025-10-07 13:53:19,6214,gnome-terminal-server,0.00,51.39
2025-10-07 13:53:19,6221,bash,0.00,5.60
2025-10-07 13:53:19,6230,kworker/u66:5-events_unbound,0.10,0.00
2025-10-07 13:53:19,6231,kworker/u66:6-flush-259:0,0.00,0.00
2025-10-07 13:53:19,6232,kworker/u66:7,0.00,0.00
2025-10-07 13:53:19,6233,kworker/u65:0-events_power_efficient,0.00,0.00
2025-10-07 13:53:19,6235,kworker/u69:14-ttm,0.00,0.00
2025-10-07 13:53:19,6236,kworker/u69:15-ttm,0.00,0.00
2025-10-07 13:53:19,6237,kworker/u69:16,0.00,0.00
2025-10-07 13:53:19,6262,kworker/9:0-events,0.00,0.00
2025-10-07 13:53:19,6266,kworker/0:2,0.00,0.00
2025-10-07 13:53:19,6292,code,2.30,243.31
2025-10-07 13:53:19,6295,code,0.00,96.03
2025-10-07 13:53:19,6296,code,0.00,95.51
2025-10-07 13:53:19,6298,code,0.00,19.71
2025-10-07 13:53:19,6317,chrome_crashpad_handler,0.00,3.26
2025-10-07 13:53:19,6336,code,1.50,163.25
2025-10-07 13:53:19,6339,code,0.00,117.41
2025-10-07 13:53:19,6392,code,8.20,311.13
2025-10-07 13:53:19,6409,code,1.20,152.67
2025-10-07 13:53:19,6414,code,1.50,262.20
2025-10-07 13:53:19,6422,code,0.30,156.41
2025-10-07 13:53:19,6431,code,0.20,153.35
2025-10-07 13:53:19,6484,bash,0.00,5.25
2025-10-07 13:53:19,6505,bash,0.00,5.47
2025-10-07 13:53:19,6548,pet,0.00,3.39
2025-10-07 13:53:19,6679,bash,0.00,5.34
2025-10-07 13:53:19,6710,code,0.00,384.86
2025-10-07 13:53:19,6848,kworker/4:0,0.00,0.00
2025-10-07 13:53:19,6850,kworker/u64:1-phy0,0.30,0.00
2025-10-07 13:53:19,7066,python,0.40,71.52
2025-10-07 13:53:29,1,systemd,0.00,13.88
2025-10-07 13:53:29,2,kthreadd,0.00,0.00
2025-10-07 13:53:29,3,pool_workqueue_release,0.00,0.00
2025-10-07 13:53:29,4,kworker/R-rcu_gp,0.00,0.00
2025-10-07 13:53:29,5,kworker/R-sync_wq,0.00,0.00
2025-10-07 13:53:29,6,kworker/R-kvfree_rcu_reclaim,0.00,0.00
2025-10-07 13:53:29,7,kworker/R-slub_flushwq,0.00,0.00
2025-10-07 13:53:29,8,kworker/R-netns,0.00,0.00
2025-10-07 13:53:29,10,kworker/0:1-events,0.00,0.00
2025-10-07 13:53:29,11,kworker/0:0H-events_highpri,0.00,0.00
2025-10-07 13:53:29,13,kworker/R-mm_percpu_wq,0.00,0.00
2025-10-07 13:53:29,14,rcu_tasks_kthread,0.00,0.00
2025-10-07 13:53:29,15,rcu_tasks_rude_kthread,0.00,0.00
2025-10-07 13:53:29,16,rcu_tasks_trace_kthread,0.00,0.00
2025-10-07 13:53:29,17,ksoftirqd/0,0.00,0.00
2025-10-07 13:53:29,18,rcu_preempt,0.10,0.00
2025-10-07 13:53:29,19,rcu_exp_par_gp_kthread_worker/0,0.00,0.00
2025-10-07 13:53:29,20,rcu_exp_gp_kthread_worker,0.00,0.00
2025-10-07 13:53:29,21,migration/0,0.00,0.00
2025-10-07 13:53:29,22,idle_inject/0,0.00,0.00
2025-10-07 13:53:29,23,cpuhp/0,0.00,0.00
2025-10-07 13:53:29,24,cpuhp/2,0.00,0.00
2025-10-07 13:53:29,25,idle_inject/2,0.00,0.00
2025-10-07 13:53:29,26,migration/2,0.00,0.00
2025-10-07 13:53:29,27,ksoftirqd/2,0.00,0.00
2025-10-07 13:53:29,29,kworker/2:0H-events_highpri,0.00,0.00
2025-10-07 13:53:29,30,cpuhp/4,0.00,0.00
2025-10-07 13:53:29,31,idle_inject/4,0.00,0.00
2025-10-07 13:53:29,32,migration/4,0.00,0.00
2025-10-07 13:53:29,33,ksoftirqd/4,0.00,0.00
2025-10-07 13:53:29,35,kworker/4:0H-events_highpri,0.00,0.00
2025-10-07 13:53:29,36,cpuhp/6,0.00,0.00
2025-10-07 13:53:29,37,idle_inject/6,0.00,0.00
2025-10-07 13:53:29,38,migration/6,0.00,0.00
2025-10-07 13:53:29,39,ksoftirqd/6,0.00,0.00
2025-10-07 13:53:29,40,kworker/6:0-events,0.00,0.00
2025-10-07 13:53:29,41,kworker/6:0H-events_highpri,0.00,0.00
2025-10-07 13:53:29,42,cpuhp/8,0.00,0.00
2025-10-07 13:53:29,43,idle_inject/8,0.00,0.00
2025-10-07 13:53:29,44,migration/8,0.00,0.00
2025-10-07 13:53:29,45,ksoftirqd/8,0.00,0.00
2025-10-07 13:53:29,47,kworker/8:0H-events_highpri,0.00,0.00
2025-10-07 13:53:29,48,cpuhp/10,0.00,0.00
2025-10-07 13:53:29,49,idle_inject/10,0.00,0.00
2025-10-07 13:53:29,50,migration/10,0.00,0.00
2025-10-07 13:53:29,51,ksoftirqd/10,0.00,0.00
2025-10-07 13:53:29,53,kworker/10:0H-events_highpri,0.00,0.00
2025-10-07 13:53:29,54,cpuhp/12,0.00,0.00
2025-10-07 13:53:29,55,idle_inject/12,0.00,0.00
2025-10-07 13:53:29,56,migration/12,0.00,0.00
2025-10-07 13:53:29,57,ksoftirqd/12,0.00,0.00
2025-10-07 13:53:29,59,kworker/12:0H-events_highpri,0.00,0.00
2025-10-07 13:53:29,60,cpuhp/14,0.00,0.00
2025-10-07 13:53:29,61,idle_inject/14,0.00,0.00
2025-10-07 13:53:29,62,migration/14,0.00,0.00
2025-10-07 13:53:29,63,ksoftirqd/14,0.00,0.00
2025-10-07 13:53:29,64,kworker/14:0-mm_percpu_wq,0.00,0.00
2025-10-07 13:53:29,65,kworker/14:0H-events_highpri,0.00,0.00
2025-10-07 13:53:29,66,cpuhp/1,0.00,0.00
2025-10-07 13:53:29,67,idle_inject/1,0.00,0.00
2025-10-07 13:53:29,68,migration/1,0.00,0.00
2025-10-07 13:53:29,69,ksoftirqd/1,0.00,0.00
2025-10-07 13:53:29,71,kworker/1:0H-events_highpri,0.00,0.00
2025-10-07 13:53:29,72,cpuhp/3,0.00,0.00
2025-10-07 13:53:29,73,idle_inject/3,0.00,0.00
2025-10-07 13:53:29,74,migration/3,0.00,0.00
2025-10-07 13:53:29,75,ksoftirqd/3,0.00,0.00
2025-10-07 13:53:29,77,kworker/3:0H-events_highpri,0.00,0.00
2025-10-07 13:53:29,78,cpuhp/5,0.00,0.00
2025-10-07 13:53:29,79,idle_inject/5,0.00,0.00
2025-10-07 13:53:29,80,migration/5,0.00,0.00
2025-10-07 13:53:29,81,ksoftirqd/5,0.00,0.00
2025-10-07 13:53:29,83,kworker/5:0H-events_highpri,0.00,0.00
2025-10-07 13:53:29,84,cpuhp/7,0.00,0.00
2025-10-07 13:53:29,85,idle_inject/7,0.00,0.00
2025-10-07 13:53:29,86,migration/7,0.00,0.00
2025-10-07 13:53:29,87,ksoftirqd/7,0.00,0.00
2025-10-07 13:53:29,89,kworker/7:0H-events_highpri,0.00,0.00
2025-10-07 13:53:29,90,cpuhp/9,0.00,0.00
2025-10-07 13:53:29,91,idle_inject/9,0.00,0.00
2025-10-07 13:53:29,92,migration/9,0.00,0.00
2025-10-07 13:53:29,93,ksoftirqd/9,0.00,0.00
2025-10-07 13:53:29,95,kworker/9:0H-events_highpri,0.00,0.00
2025-10-07 13:53:29,96,cpuhp/11,0.00,0.00
2025-10-07 13:53:29,97,idle_inject/11,0.00,0.00
2025-10-07 13:53:29,98,migration/11,0.00,0.00
2025-10-07 13:53:29,99,ksoftirqd/11,0.00,0.00
2025-10-07 13:53:29,101,kworker/11:0H-events_highpri,0.00,0.00
2025-10-07 13:53:29,102,cpuhp/13,0.00,0.00
2025-10-07 13:53:29,103,idle_inject/13,0.00,0.00
2025-10-07 13:53:29,104,migration/13,0.00,0.00
2025-10-07 13:53:29,105,ksoftirqd/13,0.00,0.00
2025-10-07 13:53:29,107,kworker/13:0H-events_highpri,0.00,0.00
2025-10-07 13:53:29,108,cpuhp/15,0.00,0.00
2025-10-07 13:53:29,109,idle_inject/15,0.00,0.00
2025-10-07 13:53:29,110,migration/15,0.00,0.00
2025-10-07 13:53:29,111,ksoftirqd/15,0.00,0.00
2025-10-07 13:53:29,113,kworker/15:0H-events_highpri,0.00,0.00
2025-10-07 13:53:29,116,kdevtmpfs,0.00,0.00
2025-10-07 13:53:29,117,kworker/R-inet_frag_wq,0.00,0.00
2025-10-07 13:53:29,118,kauditd,0.00,0.00
2025-10-07 13:53:29,119,khungtaskd,0.00,0.00
2025-10-07 13:53:29,120,oom_reaper,0.00,0.00
2025-10-07 13:53:29,123,kworker/R-writeback,0.00,0.00
2025-10-07 13:53:29,124,kcompactd0,0.00,0.00
2025-10-07 13:53:29,125,ksmd,0.00,0.00
2025-10-07 13:53:29,126,khugepaged,0.00,0.00
2025-10-07 13:53:29,127,kworker/R-kintegrityd,0.00,0.00
2025-10-07 13:53:29,128,kworker/R-kblockd,0.00,0.00
2025-10-07 13:53:29,129,kworker/R-blkcg_punt_bio,0.00,0.00
2025-10-07 13:53:29,130,irq/9-acpi,0.00,0.00
2025-10-07 13:53:29,131,kworker/10:1-events,0.00,0.00
2025-10-07 13:53:29,133,kworker/1:1-events,0.00,0.00
2025-10-07 13:53:29,134,kworker/R-tpm_dev_wq,0.00,0.00
2025-10-07 13:53:29,135,kworker/R-ata_sff,0.00,0.00
2025-10-07 13:53:29,137,kworker/R-md,0.00,0.00
2025-10-07 13:53:29,138,kworker/R-md_bitmap,0.00,0.00
2025-10-07 13:53:29,139,kworker/R-edac-poller,0.00,0.00
2025-10-07 13:53:29,141,kworker/R-devfreq_wq,0.00,0.00
2025-10-07 13:53:29,142,watchdogd,0.00,0.00
2025-10-07 13:53:29,143,kworker/8:1H-kblockd,0.00,0.00
2025-10-07 13:53:29,145,irq/25-AMD-Vi0-Evt,0.00,0.00
2025-10-07 13:53:29,146,irq/26-AMD-Vi0-PPR,0.00,0.00
2025-10-07 13:53:29,147,irq/27-AMD-Vi0-GA,0.00,0.00
2025-10-07 13:53:29,148,kswapd0,0.00,0.00
2025-10-07 13:53:29,149,ecryptfs-kthread,0.00,0.00
2025-10-07 13:53:29,150,kworker/R-kthrotld,0.00,0.00
2025-10-07 13:53:29,151,kworker/u67:0-hci0,0.00,0.00
2025-10-07 13:53:29,152,kworker/R-acpi_thermal_pm,0.00,0.00
2025-10-07 13:53:29,154,kworker/2:1-events,0.10,0.00
2025-10-07 13:53:29,155,kworker/R-mld,0.00,0.00
2025-10-07 13:53:29,156,kworker/R-ipv6_addrconf,0.00,0.00
2025-10-07 13:53:29,157,kworker/2:1H-kblockd,0.00,0.00
2025-10-07 13:53:29,164,kworker/R-kstrp,0.00,0.00
2025-10-07 13:53:29,167,kworker/7:1-mm_percpu_wq,0.00,0.00
2025-10-07 13:53:29,168,kworker/9:1-events,0.00,0.00
2025-10-07 13:53:29,169,kworker/13:1-mm_percpu_wq,0.00,0.00
2025-10-07 13:53:29,170,kworker/5:1-events,0.00,0.00
2025-10-07 13:53:29,171,kworker/11:1-events,0.00,0.00
2025-10-07 13:53:29,189,kworker/R-charger_manager,0.00,0.00
2025-10-07 13:53:29,190,kworker/0:1H-kblockd,0.00,0.00
2025-10-07 13:53:29,217,kworker/4:1H-kblockd,0.00,0.00
2025-10-07 13:53:29,221,kworker/12:1H-kblockd,0.00,0.00
2025-10-07 13:53:29,239,kworker/6:1H-kblockd,0.00,0.00
2025-10-07 13:53:29,257,kworker/1:1H-kblockd,0.00,0.00
2025-10-07 13:53:29,258,kworker/10:1H-kblockd,0.00,0.00
2025-10-07 13:53:29,259,kworker/13:1H-kblockd,0.00,0.00
2025-10-07 13:53:29,260,kworker/3:1H-kblockd,0.00,0.00
2025-10-07 13:53:29,261,kworker/9:1H-kblockd,0.00,0.00
2025-10-07 13:53:29,262,kworker/15:1H-kblockd,0.00,0.00
2025-10-07 13:53:29,263,kworker/5:1H-kblockd,0.00,0.00
2025-10-07 13:53:29,264,kworker/14:1H-kblockd,0.00,0.00
2025-10-07 13:53:29,265,kworker/7:1H-kblockd,0.00,0.00
2025-10-07 13:53:29,268,kworker/11:1H-kblockd,0.00,0.00
2025-10-07 13:53:29,308,irq/50-PNP0C50:0b,0.00,0.00
2025-10-07 13:53:29,314,kworker/R-nvme-wq,0.00,0.00
2025-10-07 13:53:29,315,kworker/R-nvme-reset-wq,0.00,0.00
2025-10-07 13:53:29,316,kworker/R-nvme-delete-wq,0.00,0.00
2025-10-07 13:53:29,317,kworker/R-nvme-auth-wq,0.00,0.00
2025-10-07 13:53:29,319,kworker/13:2-events,0.00,0.00
2025-10-07 13:53:29,373,jbd2/nvme0n1p2-8,0.00,0.00
2025-10-07 13:53:29,374,kworker/R-ext4-rsv-conversion,0.00,0.00
2025-10-07 13:53:29,425,systemd-journald,0.00,18.52
2025-10-07 13:53:29,461,systemd-udevd,0.00,8.51
2025-10-07 13:53:29,512,psimon,0.00,0.00
2025-10-07 13:53:29,588,kworker/12:2-events_freezable,0.00,0.00
2025-10-07 13:53:29,647,kworker/R-cfg80211,0.00,0.00
2025-10-07 13:53:29,648,kworker/R-cryptd,0.00,0.00
2025-10-07 13:53:29,697,irq/69-rtw89_pci,0.40,0.00
2025-10-07 13:53:29,710,kworker/R-amdgpu-reset-dev,0.00,0.00
2025-10-07 13:53:29,807,kworker/R-ttm,0.00,0.00
2025-10-07 13:53:29,847,systemd-oomd,0.10,7.46
2025-10-07 13:53:29,848,systemd-resolved,0.00,13.04
2025-10-07 13:53:29,849,systemd-timesyncd,0.00,7.68
2025-10-07 13:53:29,894,avahi-daemon,0.10,5.22
2025-10-07 13:53:29,895,bluetoothd,0.00,6.47
2025-10-07 13:53:29,896,dbus-daemon,0.00,7.33
2025-10-07 13:53:29,899,gnome-remote-desktop-daemon,0.00,16.39
2025-10-07 13:53:29,902,polkitd,0.00,12.21
2025-10-07 13:53:29,905,power-profiles-daemon,0.00,7.56
2025-10-07 13:53:29,914,snapd,0.00,39.73
2025-10-07 13:53:29,917,accounts-daemon,0.00,7.99
2025-10-07 13:53:29,920,cron,0.00,2.79
2025-10-07 13:53:29,923,switcheroo-control,0.00,6.84
2025-10-07 13:53:29,926,systemd-logind,0.00,9.04
2025-10-07 13:53:29,928,udisksd,0.00,13.92
2025-10-07 13:53:29,949,avahi-daemon,0.00,1.51
2025-10-07 13:53:29,951,NetworkManager,0.10,19.79
2025-10-07 13:53:29,959,wpa_supplicant,0.00,12.00
2025-10-07 13:53:29,977,kworker/11:2-events,0.00,0.00
2025-10-07 13:53:29,1009,rsyslogd,0.00,5.94
2025-10-07 13:53:29,1066,ModemManager,0.00,12.69
2025-10-07 13:53:29,1150,kworker/R-amdgpu_dm_hpd_rx_offload_wq,0.00,0.00
2025-10-07 13:53:29,1151,kworker/R-amdgpu_dm_hpd_rx_offload_wq,0.00,0.00
2025-10-07 13:53:29,1152,kworker/R-amdgpu_dm_hpd_rx_offload_wq,0.00,0.00
2025-10-07 13:53:29,1153,kworker/R-dm_vblank_control_workqueue,0.00,0.00
2025-10-07 13:53:29,1156,card1-crtc0,0.00,0.00
2025-10-07 13:53:29,1157,card1-crtc1,0.00,0.00
2025-10-07 13:53:29,1158,card1-crtc2,0.00,0.00
2025-10-07 13:53:29,1159,card1-crtc3,0.00,0.00
2025-10-07 13:53:29,1160,kworker/R-gfx,0.00,0.00
2025-10-07 13:53:29,1161,kworker/R-comp_1.0.0,0.00,0.00
2025-10-07 13:53:29,1162,kworker/R-comp_1.1.0,0.00,0.00
2025-10-07 13:53:29,1163,kworker/R-comp_1.2.0,0.00,0.00
2025-10-07 13:53:29,1164,kworker/R-comp_1.3.0,0.00,0.00
2025-10-07 13:53:29,1165,kworker/R-comp_1.0.1,0.00,0.00
2025-10-07 13:53:29,1166,kworker/R-comp_1.1.1,0.00,0.00
2025-10-07 13:53:29,1167,kworker/R-comp_1.2.1,0.00,0.00
2025-10-07 13:53:29,1168,kworker/R-comp_1.3.1,0.00,0.00
2025-10-07 13:53:29,1169,kworker/R-sdma0,0.00,0.00
2025-10-07 13:53:29,1170,kworker/R-vcn_dec,0.00,0.00
2025-10-07 13:53:29,1171,kworker/R-vcn_enc0,0.00,0.00
2025-10-07 13:53:29,1172,kworker/R-vcn_enc1,0.00,0.00
2025-10-07 13:53:29,1173,kworker/R-jpeg_dec,0.00,0.00
2025-10-07 13:53:29,1345,cupsd,0.00,11.75
2025-10-07 13:53:29,1353,unattended-upgr,0.00,22.52
2025-10-07 13:53:29,1368,dbus,0.00,6.74
2025-10-07 13:53:29,1376,gdm3,0.00,9.23
2025-10-07 13:53:29,1385,mysqld,1.20,389.47
2025-10-07 13:53:29,1392,psimon,0.00,0.00
2025-10-07 13:53:29,1399,kworker/14:3-events,0.00,0.00
2025-10-07 13:53:29,1494,rtkit-daemon,0.00,3.44
2025-10-07 13:53:29,1558,kworker/7:2-mm_percpu_wq,0.00,0.00
2025-10-07 13:53:29,1589,krfcommd,0.00,0.00
2025-10-07 13:53:29,1687,colord,0.00,14.56
2025-10-07 13:53:29,1799,upowerd,0.00,9.72
2025-10-07 13:53:29,2127,cups-browsed,0.00,19.58
2025-10-07 13:53:29,2129,kerneloops,0.00,2.31
2025-10-07 13:53:29,2132,kerneloops,0.00,2.29
2025-10-07 13:53:29,2152,gdm-session-worker,0.00,10.95
2025-10-07 13:53:29,2169,systemd,0.00,12.61
2025-10-07 13:53:29,2172,(sd-pam),0.00,3.57
2025-10-07 13:53:29,2184,pipewire,0.00,15.76
2025-10-07 13:53:29,2185,pipewire,0.00,5.67
2025-10-07 13:53:29,2188,wireplumber,0.00,18.71
2025-10-07 13:53:29,2190,pipewire-pulse,0.00,18.13
2025-10-07 13:53:29,2192,gnome-keyring-daemon,0.00,10.11
2025-10-07 13:53:29,2202,dbus-daemon,0.00,6.56
2025-10-07 13:53:29,2256,xdg-document-portal,0.00,7.48
2025-10-07 13:53:29,2260,xdg-permission-store,0.00,6.12
2025-10-07 13:53:29,2267,fusermount3,0.00,2.01
2025-10-07 13:53:29,2289,gdm-wayland-session,0.00,6.18
2025-10-07 13:53:29,2299,gnome-session-binary,0.00,16.20
2025-10-07 13:53:29,2376,gcr-ssh-agent,0.00,6.93
2025-10-07 13:53:29,2377,gnome-session-ctl,0.00,5.66
2025-10-07 13:53:29,2392,gvfsd,0.00,8.07
2025-10-07 13:53:29,2400,gvfsd-fuse,0.00,6.92
2025-10-07 13:53:29,2403,gnome-session-binary,0.00,18.07
2025-10-07 13:53:29,2438,gnome-shell,1.40,334.28
2025-10-07 13:53:29,2440,at-spi-bus-launcher,0.00,7.79
2025-10-07 13:53:29,2451,dbus-daemon,0.00,5.12
2025-10-07 13:53:29,2530,at-spi2-registryd,0.00,7.67
2025-10-07 13:53:29,2555,gnome-shell-calendar-server,0.00,17.62
2025-10-07 13:53:29,2563,evolution-source-registry,0.00,87.43
2025-10-07 13:53:29,2564,dconf-service,0.00,6.10
2025-10-07 13:53:29,2577,gjs,0.00,26.86
2025-10-07 13:53:29,2579,ibus-daemon,0.10,12.14
2025-10-07 13:53:29,2581,gsd-a11y-settings,0.00,6.63
2025-10-07 13:53:29,2585,gsd-color,0.00,19.95
2025-10-07 13:53:29,2586,gsd-datetime,0.00,12.00
2025-10-07 13:53:29,2599,gsd-housekeeping,0.10,7.98
2025-10-07 13:53:29,2601,gsd-keyboard,0.00,19.13
2025-10-07 13:53:29,2602,gsd-media-keys,0.00,24.63
2025-10-07 13:53:29,2607,gsd-power,0.00,25.85
2025-10-07 13:53:29,2611,gsd-print-notifications,0.00,11.48
2025-10-07 13:53:29,2616,gsd-rfkill,0.00,6.77
2025-10-07 13:53:29,2626,gsd-screensaver-proxy,0.00,6.18
2025-10-07 13:53:29,2629,gsd-sharing,0.00,11.77
2025-10-07 13:53:29,2631,gsd-smartcard,0.00,8.14
2025-10-07 13:53:29,2637,gsd-sound,0.00,9.76
2025-10-07 13:53:29,2646,gsd-wacom,0.00,20.26
2025-10-07 13:53:29,2680,gsd-disk-utility-notify,0.00,7.33
2025-10-07 13:53:29,2716,gvfs-udisks2-volume-monitor,0.00,10.33
2025-10-07 13:53:29,2719,evolution-alarm-notify,0.00,107.36
2025-10-07 13:53:29,2724,ibus-memconf,0.00,7.09
2025-10-07 13:53:29,2726,ibus-extension-gtk3,0.00,28.90
2025-10-07 13:53:29,2738,ibus-portal,0.00,7.17
2025-10-07 13:53:29,2815,goa-daemon,0.00,23.61
2025-10-07 13:53:29,2819,gvfs-goa-volume-monitor,0.00,6.50
2025-10-07 13:53:29,2837,goa-identity-service,0.00,9.13
2025-10-07 13:53:29,2843,evolution-calendar-factory,0.00,24.12
2025-10-07 13:53:29,2844,gsd-printer,0.00,14.89
2025-10-07 13:53:29,2857,gvfs-mtp-volume-monitor,0.00,6.70
2025-10-07 13:53:29,2870,gvfs-gphoto2-volume-monitor,0.00,7.00
2025-10-07 13:53:29,2877,gvfs-afc-volume-monitor,0.00,7.73
2025-10-07 13:53:29,2887,evolution-addressbook-factory,0.00,29.40
2025-10-07 13:53:29,2914,ibus-engine-simple,0.00,7.47
2025-10-07 13:53:29,2941,gvfsd-trash,0.00,9.15
2025-10-07 13:53:29,2966,tracker-miner-fs-3,0.00,28.61
2025-10-07 13:53:29,2969,xdg-desktop-portal,0.00,14.50
2025-10-07 13:53:29,2978,xdg-desktop-portal-gnome,0.00,86.33
2025-10-07 13:53:29,3001,gjs,0.00,26.85
2025-10-07 13:53:29,3027,xdg-desktop-portal-gtk,0.00,25.89
2025-10-07 13:53:29,3100,gvfsd-metadata,0.00,6.52
2025-10-07 13:53:29,3113,snapd-desktop-integration,0.00,11.69
2025-10-07 13:53:29,3179,snapd-desktop-integration,0.00,30.21
2025-10-07 13:53:29,3211,chrome,0.10,425.09
2025-10-07 13:53:29,3217,cat,0.00,1.85
2025-10-07 13:53:29,3218,cat,0.00,1.85
2025-10-07 13:53:29,3220,chrome_crashpad_handler,0.00,4.09
2025-10-07 13:53:29,3222,chrome_crashpad_handler,0.00,3.32
2025-10-07 13:53:29,3228,chrome,0.00,108.12
2025-10-07 13:53:29,3229,chrome,0.00,109.58
2025-10-07 13:53:29,3231,chrome,0.00,25.02
2025-10-07 13:53:29,3273,chrome,0.00,281.52
2025-10-07 13:53:29,3276,chrome,0.00,187.04
2025-10-07 13:53:29,3286,chrome,0.00,66.57
2025-10-07 13:53:29,3362,chrome,0.00,134.95
2025-10-07 13:53:29,3446,chrome,0.00,189.97
2025-10-07 13:53:29,3576,update-notifier,0.00,32.60
2025-10-07 13:53:29,3739,chrome,0.00,169.65
2025-10-07 13:53:29,3747,chrome,0.00,185.59
2025-10-07 13:53:29,3826,kworker/5:0-events,0.00,0.00
2025-10-07 13:53:29,3878,chrome,0.00,560.02
2025-10-07 13:53:29,3973,chrome,0.00,155.57
2025-10-07 13:53:29,3984,chrome,0.00,174.69
2025-10-07 13:53:29,4111,kworker/15:3-cgroup_destroy,0.00,0.00
2025-10-07 13:53:29,4161,chrome,0.00,268.18
2025-10-07 13:53:29,4229,kworker/3:0-events,0.00,0.00
2025-10-07 13:53:29,4283,kworker/4:2-events_freezable,0.00,0.00
2025-10-07 13:53:29,4328,kworker/6:1-events,0.00,0.00
2025-10-07 13:53:29,4358,chrome,0.00,152.70
2025-10-07 13:53:29,4428,chrome,0.00,294.04
2025-10-07 13:53:29,4515,chrome,0.00,322.98
2025-10-07 13:53:29,4557,chrome,0.00,85.26
2025-10-07 13:53:29,4567,kworker/12:1-events,0.00,0.00
2025-10-07 13:53:29,4573,kworker/9:2-events,0.00,0.00
2025-10-07 13:53:29,4586,kworker/u64:0-gfx,0.10,0.00
2025-10-07 13:53:29,4645,kworker/3:2-events,0.00,0.00
2025-10-07 13:53:29,4774,kworker/8:3-mm_percpu_wq,0.00,0.00
2025-10-07 13:53:29,4943,kworker/15:2-events,0.00,0.00
2025-10-07 13:53:29,5028,kworker/0:0-events,0.00,0.00
2025-10-07 13:53:29,5074,kworker/u65:5-kvfree_rcu_reclaim,0.00,0.00
2025-10-07 13:53:29,5082,kworker/u65:15-kvfree_rcu_reclaim,0.00,0.00
2025-10-07 13:53:29,5085,kworker/u65:18-flush-259:0,0.00,0.00
2025-10-07 13:53:29,5088,kworker/2:0-cgwb_release,0.00,0.00
2025-10-07 13:53:29,5110,kworker/u65:27-events_unbound,0.00,0.00
2025-10-07 13:53:29,5114,kworker/u67:2-hci0,0.00,0.00
2025-10-07 13:53:29,5208,kworker/1:3-events,0.00,0.00
2025-10-07 13:53:29,5321,kworker/u68:0-ttm,0.00,0.00
2025-10-07 13:53:29,5463,kworker/10:3-mm_percpu_wq,0.00,0.00
2025-10-07 13:53:29,5558,kworker/u66:0-flush-259:0,0.00,0.00
2025-10-07 13:53:29,5559,kworker/u69:0-ttm,0.00,0.00
2025-10-07 13:53:29,5650,kworker/u69:1-ttm,0.00,0.00
2025-10-07 13:53:29,5655,kworker/u66:2-flush-259:0,0.00,0.00
2025-10-07 13:53:29,5687,gjs,0.00,65.67
2025-10-07 13:53:29,5731,kworker/u66:3-iou_exit,0.00,0.00
2025-10-07 13:53:29,5738,kworker/4:3-cgroup_destroy,0.00,0.00
2025-10-07 13:53:29,5741,kworker/u69:2-ttm,0.00,0.00
2025-10-07 13:53:29,5742,kworker/u69:3-ttm,0.00,0.00
2025-10-07 13:53:29,5743,kworker/u69:4-ttm,0.00,0.00
2025-10-07 13:53:29,5744,kworker/u69:5-ttm,0.00,0.00
2025-10-07 13:53:29,5752,kworker/8:2,0.00,0.00
2025-10-07 13:53:29,5755,kworker/u64:2-gfx,0.00,0.00
2025-10-07 13:53:29,5758,kworker/u68:1-ttm,0.00,0.00
2025-10-07 13:53:29,5766,kworker/u68:3-rtw89_tx_wq,0.00,0.00
2025-10-07 13:53:29,5767,kworker/u68:4-ttm,0.00,0.00
2025-10-07 13:53:29,5768,kworker/u68:5-ttm,0.00,0.00
2025-10-07 13:53:29,5769,kworker/u68:6-ttm,0.00,0.00
2025-10-07 13:53:29,5770,kworker/u68:8-ttm,0.00,0.00
2025-10-07 13:53:29,5771,kworker/u68:10-ttm,0.00,0.00
2025-10-07 13:53:29,5773,kworker/u69:6-ttm,0.00,0.00
2025-10-07 13:53:29,5774,kworker/u69:7-ttm,0.00,0.00
2025-10-07 13:53:29,5775,kworker/u69:8-ttm,0.00,0.00
2025-10-07 13:53:29,5776,kworker/u69:9-ttm,0.00,0.00
2025-10-07 13:53:29,5808,Xwayland,0.40,124.49
2025-10-07 13:53:29,5827,gsd-xsettings,0.00,86.07
2025-10-07 13:53:29,5857,ibus-x11,0.00,23.84
2025-10-07 13:53:29,5863,mutter-x11-frames,0.00,90.64
2025-10-07 13:53:29,5943,kworker/u69:10-ttm,0.00,0.00
2025-10-07 13:53:29,5944,kworker/u69:11-ttm,0.00,0.00
2025-10-07 13:53:29,5945,kworker/u69:12-ttm,0.00,0.00
2025-10-07 13:53:29,5946,kworker/u69:13-ttm,0.00,0.00
2025-10-07 13:53:29,5986,kworker/u66:1-kvfree_rcu_reclaim,0.00,0.00
2025-10-07 13:53:29,5987,kworker/u66:4-kvfree_rcu_reclaim,0.00,0.00
2025-10-07 13:53:29,6214,gnome-terminal-server,0.00,51.39
2025-10-07 13:53:29,6221,bash,0.00,5.60
2025-10-07 13:53:29,6230,kworker/u66:5-events_unbound,0.10,0.00
2025-10-07 13:53:29,6231,kworker/u66:6-flush-259:0,0.00,0.00
2025-10-07 13:53:29,6232,kworker/u66:7,0.00,0.00
2025-10-07 13:53:29,6233,kworker/u65:0-events_power_efficient,0.00,0.00
2025-10-07 13:53:29,6235,kworker/u69:14-ttm,0.00,0.00
2025-10-07 13:53:29,6236,kworker/u69:15-ttm,0.00,0.00
2025-10-07 13:53:29,6237,kworker/u69:16,0.00,0.00
2025-10-07 13:53:29,6262,kworker/9:0-events,0.00,0.00
2025-10-07 13:53:29,6266,kworker/0:2,0.00,0.00
2025-10-07 13:53:29,6292,code,0.20,243.31
2025-10-07 13:53:29,6295,code,0.00,96.03
2025-10-07 13:53:29,6296,code,0.00,95.51
2025-10-07 13:53:29,6298,code,0.00,19.71
2025-10-07 13:53:29,6317,chrome_crashpad_handler,0.00,3.26
2025-10-07 13:53:29,6336,code,1.40,163.01
2025-10-07 13:53:29,6339,code,0.00,117.29
2025-10-07 13:53:29,6392,code,2.10,314.88
2025-10-07 13:53:29,6409,code,0.90,152.79
2025-10-07 13:53:29,6414,code,1.20,263.78
2025-10-07 13:53:29,6422,code,0.10,156.41
2025-10-07 13:53:29,6431,code,0.10,153.47
2025-10-07 13:53:29,6484,bash,0.00,5.25
2025-10-07 13:53:29,6505,bash,0.00,5.47
2025-10-07 13:53:29,6548,pet,0.00,3.39
2025-10-07 13:53:29,6679,bash,0.00,5.34
2025-10-07 13:53:29,6710,code,0.00,384.86
2025-10-07 13:53:29,6848,kworker/4:0,0.00,0.00
2025-10-07 13:53:29,6850,kworker/u64:1-phy0,0.30,0.00
2025-10-07 13:53:29,7066,python,0.30,71.52
2025-10-07 13:53:29,7253,sh,0.00,1.61
2025-10-07 13:53:29,7254,cpuUsage.sh,0.00,3.54
2025-10-07 13:53:29,7258,sleep,0.00,1.86
2025-10-07 13:53:39,1,systemd,0.00,13.88
2025-10-07 13:53:39,2,kthreadd,0.00,0.00
2025-10-07 13:53:39,3,pool_workqueue_release,0.00,0.00
2025-10-07 13:53:39,4,kworker/R-rcu_gp,0.00,0.00
2025-10-07 13:53:39,5,kworker/R-sync_wq,0.00,0.00
2025-10-07 13:53:39,6,kworker/R-kvfree_rcu_reclaim,0.00,0.00
2025-10-07 13:53:39,7,kworker/R-slub_flushwq,0.00,0.00
2025-10-07 13:53:39,8,kworker/R-netns,0.00,0.00
2025-10-07 13:53:39,10,kworker/0:1-mm_percpu_wq,0.00,0.00
2025-10-07 13:53:39,11,kworker/0:0H-events_highpri,0.00,0.00
2025-10-07 13:53:39,13,kworker/R-mm_percpu_wq,0.00,0.00
2025-10-07 13:53:39,14,rcu_tasks_kthread,0.00,0.00
2025-10-07 13:53:39,15,rcu_tasks_rude_kthread,0.00,0.00
2025-10-07 13:53:39,16,rcu_tasks_trace_kthread,0.00,0.00
2025-10-07 13:53:39,17,ksoftirqd/0,0.00,0.00
2025-10-07 13:53:39,18,rcu_preempt,0.10,0.00
2025-10-07 13:53:39,19,rcu_exp_par_gp_kthread_worker/0,0.00,0.00
2025-10-07 13:53:39,20,rcu_exp_gp_kthread_worker,0.00,0.00
2025-10-07 13:53:39,21,migration/0,0.00,0.00
2025-10-07 13:53:39,22,idle_inject/0,0.00,0.00
2025-10-07 13:53:39,23,cpuhp/0,0.00,0.00
2025-10-07 13:53:39,24,cpuhp/2,0.00,0.00
2025-10-07 13:53:39,25,idle_inject/2,0.00,0.00
2025-10-07 13:53:39,26,migration/2,0.00,0.00
2025-10-07 13:53:39,27,ksoftirqd/2,0.00,0.00
2025-10-07 13:53:39,29,kworker/2:0H-events_highpri,0.00,0.00
2025-10-07 13:53:39,30,cpuhp/4,0.00,0.00
2025-10-07 13:53:39,31,idle_inject/4,0.00,0.00
2025-10-07 13:53:39,32,migration/4,0.00,0.00
2025-10-07 13:53:39,33,ksoftirqd/4,0.00,0.00
2025-10-07 13:53:39,35,kworker/4:0H-events_highpri,0.00,0.00
2025-10-07 13:53:39,36,cpuhp/6,0.00,0.00
2025-10-07 13:53:39,37,idle_inject/6,0.00,0.00
2025-10-07 13:53:39,38,migration/6,0.00,0.00
2025-10-07 13:53:39,39,ksoftirqd/6,0.00,0.00
2025-10-07 13:53:39,40,kworker/6:0-events,0.10,0.00
2025-10-07 13:53:39,41,kworker/6:0H-events_highpri,0.00,0.00
2025-10-07 13:53:39,42,cpuhp/8,0.00,0.00
2025-10-07 13:53:39,43,idle_inject/8,0.00,0.00
2025-10-07 13:53:39,44,migration/8,0.00,0.00
2025-10-07 13:53:39,45,ksoftirqd/8,0.00,0.00
2025-10-07 13:53:39,47,kworker/8:0H-events_highpri,0.00,0.00
2025-10-07 13:53:39,48,cpuhp/10,0.00,0.00
2025-10-07 13:53:39,49,idle_inject/10,0.00,0.00
2025-10-07 13:53:39,50,migration/10,0.00,0.00
2025-10-07 13:53:39,51,ksoftirqd/10,0.00,0.00
2025-10-07 13:53:39,53,kworker/10:0H-events_highpri,0.00,0.00
2025-10-07 13:53:39,54,cpuhp/12,0.00,0.00
2025-10-07 13:53:39,55,idle_inject/12,0.00,0.00
2025-10-07 13:53:39,56,migration/12,0.00,0.00
2025-10-07 13:53:39,57,ksoftirqd/12,0.00,0.00
2025-10-07 13:53:39,59,kworker/12:0H-events_highpri,0.00,0.00
2025-10-07 13:53:39,60,cpuhp/14,0.00,0.00
2025-10-07 13:53:39,61,idle_inject/14,0.00,0.00
2025-10-07 13:53:39,62,migration/14,0.00,0.00
2025-10-07 13:53:39,63,ksoftirqd/14,0.00,0.00
2025-10-07 13:53:39,64,kworker/14:0-events,0.00,0.00
2025-10-07 13:53:39,65,kworker/14:0H-events_highpri,0.00,0.00
2025-10-07 13:53:39,66,cpuhp/1,0.00,0.00
2025-10-07 13:53:39,67,idle_inject/1,0.00,0.00
2025-10-07 13:53:39,68,migration/1,0.00,0.00
2025-10-07 13:53:39,69,ksoftirqd/1,0.00,0.00
2025-10-07 13:53:39,71,kworker/1:0H-events_highpri,0.00,0.00
2025-10-07 13:53:39,72,cpuhp/3,0.00,0.00
2025-10-07 13:53:39,73,idle_inject/3,0.00,0.00
2025-10-07 13:53:39,74,migration/3,0.00,0.00
2025-10-07 13:53:39,75,ksoftirqd/3,0.00,0.00
2025-10-07 13:53:39,77,kworker/3:0H-events_highpri,0.00,0.00
2025-10-07 13:53:39,78,cpuhp/5,0.00,0.00
2025-10-07 13:53:39,79,idle_inject/5,0.00,0.00
2025-10-07 13:53:39,80,migration/5,0.00,0.00
2025-10-07 13:53:39,81,ksoftirqd/5,0.00,0.00
2025-10-07 13:53:39,83,kworker/5:0H-events_highpri,0.00,0.00
2025-10-07 13:53:39,84,cpuhp/7,0.00,0.00
2025-10-07 13:53:39,85,idle_inject/7,0.00,0.00
2025-10-07 13:53:39,86,migration/7,0.00,0.00
2025-10-07 13:53:39,87,ksoftirqd/7,0.00,0.00
2025-10-07 13:53:39,89,kworker/7:0H-events_highpri,0.00,0.00
2025-10-07 13:53:39,90,cpuhp/9,0.00,0.00
2025-10-07 13:53:39,91,idle_inject/9,0.00,0.00
2025-10-07 13:53:39,92,migration/9,0.00,0.00
2025-10-07 13:53:39,93,ksoftirqd/9,0.00,0.00
2025-10-07 13:53:39,95,kworker/9:0H-events_highpri,0.00,0.00
2025-10-07 13:53:39,96,cpuhp/11,0.00,0.00
2025-10-07 13:53:39,97,idle_inject/11,0.00,0.00
2025-10-07 13:53:39,98,migration/11,0.00,0.00
2025-10-07 13:53:39,99,ksoftirqd/11,0.00,0.00
2025-10-07 13:53:39,101,kworker/11:0H-events_highpri,0.00,0.00
2025-10-07 13:53:39,102,cpuhp/13,0.00,0.00
2025-10-07 13:53:39,103,idle_inject/13,0.00,0.00
2025-10-07 13:53:39,104,migration/13,0.00,0.00
2025-10-07 13:53:39,105,ksoftirqd/13,0.00,0.00
2025-10-07 13:53:39,107,kworker/13:0H-events_highpri,0.00,0.00
2025-10-07 13:53:39,108,cpuhp/15,0.00,0.00
2025-10-07 13:53:39,109,idle_inject/15,0.00,0.00
2025-10-07 13:53:39,110,migration/15,0.00,0.00
2025-10-07 13:53:39,111,ksoftirqd/15,0.00,0.00
2025-10-07 13:53:39,113,kworker/15:0H-events_highpri,0.00,0.00
2025-10-07 13:53:39,116,kdevtmpfs,0.00,0.00
2025-10-07 13:53:39,117,kworker/R-inet_frag_wq,0.00,0.00
2025-10-07 13:53:39,118,kauditd,0.00,0.00
2025-10-07 13:53:39,119,khungtaskd,0.00,0.00
2025-10-07 13:53:39,120,oom_reaper,0.00,0.00
2025-10-07 13:53:39,123,kworker/R-writeback,0.00,0.00
2025-10-07 13:53:39,124,kcompactd0,0.00,0.00
2025-10-07 13:53:39,125,ksmd,0.00,0.00
2025-10-07 13:53:39,126,khugepaged,0.00,0.00
2025-10-07 13:53:39,127,kworker/R-kintegrityd,0.00,0.00
2025-10-07 13:53:39,128,kworker/R-kblockd,0.00,0.00
2025-10-07 13:53:39,129,kworker/R-blkcg_punt_bio,0.00,0.00
2025-10-07 13:53:39,130,irq/9-acpi,0.00,0.00
2025-10-07 13:53:39,131,kworker/10:1-events,0.00,0.00
2025-10-07 13:53:39,133,kworker/1:1-events,0.00,0.00
2025-10-07 13:53:39,134,kworker/R-tpm_dev_wq,0.00,0.00
2025-10-07 13:53:39,135,kworker/R-ata_sff,0.00,0.00
2025-10-07 13:53:39,137,kworker/R-md,0.00,0.00
2025-10-07 13:53:39,138,kworker/R-md_bitmap,0.00,0.00
2025-10-07 13:53:39,139,kworker/R-edac-poller,0.00,0.00
2025-10-07 13:53:39,141,kworker/R-devfreq_wq,0.00,0.00
2025-10-07 13:53:39,142,watchdogd,0.00,0.00
2025-10-07 13:53:39,143,kworker/8:1H-kblockd,0.00,0.00
2025-10-07 13:53:39,145,irq/25-AMD-Vi0-Evt,0.00,0.00
2025-10-07 13:53:39,146,irq/26-AMD-Vi0-PPR,0.00,0.00
2025-10-07 13:53:39,147,irq/27-AMD-Vi0-GA,0.00,0.00
2025-10-07 13:53:39,148,kswapd0,0.00,0.00
2025-10-07 13:53:39,149,ecryptfs-kthread,0.00,0.00
2025-10-07 13:53:39,150,kworker/R-kthrotld,0.00,0.00
2025-10-07 13:53:39,151,kworker/u67:0-hci0,0.00,0.00
2025-10-07 13:53:39,152,kworker/R-acpi_thermal_pm,0.00,0.00
2025-10-07 13:53:39,154,kworker/2:1-mm_percpu_wq,0.00,0.00
2025-10-07 13:53:39,155,kworker/R-mld,0.00,0.00
2025-10-07 13:53:39,156,kworker/R-ipv6_addrconf,0.00,0.00
2025-10-07 13:53:39,157,kworker/2:1H-kblockd,0.00,0.00
2025-10-07 13:53:39,164,kworker/R-kstrp,0.00,0.00
2025-10-07 13:53:39,167,kworker/7:1-mm_percpu_wq,0.00,0.00
2025-10-07 13:53:39,168,kworker/9:1-events,0.00,0.00
2025-10-07 13:53:39,169,kworker/13:1-events,0.00,0.00
2025-10-07 13:53:39,170,kworker/5:1-events,0.00,0.00
2025-10-07 13:53:39,171,kworker/11:1-events,0.00,0.00
2025-10-07 13:53:39,189,kworker/R-charger_manager,0.00,0.00
2025-10-07 13:53:39,190,kworker/0:1H-kblockd,0.00,0.00
2025-10-07 13:53:39,217,kworker/4:1H-kblockd,0.00,0.00
2025-10-07 13:53:39,221,kworker/12:1H-kblockd,0.00,0.00
2025-10-07 13:53:39,239,kworker/6:1H-kblockd,0.00,0.00
2025-10-07 13:53:39,257,kworker/1:1H-kblockd,0.00,0.00
2025-10-07 13:53:39,258,kworker/10:1H-kblockd,0.00,0.00
2025-10-07 13:53:39,259,kworker/13:1H-kblockd,0.00,0.00
2025-10-07 13:53:39,260,kworker/3:1H-kblockd,0.00,0.00
2025-10-07 13:53:39,261,kworker/9:1H-kblockd,0.00,0.00
2025-10-07 13:53:39,262,kworker/15:1H-kblockd,0.00,0.00
2025-10-07 13:53:39,263,kworker/5:1H-kblockd,0.00,0.00
2025-10-07 13:53:39,264,kworker/14:1H-kblockd,0.00,0.00
2025-10-07 13:53:39,265,kworker/7:1H-kblockd,0.00,0.00
2025-10-07 13:53:39,268,kworker/11:1H-kblockd,0.00,0.00
2025-10-07 13:53:39,308,irq/50-PNP0C50:0b,0.00,0.00
2025-10-07 13:53:39,314,kworker/R-nvme-wq,0.00,0.00
2025-10-07 13:53:39,315,kworker/R-nvme-reset-wq,0.00,0.00
2025-10-07 13:53:39,316,kworker/R-nvme-delete-wq,0.00,0.00
2025-10-07 13:53:39,317,kworker/R-nvme-auth-wq,0.00,0.00
2025-10-07 13:53:39,319,kworker/13:2-events,0.00,0.00
2025-10-07 13:53:39,373,jbd2/nvme0n1p2-8,0.00,0.00
2025-10-07 13:53:39,374,kworker/R-ext4-rsv-conversion,0.00,0.00
2025-10-07 13:53:39,425,systemd-journald,0.00,18.52
2025-10-07 13:53:39,461,systemd-udevd,0.00,8.51
2025-10-07 13:53:39,512,psimon,0.00,0.00
2025-10-07 13:53:39,588,kworker/12:2-events_freezable,0.00,0.00
2025-10-07 13:53:39,647,kworker/R-cfg80211,0.00,0.00
2025-10-07 13:53:39,648,kworker/R-cryptd,0.00,0.00
2025-10-07 13:53:39,697,irq/69-rtw89_pci,0.90,0.00
2025-10-07 13:53:39,710,kworker/R-amdgpu-reset-dev,0.00,0.00
2025-10-07 13:53:39,807,kworker/R-ttm,0.00,0.00
2025-10-07 13:53:39,847,systemd-oomd,0.00,7.46
2025-10-07 13:53:39,848,systemd-resolved,0.00,13.04
2025-10-07 13:53:39,849,systemd-timesyncd,0.00,7.68
2025-10-07 13:53:39,894,avahi-daemon,0.20,5.22
2025-10-07 13:53:39,895,bluetoothd,0.00,6.47
2025-10-07 13:53:39,896,dbus-daemon,0.00,7.33
2025-10-07 13:53:39,899,gnome-remote-desktop-daemon,0.00,16.39
2025-10-07 13:53:39,902,polkitd,0.00,12.21
2025-10-07 13:53:39,905,power-profiles-daemon,0.00,7.56
2025-10-07 13:53:39,914,snapd,0.00,39.73
2025-10-07 13:53:39,917,accounts-daemon,0.00,7.99
2025-10-07 13:53:39,920,cron,0.00,2.79
2025-10-07 13:53:39,923,switcheroo-control,0.00,6.84
2025-10-07 13:53:39,926,systemd-logind,0.00,9.04
2025-10-07 13:53:39,928,udisksd,0.00,13.92
2025-10-07 13:53:39,949,avahi-daemon,0.00,1.51
2025-10-07 13:53:39,951,NetworkManager,0.10,19.79
2025-10-07 13:53:39,959,wpa_supplicant,0.00,12.00
2025-10-07 13:53:39,977,kworker/11:2-events,0.00,0.00
2025-10-07 13:53:39,1009,rsyslogd,0.00,5.94
2025-10-07 13:53:39,1066,ModemManager,0.00,12.69
2025-10-07 13:53:39,1150,kworker/R-amdgpu_dm_hpd_rx_offload_wq,0.00,0.00
2025-10-07 13:53:39,1151,kworker/R-amdgpu_dm_hpd_rx_offload_wq,0.00,0.00
2025-10-07 13:53:39,1152,kworker/R-amdgpu_dm_hpd_rx_offload_wq,0.00,0.00
2025-10-07 13:53:39,1153,kworker/R-dm_vblank_control_workqueue,0.00,0.00
2025-10-07 13:53:39,1156,card1-crtc0,0.00,0.00
2025-10-07 13:53:39,1157,card1-crtc1,0.00,0.00
2025-10-07 13:53:39,1158,card1-crtc2,0.00,0.00
2025-10-07 13:53:39,1159,card1-crtc3,0.00,0.00
2025-10-07 13:53:39,1160,kworker/R-gfx,0.00,0.00
2025-10-07 13:53:39,1161,kworker/R-comp_1.0.0,0.00,0.00
2025-10-07 13:53:39,1162,kworker/R-comp_1.1.0,0.00,0.00
2025-10-07 13:53:39,1163,kworker/R-comp_1.2.0,0.00,0.00
2025-10-07 13:53:39,1164,kworker/R-comp_1.3.0,0.00,0.00
2025-10-07 13:53:39,1165,kworker/R-comp_1.0.1,0.00,0.00
2025-10-07 13:53:39,1166,kworker/R-comp_1.1.1,0.00,0.00
2025-10-07 13:53:39,1167,kworker/R-comp_1.2.1,0.00,0.00
2025-10-07 13:53:39,1168,kworker/R-comp_1.3.1,0.00,0.00
2025-10-07 13:53:39,1169,kworker/R-sdma0,0.00,0.00
2025-10-07 13:53:39,1170,kworker/R-vcn_dec,0.00,0.00
2025-10-07 13:53:39,1171,kworker/R-vcn_enc0,0.00,0.00
2025-10-07 13:53:39,1172,kworker/R-vcn_enc1,0.00,0.00
2025-10-07 13:53:39,1173,kworker/R-jpeg_dec,0.00,0.00
2025-10-07 13:53:39,1345,cupsd,0.00,11.75
2025-10-07 13:53:39,1353,unattended-upgr,0.00,22.52
2025-10-07 13:53:39,1368,dbus,0.00,6.74
2025-10-07 13:53:39,1376,gdm3,0.00,9.23
2025-10-07 13:53:39,1385,mysqld,1.30,389.47
2025-10-07 13:53:39,1392,psimon,0.00,0.00
2025-10-07 13:53:39,1399,kworker/14:3-events,0.00,0.00
2025-10-07 13:53:39,1494,rtkit-daemon,0.00,3.44
2025-10-07 13:53:39,1558,kworker/7:2-mm_percpu_wq,0.00,0.00
2025-10-07 13:53:39,1589,krfcommd,0.00,0.00
2025-10-07 13:53:39,1687,colord,0.00,14.56
2025-10-07 13:53:39,1799,upowerd,0.10,9.72
2025-10-07 13:53:39,2127,cups-browsed,0.00,19.58
2025-10-07 13:53:39,2129,kerneloops,0.00,2.31
2025-10-07 13:53:39,2132,kerneloops,0.00,2.29
2025-10-07 13:53:39,2152,gdm-session-worker,0.00,10.95
2025-10-07 13:53:39,2169,systemd,0.00,12.61
2025-10-07 13:53:39,2172,(sd-pam),0.00,3.57
2025-10-07 13:53:39,2184,pipewire,0.00,15.76
2025-10-07 13:53:39,2185,pipewire,0.00,5.67
2025-10-07 13:53:39,2188,wireplumber,0.00,18.71
2025-10-07 13:53:39,2190,pipewire-pulse,0.00,18.13
2025-10-07 13:53:39,2192,gnome-keyring-daemon,0.00,10.11
2025-10-07 13:53:39,2202,dbus-daemon,0.00,6.56
2025-10-07 13:53:39,2256,xdg-document-portal,0.00,7.48
2025-10-07 13:53:39,2260,xdg-permission-store,0.00,6.12
2025-10-07 13:53:39,2267,fusermount3,0.00,2.01
2025-10-07 13:53:39,2289,gdm-wayland-session,0.00,6.18
2025-10-07 13:53:39,2299,gnome-session-binary,0.00,16.20
2025-10-07 13:53:39,2376,gcr-ssh-agent,0.00,6.93
2025-10-07 13:53:39,2377,gnome-session-ctl,0.00,5.66
2025-10-07 13:53:39,2392,gvfsd,0.00,8.07
2025-10-07 13:53:39,2400,gvfsd-fuse,0.00,6.92
2025-10-07 13:53:39,2403,gnome-session-binary,0.00,18.07
2025-10-07 13:53:39,2438,gnome-shell,1.30,334.28
2025-10-07 13:53:39,2440,at-spi-bus-launcher,0.00,7.79
2025-10-07 13:53:39,2451,dbus-daemon,0.00,5.12
2025-10-07 13:53:39,2530,at-spi2-registryd,0.00,7.67
2025-10-07 13:53:39,2555,gnome-shell-calendar-server,0.00,17.62
2025-10-07 13:53:39,2563,evolution-source-registry,0.00,87.43
2025-10-07 13:53:39,2564,dconf-service,0.00,6.10
2025-10-07 13:53:39,2577,gjs,0.00,26.86
2025-10-07 13:53:39,2579,ibus-daemon,0.00,12.14
2025-10-07 13:53:39,2581,gsd-a11y-settings,0.00,6.63
2025-10-07 13:53:39,2585,gsd-color,0.00,19.95
2025-10-07 13:53:39,2586,gsd-datetime,0.00,12.00
2025-10-07 13:53:39,2599,gsd-housekeeping,0.00,7.98
2025-10-07 13:53:39,2601,gsd-keyboard,0.00,19.13
2025-10-07 13:53:39,2602,gsd-media-keys,0.00,24.63
2025-10-07 13:53:39,2607,gsd-power,0.00,25.85
2025-10-07 13:53:39,2611,gsd-print-notifications,0.00,11.48
2025-10-07 13:53:39,2616,gsd-rfkill,0.00,6.77
2025-10-07 13:53:39,2626,gsd-screensaver-proxy,0.00,6.18
2025-10-07 13:53:39,2629,gsd-sharing,0.00,11.77
2025-10-07 13:53:39,2631,gsd-smartcard,0.00,8.14
2025-10-07 13:53:39,2637,gsd-sound,0.00,9.76
2025-10-07 13:53:39,2646,gsd-wacom,0.00,20.26
2025-10-07 13:53:39,2680,gsd-disk-utility-notify,0.00,7.33
2025-10-07 13:53:39,2716,gvfs-udisks2-volume-monitor,0.00,10.33
2025-10-07 13:53:39,2719,evolution-alarm-notify,0.00,107.36
2025-10-07 13:53:39,2724,ibus-memconf,0.00,7.09
2025-10-07 13:53:39,2726,ibus-extension-gtk3,0.00,28.90
2025-10-07 13:53:39,2738,ibus-portal,0.00,7.17
2025-10-07 13:53:39,2815,goa-daemon,0.00,23.61
2025-10-07 13:53:39,2819,gvfs-goa-volume-monitor,0.00,6.50
2025-10-07 13:53:39,2837,goa-identity-service,0.00,9.13
2025-10-07 13:53:39,2843,evolution-calendar-factory,0.00,24.12
2025-10-07 13:53:39,2844,gsd-printer,0.00,14.89
2025-10-07 13:53:39,2857,gvfs-mtp-volume-monitor,0.00,6.70
2025-10-07 13:53:39,2870,gvfs-gphoto2-volume-monitor,0.00,7.00
2025-10-07 13:53:39,2877,gvfs-afc-volume-monitor,0.00,7.73
2025-10-07 13:53:39,2887,evolution-addressbook-factory,0.00,29.40
2025-10-07 13:53:39,2914,ibus-engine-simple,0.00,7.47
2025-10-07 13:53:39,2941,gvfsd-trash,0.00,9.15
2025-10-07 13:53:39,2966,tracker-miner-fs-3,0.00,28.61
2025-10-07 13:53:39,2969,xdg-desktop-portal,0.00,14.50
2025-10-07 13:53:39,2978,xdg-desktop-portal-gnome,0.00,86.33
2025-10-07 13:53:39,3001,gjs,0.00,26.85
2025-10-07 13:53:39,3027,xdg-desktop-portal-gtk,0.00,25.89
2025-10-07 13:53:39,3100,gvfsd-metadata,0.00,6.52
2025-10-07 13:53:39,3113,snapd-desktop-integration,0.00,11.69
2025-10-07 13:53:39,3179,snapd-desktop-integration,0.00,30.21
2025-10-07 13:53:39,3211,chrome,0.10,425.09
2025-10-07 13:53:39,3217,cat,0.00,1.85
2025-10-07 13:53:39,3218,cat,0.00,1.85
2025-10-07 13:53:39,3220,chrome_crashpad_handler,0.00,4.09
2025-10-07 13:53:39,3222,chrome_crashpad_handler,0.00,3.32
2025-10-07 13:53:39,3228,chrome,0.00,108.12
2025-10-07 13:53:39,3229,chrome,0.00,109.58
2025-10-07 13:53:39,3231,chrome,0.00,25.02
2025-10-07 13:53:39,3273,chrome,0.20,281.52
2025-10-07 13:53:39,3276,chrome,0.10,186.91
2025-10-07 13:53:39,3286,chrome,0.00,66.57
2025-10-07 13:53:39,3362,chrome,0.00,134.95
2025-10-07 13:53:39,3446,chrome,0.00,189.97
2025-10-07 13:53:39,3576,update-notifier,0.00,32.60
2025-10-07 13:53:39,3739,chrome,0.00,169.65
2025-10-07 13:53:39,3747,chrome,0.00,185.59
2025-10-07 13:53:39,3826,kworker/5:0-mm_percpu_wq,0.00,0.00
2025-10-07 13:53:39,3878,chrome,0.10,560.02
2025-10-07 13:53:39,3973,chrome,0.00,155.57
2025-10-07 13:53:39,3984,chrome,0.00,174.69
2025-10-07 13:53:39,4111,kworker/15:3-cgroup_destroy,0.00,0.00
2025-10-07 13:53:39,4161,chrome,0.00,268.18
2025-10-07 13:53:39,4229,kworker/3:0-events,0.00,0.00
2025-10-07 13:53:39,4283,kworker/4:2-events,0.00,0.00
2025-10-07 13:53:39,4328,kworker/6:1-events,0.00,0.00
2025-10-07 13:53:39,4358,chrome,0.00,152.70
2025-10-07 13:53:39,4428,chrome,0.00,294.04
2025-10-07 13:53:39,4515,chrome,0.00,322.98
2025-10-07 13:53:39,4557,chrome,0.00,85.26
2025-10-07 13:53:39,4567,kworker/12:1-events,0.00,0.00
2025-10-07 13:53:39,4573,kworker/9:2-mm_percpu_wq,0.00,0.00
2025-10-07 13:53:39,4586,kworker/u64:0-phy0,0.10,0.00
2025-10-07 13:53:39,4645,kworker/3:2-mm_percpu_wq,0.00,0.00
2025-10-07 13:53:39,4774,kworker/8:3-mm_percpu_wq,0.00,0.00
2025-10-07 13:53:39,4943,kworker/15:2-events,0.00,0.00
2025-10-07 13:53:39,5028,kworker/0:0-events,0.00,0.00
2025-10-07 13:53:39,5074,kworker/u65:5-kvfree_rcu_reclaim,0.00,0.00
2025-10-07 13:53:39,5082,kworker/u65:15-kvfree_rcu_reclaim,0.00,0.00
2025-10-07 13:53:39,5085,kworker/u65:18-kvfree_rcu_reclaim,0.00,0.00
2025-10-07 13:53:39,5088,kworker/2:0-cgwb_release,0.00,0.00
2025-10-07 13:53:39,5110,kworker/u65:27-events_power_efficient,0.00,0.00
2025-10-07 13:53:39,5114,kworker/u67:2-hci0,0.00,0.00
2025-10-07 13:53:39,5208,kworker/1:3-events,0.00,0.00
2025-10-07 13:53:39,5321,kworker/u68:0-ttm,0.00,0.00
2025-10-07 13:53:39,5463,kworker/10:3-mm_percpu_wq,0.00,0.00
2025-10-07 13:53:39,5558,kworker/u66:0-events_unbound,0.00,0.00
2025-10-07 13:53:39,5559,kworker/u69:0-ttm,0.00,0.00
2025-10-07 13:53:39,5650,kworker/u69:1-ttm,0.00,0.00
2025-10-07 13:53:39,5655,kworker/u66:2-flush-259:0,0.00,0.00
2025-10-07 13:53:39,5687,gjs,0.00,65.67
2025-10-07 13:53:39,5731,kworker/u66:3-iou_exit,0.00,0.00
2025-10-07 13:53:39,5738,kworker/4:3-cgroup_destroy,0.00,0.00
2025-10-07 13:53:39,5741,kworker/u69:2-ttm,0.00,0.00
2025-10-07 13:53:39,5742,kworker/u69:3-ttm,0.00,0.00
2025-10-07 13:53:39,5743,kworker/u69:4-ttm,0.00,0.00
2025-10-07 13:53:39,5744,kworker/u69:5-ttm,0.00,0.00
2025-10-07 13:53:39,5752,kworker/8:2,0.00,0.00
2025-10-07 13:53:39,5755,kworker/u64:2-gfx,0.00,0.00
2025-10-07 13:53:39,5758,kworker/u68:1-ttm,0.00,0.00
2025-10-07 13:53:39,5766,kworker/u68:3-ttm,0.00,0.00
2025-10-07 13:53:39,5767,kworker/u68:4-rtw89_tx_wq,0.00,0.00
2025-10-07 13:53:39,5768,kworker/u68:5-ttm,0.00,0.00
2025-10-07 13:53:39,5769,kworker/u68:6-ttm,0.00,0.00
2025-10-07 13:53:39,5770,kworker/u68:8-ttm,0.00,0.00
2025-10-07 13:53:39,5771,kworker/u68:10-ttm,0.00,0.00
2025-10-07 13:53:39,5773,kworker/u69:6-ttm,0.00,0.00
2025-10-07 13:53:39,5774,kworker/u69:7-ttm,0.00,0.00
2025-10-07 13:53:39,5775,kworker/u69:8-ttm,0.00,0.00
2025-10-07 13:53:39,5776,kworker/u69:9-ttm,0.00,0.00
2025-10-07 13:53:39,5808,Xwayland,0.60,124.49
2025-10-07 13:53:39,5827,gsd-xsettings,0.00,86.07
2025-10-07 13:53:39,5857,ibus-x11,0.00,23.84
2025-10-07 13:53:39,5863,mutter-x11-frames,0.00,90.64
2025-10-07 13:53:39,5943,kworker/u69:10-ttm,0.00,0.00
2025-10-07 13:53:39,5944,kworker/u69:11-ttm,0.00,0.00
2025-10-07 13:53:39,5945,kworker/u69:12-ttm,0.00,0.00
2025-10-07 13:53:39,5946,kworker/u69:13-ttm,0.00,0.00
2025-10-07 13:53:39,5986,kworker/u66:1-kvfree_rcu_reclaim,0.00,0.00
2025-10-07 13:53:39,5987,kworker/u66:4-kvfree_rcu_reclaim,0.00,0.00
2025-10-07 13:53:39,6214,gnome-terminal-server,0.00,51.39
2025-10-07 13:53:39,6221,bash,0.00,5.60
2025-10-07 13:53:39,6230,kworker/u66:5-events_power_efficient,0.10,0.00
2025-10-07 13:53:39,6231,kworker/u66:6-flush-259:0,0.00,0.00
2025-10-07 13:53:39,6232,kworker/u66:7,0.00,0.00
2025-10-07 13:53:39,6233,kworker/u65:0-events_power_efficient,0.00,0.00
2025-10-07 13:53:39,6235,kworker/u69:14-rtw89_tx_wq,0.00,0.00
2025-10-07 13:53:39,6236,kworker/u69:15-ttm,0.00,0.00
2025-10-07 13:53:39,6237,kworker/u69:16,0.00,0.00
2025-10-07 13:53:39,6262,kworker/9:0-events,0.00,0.00
2025-10-07 13:53:39,6266,kworker/0:2,0.00,0.00
2025-10-07 13:53:39,6292,code,0.20,243.31
2025-10-07 13:53:39,6295,code,0.00,96.03
2025-10-07 13:53:39,6296,code,0.00,95.51
2025-10-07 13:53:39,6298,code,0.00,19.71
2025-10-07 13:53:39,6317,chrome_crashpad_handler,0.00,3.26
2025-10-07 13:53:39,6336,code,1.50,163.25
2025-10-07 13:53:39,6339,code,0.20,117.29
2025-10-07 13:53:39,6392,code,4.30,310.09
2025-10-07 13:53:39,6409,code,0.40,152.48
2025-10-07 13:53:39,6414,code,1.10,263.67
2025-10-07 13:53:39,6422,code,0.00,156.52
2025-10-07 13:53:39,6431,code,0.10,153.60
2025-10-07 13:53:39,6484,bash,0.00,5.25
2025-10-07 13:53:39,6505,bash,0.00,5.47
2025-10-07 13:53:39,6548,pet,0.00,3.39
2025-10-07 13:53:39,6679,bash,0.00,5.34
2025-10-07 13:53:39,6710,code,0.10,384.86
2025-10-07 13:53:39,6848,kworker/4:0,0.00,0.00
2025-10-07 13:53:39,6850,kworker/u64:1-gfx,0.20,0.00
2025-10-07 13:53:39,7066,python,0.40,71.52
2025-10-07 13:53:50,1,systemd,0.00,13.88
2025-10-07 13:53:50,2,kthreadd,0.00,0.00
2025-10-07 13:53:50,3,pool_workqueue_release,0.00,0.00
2025-10-07 13:53:50,4,kworker/R-rcu_gp,0.00,0.00
2025-10-07 13:53:50,5,kworker/R-sync_wq,0.00,0.00
2025-10-07 13:53:50,6,kworker/R-kvfree_rcu_reclaim,0.00,0.00
2025-10-07 13:53:50,7,kworker/R-slub_flushwq,0.00,0.00
2025-10-07 13:53:50,8,kworker/R-netns,0.00,0.00
2025-10-07 13:53:50,10,kworker/0:1-events,0.00,0.00
2025-10-07 13:53:50,11,kworker/0:0H-events_highpri,0.00,0.00
2025-10-07 13:53:50,13,kworker/R-mm_percpu_wq,0.00,0.00
2025-10-07 13:53:50,14,rcu_tasks_kthread,0.00,0.00
2025-10-07 13:53:50,15,rcu_tasks_rude_kthread,0.00,0.00
2025-10-07 13:53:50,16,rcu_tasks_trace_kthread,0.00,0.00
2025-10-07 13:53:50,17,ksoftirqd/0,0.00,0.00
2025-10-07 13:53:50,18,rcu_preempt,0.10,0.00
2025-10-07 13:53:50,19,rcu_exp_par_gp_kthread_worker/0,0.00,0.00
2025-10-07 13:53:50,20,rcu_exp_gp_kthread_worker,0.00,0.00
2025-10-07 13:53:50,21,migration/0,0.00,0.00
2025-10-07 13:53:50,22,idle_inject/0,0.00,0.00
2025-10-07 13:53:50,23,cpuhp/0,0.00,0.00
2025-10-07 13:53:50,24,cpuhp/2,0.00,0.00
2025-10-07 13:53:50,25,idle_inject/2,0.00,0.00
2025-10-07 13:53:50,26,migration/2,0.00,0.00
2025-10-07 13:53:50,27,ksoftirqd/2,0.00,0.00
2025-10-07 13:53:50,29,kworker/2:0H-events_highpri,0.00,0.00
2025-10-07 13:53:50,30,cpuhp/4,0.00,0.00
2025-10-07 13:53:50,31,idle_inject/4,0.00,0.00
2025-10-07 13:53:50,32,migration/4,0.00,0.00
2025-10-07 13:53:50,33,ksoftirqd/4,0.00,0.00
2025-10-07 13:53:50,35,kworker/4:0H-events_highpri,0.00,0.00
2025-10-07 13:53:50,36,cpuhp/6,0.00,0.00
2025-10-07 13:53:50,37,idle_inject/6,0.00,0.00
2025-10-07 13:53:50,38,migration/6,0.00,0.00
2025-10-07 13:53:50,39,ksoftirqd/6,0.00,0.00
2025-10-07 13:53:50,40,kworker/6:0-events,0.00,0.00
2025-10-07 13:53:50,41,kworker/6:0H-events_highpri,0.00,0.00
2025-10-07 13:53:50,42,cpuhp/8,0.00,0.00
2025-10-07 13:53:50,43,idle_inject/8,0.00,0.00
2025-10-07 13:53:50,44,migration/8,0.00,0.00
2025-10-07 13:53:50,45,ksoftirqd/8,0.00,0.00
2025-10-07 13:53:50,47,kworker/8:0H-events_highpri,0.00,0.00
2025-10-07 13:53:50,48,cpuhp/10,0.00,0.00
2025-10-07 13:53:50,49,idle_inject/10,0.00,0.00
2025-10-07 13:53:50,50,migration/10,0.00,0.00
2025-10-07 13:53:50,51,ksoftirqd/10,0.00,0.00
2025-10-07 13:53:50,53,kworker/10:0H-events_highpri,0.00,0.00
2025-10-07 13:53:50,54,cpuhp/12,0.00,0.00
2025-10-07 13:53:50,55,idle_inject/12,0.00,0.00
2025-10-07 13:53:50,56,migration/12,0.00,0.00
2025-10-07 13:53:50,57,ksoftirqd/12,0.00,0.00
2025-10-07 13:53:50,59,kworker/12:0H-events_highpri,0.00,0.00
2025-10-07 13:53:50,60,cpuhp/14,0.00,0.00
2025-10-07 13:53:50,61,idle_inject/14,0.00,0.00
2025-10-07 13:53:50,62,migration/14,0.00,0.00
2025-10-07 13:53:50,63,ksoftirqd/14,0.00,0.00
2025-10-07 13:53:50,64,kworker/14:0-events,0.00,0.00
2025-10-07 13:53:50,65,kworker/14:0H-events_highpri,0.00,0.00
2025-10-07 13:53:50,66,cpuhp/1,0.00,0.00
2025-10-07 13:53:50,67,idle_inject/1,0.00,0.00
2025-10-07 13:53:50,68,migration/1,0.00,0.00
2025-10-07 13:53:50,69,ksoftirqd/1,0.00,0.00
2025-10-07 13:53:50,71,kworker/1:0H-events_highpri,0.00,0.00
2025-10-07 13:53:50,72,cpuhp/3,0.00,0.00
2025-10-07 13:53:50,73,idle_inject/3,0.00,0.00
2025-10-07 13:53:50,74,migration/3,0.00,0.00
2025-10-07 13:53:50,75,ksoftirqd/3,0.00,0.00
2025-10-07 13:53:50,77,kworker/3:0H-events_highpri,0.00,0.00
2025-10-07 13:53:50,78,cpuhp/5,0.00,0.00
2025-10-07 13:53:50,79,idle_inject/5,0.00,0.00
2025-10-07 13:53:50,80,migration/5,0.00,0.00
2025-10-07 13:53:50,81,ksoftirqd/5,0.00,0.00
2025-10-07 13:53:50,83,kworker/5:0H-events_highpri,0.00,0.00
2025-10-07 13:53:50,84,cpuhp/7,0.00,0.00
2025-10-07 13:53:50,85,idle_inject/7,0.00,0.00
2025-10-07 13:53:50,86,migration/7,0.00,0.00
2025-10-07 13:53:50,87,ksoftirqd/7,0.00,0.00
2025-10-07 13:53:50,89,kworker/7:0H-events_highpri,0.00,0.00
2025-10-07 13:53:50,90,cpuhp/9,0.00,0.00
2025-10-07 13:53:50,91,idle_inject/9,0.00,0.00
2025-10-07 13:53:50,92,migration/9,0.00,0.00
2025-10-07 13:53:50,93,ksoftirqd/9,0.00,0.00
2025-10-07 13:53:50,95,kworker/9:0H-events_highpri,0.00,0.00
2025-10-07 13:53:50,96,cpuhp/11,0.00,0.00
2025-10-07 13:53:50,97,idle_inject/11,0.00,0.00
2025-10-07 13:53:50,98,migration/11,0.00,0.00
2025-10-07 13:53:50,99,ksoftirqd/11,0.00,0.00
2025-10-07 13:53:50,101,kworker/11:0H-events_highpri,0.00,0.00
2025-10-07 13:53:50,102,cpuhp/13,0.00,0.00
2025-10-07 13:53:50,103,idle_inject/13,0.00,0.00
2025-10-07 13:53:50,104,migration/13,0.00,0.00
2025-10-07 13:53:50,105,ksoftirqd/13,0.00,0.00
2025-10-07 13:53:50,107,kworker/13:0H-events_highpri,0.00,0.00
2025-10-07 13:53:50,108,cpuhp/15,0.00,0.00
2025-10-07 13:53:50,109,idle_inject/15,0.00,0.00
2025-10-07 13:53:50,110,migration/15,0.00,0.00
2025-10-07 13:53:50,111,ksoftirqd/15,0.00,0.00
2025-10-07 13:53:50,113,kworker/15:0H-events_highpri,0.00,0.00
2025-10-07 13:53:50,116,kdevtmpfs,0.00,0.00
2025-10-07 13:53:50,117,kworker/R-inet_frag_wq,0.00,0.00
2025-10-07 13:53:50,118,kauditd,0.00,0.00
2025-10-07 13:53:50,119,khungtaskd,0.00,0.00
2025-10-07 13:53:50,120,oom_reaper,0.00,0.00
2025-10-07 13:53:50,123,kworker/R-writeback,0.00,0.00
2025-10-07 13:53:50,124,kcompactd0,0.00,0.00
2025-10-07 13:53:50,125,ksmd,0.00,0.00
2025-10-07 13:53:50,126,khugepaged,0.00,0.00
2025-10-07 13:53:50,127,kworker/R-kintegrityd,0.00,0.00
2025-10-07 13:53:50,128,kworker/R-kblockd,0.00,0.00
2025-10-07 13:53:50,129,kworker/R-blkcg_punt_bio,0.00,0.00
2025-10-07 13:53:50,130,irq/9-acpi,0.00,0.00
2025-10-07 13:53:50,131,kworker/10:1-events,0.00,0.00
2025-10-07 13:53:50,133,kworker/1:1-mm_percpu_wq,0.00,0.00
2025-10-07 13:53:50,134,kworker/R-tpm_dev_wq,0.00,0.00
2025-10-07 13:53:50,135,kworker/R-ata_sff,0.00,0.00
2025-10-07 13:53:50,137,kworker/R-md,0.00,0.00
2025-10-07 13:53:50,138,kworker/R-md_bitmap,0.00,0.00
2025-10-07 13:53:50,139,kworker/R-edac-poller,0.00,0.00
2025-10-07 13:53:50,141,kworker/R-devfreq_wq,0.00,0.00
2025-10-07 13:53:50,142,watchdogd,0.00,0.00
2025-10-07 13:53:50,143,kworker/8:1H-kblockd,0.00,0.00
2025-10-07 13:53:50,145,irq/25-AMD-Vi0-Evt,0.00,0.00
2025-10-07 13:53:50,146,irq/26-AMD-Vi0-PPR,0.00,0.00
2025-10-07 13:53:50,147,irq/27-AMD-Vi0-GA,0.00,0.00
2025-10-07 13:53:50,148,kswapd0,0.00,0.00
2025-10-07 13:53:50,149,ecryptfs-kthread,0.00,0.00
2025-10-07 13:53:50,150,kworker/R-kthrotld,0.00,0.00
2025-10-07 13:53:50,151,kworker/u67:0-hci0,0.00,0.00
2025-10-07 13:53:50,152,kworker/R-acpi_thermal_pm,0.00,0.00
2025-10-07 13:53:50,154,kworker/2:1-events,0.00,0.00
2025-10-07 13:53:50,155,kworker/R-mld,0.00,0.00
2025-10-07 13:53:50,156,kworker/R-ipv6_addrconf,0.00,0.00
2025-10-07 13:53:50,157,kworker/2:1H-kblockd,0.00,0.00
2025-10-07 13:53:50,164,kworker/R-kstrp,0.00,0.00
2025-10-07 13:53:50,167,kworker/7:1-mm_percpu_wq,0.00,0.00
2025-10-07 13:53:50,168,kworker/9:1-events,0.00,0.00
2025-10-07 13:53:50,169,kworker/13:1-events,0.00,0.00
2025-10-07 13:53:50,170,kworker/5:1-events,0.00,0.00
2025-10-07 13:53:50,171,kworker/11:1-events,0.00,0.00
2025-10-07 13:53:50,189,kworker/R-charger_manager,0.00,0.00
2025-10-07 13:53:50,190,kworker/0:1H-kblockd,0.00,0.00
2025-10-07 13:53:50,217,kworker/4:1H-kblockd,0.00,0.00
2025-10-07 13:53:50,221,kworker/12:1H-kblockd,0.00,0.00
2025-10-07 13:53:50,239,kworker/6:1H-kblockd,0.00,0.00
2025-10-07 13:53:50,257,kworker/1:1H-kblockd,0.00,0.00
2025-10-07 13:53:50,258,kworker/10:1H-kblockd,0.00,0.00
2025-10-07 13:53:50,259,kworker/13:1H-kblockd,0.00,0.00
2025-10-07 13:53:50,260,kworker/3:1H-kblockd,0.00,0.00
2025-10-07 13:53:50,261,kworker/9:1H-kblockd,0.00,0.00
2025-10-07 13:53:50,262,kworker/15:1H-kblockd,0.00,0.00
2025-10-07 13:53:50,263,kworker/5:1H-kblockd,0.00,0.00
2025-10-07 13:53:50,264,kworker/14:1H-kblockd,0.00,0.00
2025-10-07 13:53:50,265,kworker/7:1H-kblockd,0.00,0.00
2025-10-07 13:53:50,268,kworker/11:1H-kblockd,0.00,0.00
2025-10-07 13:53:50,308,irq/50-PNP0C50:0b,0.00,0.00
2025-10-07 13:53:50,314,kworker/R-nvme-wq,0.00,0.00
2025-10-07 13:53:50,315,kworker/R-nvme-reset-wq,0.00,0.00
2025-10-07 13:53:50,316,kworker/R-nvme-delete-wq,0.00,0.00
2025-10-07 13:53:50,317,kworker/R-nvme-auth-wq,0.00,0.00
2025-10-07 13:53:50,319,kworker/13:2-events,0.00,0.00
2025-10-07 13:53:50,373,jbd2/nvme0n1p2-8,0.00,0.00
2025-10-07 13:53:50,374,kworker/R-ext4-rsv-conversion,0.00,0.00
2025-10-07 13:53:50,425,systemd-journald,0.00,18.52
2025-10-07 13:53:50,461,systemd-udevd,0.00,8.51
2025-10-07 13:53:50,512,psimon,0.00,0.00
2025-10-07 13:53:50,588,kworker/12:2-mm_percpu_wq,0.00,0.00
2025-10-07 13:53:50,647,kworker/R-cfg80211,0.00,0.00
2025-10-07 13:53:50,648,kworker/R-cryptd,0.00,0.00
2025-10-07 13:53:50,697,irq/69-rtw89_pci,0.40,0.00
2025-10-07 13:53:50,710,kworker/R-amdgpu-reset-dev,0.00,0.00
2025-10-07 13:53:50,807,kworker/R-ttm,0.00,0.00
2025-10-07 13:53:50,847,systemd-oomd,0.00,7.46
2025-10-07 13:53:50,848,systemd-resolved,0.00,13.04
2025-10-07 13:53:50,849,systemd-timesyncd,0.00,7.68
2025-10-07 13:53:50,894,avahi-daemon,0.10,5.22
2025-10-07 13:53:50,895,bluetoothd,0.00,6.47
2025-10-07 13:53:50,896,dbus-daemon,0.00,7.33
2025-10-07 13:53:50,899,gnome-remote-desktop-daemon,0.00,16.39
2025-10-07 13:53:50,902,polkitd,0.00,12.21
2025-10-07 13:53:50,905,power-profiles-daemon,0.00,7.56
2025-10-07 13:53:50,914,snapd,0.00,39.73
2025-10-07 13:53:50,917,accounts-daemon,0.10,7.99
2025-10-07 13:53:50,920,cron,0.00,2.79
2025-10-07 13:53:50,923,switcheroo-control,0.00,6.84
2025-10-07 13:53:50,926,systemd-logind,0.00,9.04
2025-10-07 13:53:50,928,udisksd,0.00,13.92
2025-10-07 13:53:50,949,avahi-daemon,0.00,1.51
2025-10-07 13:53:50,951,NetworkManager,0.00,19.79
2025-10-07 13:53:50,959,wpa_supplicant,0.00,12.00
2025-10-07 13:53:50,977,kworker/11:2-events,0.00,0.00
2025-10-07 13:53:50,1009,rsyslogd,0.00,5.94
2025-10-07 13:53:50,1066,ModemManager,0.00,12.69
2025-10-07 13:53:50,1150,kworker/R-amdgpu_dm_hpd_rx_offload_wq,0.00,0.00
2025-10-07 13:53:50,1151,kworker/R-amdgpu_dm_hpd_rx_offload_wq,0.00,0.00
2025-10-07 13:53:50,1152,kworker/R-amdgpu_dm_hpd_rx_offload_wq,0.00,0.00
2025-10-07 13:53:50,1153,kworker/R-dm_vblank_control_workqueue,0.00,0.00
2025-10-07 13:53:50,1156,card1-crtc0,0.00,0.00
2025-10-07 13:53:50,1157,card1-crtc1,0.00,0.00
2025-10-07 13:53:50,1158,card1-crtc2,0.00,0.00
2025-10-07 13:53:50,1159,card1-crtc3,0.00,0.00
2025-10-07 13:53:50,1160,kworker/R-gfx,0.00,0.00
2025-10-07 13:53:50,1161,kworker/R-comp_1.0.0,0.00,0.00
2025-10-07 13:53:50,1162,kworker/R-comp_1.1.0,0.00,0.00
2025-10-07 13:53:50,1163,kworker/R-comp_1.2.0,0.00,0.00
2025-10-07 13:53:50,1164,kworker/R-comp_1.3.0,0.00,0.00
2025-10-07 13:53:50,1165,kworker/R-comp_1.0.1,0.00,0.00
2025-10-07 13:53:50,1166,kworker/R-comp_1.1.1,0.00,0.00
2025-10-07 13:53:50,1167,kworker/R-comp_1.2.1,0.00,0.00
2025-10-07 13:53:50,1168,kworker/R-comp_1.3.1,0.00,0.00
2025-10-07 13:53:50,1169,kworker/R-sdma0,0.00,0.00
2025-10-07 13:53:50,1170,kworker/R-vcn_dec,0.00,0.00
2025-10-07 13:53:50,1171,kworker/R-vcn_enc0,0.00,0.00
2025-10-07 13:53:50,1172,kworker/R-vcn_enc1,0.00,0.00
2025-10-07 13:53:50,1173,kworker/R-jpeg_dec,0.00,0.00
2025-10-07 13:53:50,1345,cupsd,0.00,11.75
2025-10-07 13:53:50,1353,unattended-upgr,0.00,22.52
2025-10-07 13:53:50,1368,dbus,0.00,6.74
2025-10-07 13:53:50,1376,gdm3,0.00,9.23
2025-10-07 13:53:50,1385,mysqld,1.20,389.47
2025-10-07 13:53:50,1392,psimon,0.00,0.00
2025-10-07 13:53:50,1399,kworker/14:3-events,0.00,0.00
2025-10-07 13:53:50,1494,rtkit-daemon,0.00,3.44
2025-10-07 13:53:50,1558,kworker/7:2-events,0.00,0.00
2025-10-07 13:53:50,1589,krfcommd,0.00,0.00
2025-10-07 13:53:50,1687,colord,0.00,14.56
2025-10-07 13:53:50,1799,upowerd,0.00,9.72
2025-10-07 13:53:50,2127,cups-browsed,0.00,19.58
2025-10-07 13:53:50,2129,kerneloops,0.00,2.31
2025-10-07 13:53:50,2132,kerneloops,0.00,2.29
2025-10-07 13:53:50,2152,gdm-session-worker,0.00,10.95
2025-10-07 13:53:50,2169,systemd,0.00,12.61
2025-10-07 13:53:50,2172,(sd-pam),0.00,3.57
2025-10-07 13:53:50,2184,pipewire,0.00,15.76
2025-10-07 13:53:50,2185,pipewire,0.00,5.67
2025-10-07 13:53:50,2188,wireplumber,0.00,18.71
2025-10-07 13:53:50,2190,pipewire-pulse,0.00,18.13
2025-10-07 13:53:50,2192,gnome-keyring-daemon,0.00,10.11
2025-10-07 13:53:50,2202,dbus-daemon,0.00,6.56
2025-10-07 13:53:50,2256,xdg-document-portal,0.00,7.48
2025-10-07 13:53:50,2260,xdg-permission-store,0.00,6.12
2025-10-07 13:53:50,2267,fusermount3,0.00,2.01
2025-10-07 13:53:50,2289,gdm-wayland-session,0.00,6.18
2025-10-07 13:53:50,2299,gnome-session-binary,0.00,16.20
2025-10-07 13:53:50,2376,gcr-ssh-agent,0.00,6.93
2025-10-07 13:53:50,2377,gnome-session-ctl,0.00,5.66
2025-10-07 13:53:50,2392,gvfsd,0.00,8.07
2025-10-07 13:53:50,2400,gvfsd-fuse,0.00,6.92
2025-10-07 13:53:50,2403,gnome-session-binary,0.00,18.07
2025-10-07 13:53:50,2438,gnome-shell,1.20,334.28
2025-10-07 13:53:50,2440,at-spi-bus-launcher,0.00,7.79
2025-10-07 13:53:50,2451,dbus-daemon,0.00,5.12
2025-10-07 13:53:50,2530,at-spi2-registryd,0.00,7.67
2025-10-07 13:53:50,2555,gnome-shell-calendar-server,0.00,17.62
2025-10-07 13:53:50,2563,evolution-source-registry,0.00,87.43
2025-10-07 13:53:50,2564,dconf-service,0.00,6.10
2025-10-07 13:53:50,2577,gjs,0.00,26.86
2025-10-07 13:53:50,2579,ibus-daemon,0.00,12.14
2025-10-07 13:53:50,2581,gsd-a11y-settings,0.00,6.63
2025-10-07 13:53:50,2585,gsd-color,0.00,19.95
2025-10-07 13:53:50,2586,gsd-datetime,0.00,12.00
2025-10-07 13:53:50,2599,gsd-housekeeping,0.00,7.98
2025-10-07 13:53:50,2601,gsd-keyboard,0.00,19.13
2025-10-07 13:53:50,2602,gsd-media-keys,0.00,24.63
2025-10-07 13:53:50,2607,gsd-power,0.00,25.85
2025-10-07 13:53:50,2611,gsd-print-notifications,0.00,11.48
2025-10-07 13:53:50,2616,gsd-rfkill,0.00,6.77
2025-10-07 13:53:50,2626,gsd-screensaver-proxy,0.00,6.18
2025-10-07 13:53:50,2629,gsd-sharing,0.00,11.77
2025-10-07 13:53:50,2631,gsd-smartcard,0.00,8.14
2025-10-07 13:53:50,2637,gsd-sound,0.00,9.76
2025-10-07 13:53:50,2646,gsd-wacom,0.00,20.26
2025-10-07 13:53:50,2680,gsd-disk-utility-notify,0.00,7.33
2025-10-07 13:53:50,2716,gvfs-udisks2-volume-monitor,0.00,10.33
2025-10-07 13:53:50,2719,evolution-alarm-notify,0.00,107.36
2025-10-07 13:53:50,2724,ibus-memconf,0.00,7.09
2025-10-07 13:53:50,2726,ibus-extension-gtk3,0.00,28.90
2025-10-07 13:53:50,2738,ibus-portal,0.00,7.17
2025-10-07 13:53:50,2815,goa-daemon,0.00,23.61
2025-10-07 13:53:50,2819,gvfs-goa-volume-monitor,0.00,6.50
2025-10-07 13:53:50,2837,goa-identity-service,0.00,9.13
2025-10-07 13:53:50,2843,evolution-calendar-factory,0.00,24.12
2025-10-07 13:53:50,2844,gsd-printer,0.00,14.89
2025-10-07 13:53:50,2857,gvfs-mtp-volume-monitor,0.00,6.70
2025-10-07 13:53:50,2870,gvfs-gphoto2-volume-monitor,0.00,7.00
2025-10-07 13:53:50,2877,gvfs-afc-volume-monitor,0.00,7.73
2025-10-07 13:53:50,2887,evolution-addressbook-factory,0.00,29.40
2025-10-07 13:53:50,2914,ibus-engine-simple,0.00,7.47
2025-10-07 13:53:50,2941,gvfsd-trash,0.00,9.15
2025-10-07 13:53:50,2966,tracker-miner-fs-3,0.00,28.61
2025-10-07 13:53:50,2969,xdg-desktop-portal,0.00,14.50
2025-10-07 13:53:50,2978,xdg-desktop-portal-gnome,0.00,86.33
2025-10-07 13:53:50,3001,gjs,0.00,26.85
2025-10-07 13:53:50,3027,xdg-desktop-portal-gtk,0.00,25.89
2025-10-07 13:53:50,3100,gvfsd-metadata,0.00,6.52
2025-10-07 13:53:50,3113,snapd-desktop-integration,0.00,11.69
2025-10-07 13:53:50,3179,snapd-desktop-integration,0.00,30.21
2025-10-07 13:53:50,3211,chrome,0.10,425.09
2025-10-07 13:53:50,3217,cat,0.00,1.85
2025-10-07 13:53:50,3218,cat,0.00,1.85
2025-10-07 13:53:50,3220,chrome_crashpad_handler,0.00,4.09
2025-10-07 13:53:50,3222,chrome_crashpad_handler,0.00,3.32
2025-10-07 13:53:50,3228,chrome,0.00,108.12
2025-10-07 13:53:50,3229,chrome,0.00,109.58
2025-10-07 13:53:50,3231,chrome,0.00,25.02
2025-10-07 13:53:50,3273,chrome,0.00,281.52
2025-10-07 13:53:50,3276,chrome,0.10,186.87
2025-10-07 13:53:50,3286,chrome,0.00,66.57
2025-10-07 13:53:50,3362,chrome,0.10,134.95
2025-10-07 13:53:50,3446,chrome,0.00,189.97
2025-10-07 13:53:50,3576,update-notifier,0.00,32.60
2025-10-07 13:53:50,3739,chrome,0.00,169.65
2025-10-07 13:53:50,3747,chrome,0.00,185.59
2025-10-07 13:53:50,3826,kworker/5:0-mm_percpu_wq,0.00,0.00
2025-10-07 13:53:50,3878,chrome,0.10,560.02
2025-10-07 13:53:50,3973,chrome,0.00,155.57
2025-10-07 13:53:50,3984,chrome,0.00,174.69
2025-10-07 13:53:50,4111,kworker/15:3-cgroup_destroy,0.00,0.00
2025-10-07 13:53:50,4161,chrome,0.00,268.18
2025-10-07 13:53:50,4229,kworker/3:0-events,0.00,0.00
2025-10-07 13:53:50,4283,kworker/4:2-events,0.00,0.00
2025-10-07 13:53:50,4328,kworker/6:1-events,0.00,0.00
2025-10-07 13:53:50,4358,chrome,0.00,152.70
2025-10-07 13:53:50,4428,chrome,0.00,294.04
2025-10-07 13:53:50,4515,chrome,0.00,322.98
2025-10-07 13:53:50,4557,chrome,0.00,85.26
2025-10-07 13:53:50,4567,kworker/12:1-events,0.00,0.00
2025-10-07 13:53:50,4573,kworker/9:2-mm_percpu_wq,0.00,0.00
2025-10-07 13:53:50,4586,kworker/u64:0-phy0,0.30,0.00
2025-10-07 13:53:50,4645,kworker/3:2-mm_percpu_wq,0.00,0.00
2025-10-07 13:53:50,4774,kworker/8:3-mm_percpu_wq,0.00,0.00
2025-10-07 13:53:50,4943,kworker/15:2-mm_percpu_wq,0.00,0.00
2025-10-07 13:53:50,5028,kworker/0:0-events,0.00,0.00
2025-10-07 13:53:50,5074,kworker/u65:5-kvfree_rcu_reclaim,0.00,0.00
2025-10-07 13:53:50,5082,kworker/u65:15-kvfree_rcu_reclaim,0.00,0.00
2025-10-07 13:53:50,5085,kworker/u65:18-events_power_efficient,0.10,0.00
2025-10-07 13:53:50,5088,kworker/2:0-cgwb_release,0.00,0.00
2025-10-07 13:53:50,5110,kworker/u65:27-events_unbound,0.10,0.00
2025-10-07 13:53:50,5114,kworker/u67:2-hci0,0.00,0.00
2025-10-07 13:53:50,5208,kworker/1:3-events,0.00,0.00
2025-10-07 13:53:50,5321,kworker/u68:0-ttm,0.00,0.00
2025-10-07 13:53:50,5463,kworker/10:3-mm_percpu_wq,0.00,0.00
2025-10-07 13:53:50,5558,kworker/u66:0-events_unbound,0.10,0.00
2025-10-07 13:53:50,5559,kworker/u69:0-ttm,0.00,0.00
2025-10-07 13:53:50,5650,kworker/u69:1-ttm,0.00,0.00
2025-10-07 13:53:50,5687,gjs,0.00,65.67
2025-10-07 13:53:50,5731,kworker/u66:3-iou_exit,0.00,0.00
2025-10-07 13:53:50,5738,kworker/4:3-cgroup_destroy,0.00,0.00
2025-10-07 13:53:50,5741,kworker/u69:2-ttm,0.00,0.00
2025-10-07 13:53:50,5742,kworker/u69:3-ttm,0.00,0.00
2025-10-07 13:53:50,5743,kworker/u69:4-ttm,0.00,0.00
2025-10-07 13:53:50,5744,kworker/u69:5-ttm,0.00,0.00
2025-10-07 13:53:50,5752,kworker/8:2,0.00,0.00
2025-10-07 13:53:50,5755,kworker/u64:2-gfx,0.00,0.00
2025-10-07 13:53:50,5758,kworker/u68:1-ttm,0.00,0.00
2025-10-07 13:53:50,5766,kworker/u68:3-ttm,0.00,0.00
2025-10-07 13:53:50,5767,kworker/u68:4-ttm,0.00,0.00
2025-10-07 13:53:50,5768,kworker/u68:5-ttm,0.00,0.00
2025-10-07 13:53:50,5769,kworker/u68:6-ttm,0.00,0.00
2025-10-07 13:53:50,5770,kworker/u68:8-ttm,0.00,0.00
2025-10-07 13:53:50,5771,kworker/u68:10-ttm,0.00,0.00
2025-10-07 13:53:50,5773,kworker/u69:6-ttm,0.00,0.00
2025-10-07 13:53:50,5774,kworker/u69:7-ttm,0.00,0.00
2025-10-07 13:53:50,5775,kworker/u69:8-ttm,0.00,0.00
2025-10-07 13:53:50,5776,kworker/u69:9-ttm,0.00,0.00
2025-10-07 13:53:50,5808,Xwayland,0.40,124.49
2025-10-07 13:53:50,5827,gsd-xsettings,0.00,86.07
2025-10-07 13:53:50,5857,ibus-x11,0.00,23.84
2025-10-07 13:53:50,5863,mutter-x11-frames,0.00,90.64
2025-10-07 13:53:50,5943,kworker/u69:10-ttm,0.00,0.00
2025-10-07 13:53:50,5944,kworker/u69:11-ttm,0.00,0.00
2025-10-07 13:53:50,5945,kworker/u69:12-ttm,0.00,0.00
2025-10-07 13:53:50,5946,kworker/u69:13-ttm,0.00,0.00
2025-10-07 13:53:50,5987,kworker/u66:4-kvfree_rcu_reclaim,0.00,0.00
2025-10-07 13:53:50,6214,gnome-terminal-server,0.00,51.39
2025-10-07 13:53:50,6221,bash,0.00,5.60
2025-10-07 13:53:50,6230,kworker/u66:5-writeback,0.00,0.00
2025-10-07 13:53:50,6231,kworker/u66:6-flush-259:0,0.00,0.00
2025-10-07 13:53:50,6233,kworker/u65:0-events_power_efficient,0.00,0.00
2025-10-07 13:53:50,6235,kworker/u69:14-ttm,0.00,0.00
2025-10-07 13:53:50,6236,kworker/u69:15-ttm,0.00,0.00
2025-10-07 13:53:50,6262,kworker/9:0-events,0.00,0.00
2025-10-07 13:53:50,6266,kworker/0:2,0.00,0.00
2025-10-07 13:53:50,6292,code,0.10,243.31
2025-10-07 13:53:50,6295,code,0.00,96.03
2025-10-07 13:53:50,6296,code,0.00,95.51
2025-10-07 13:53:50,6298,code,0.00,19.71
2025-10-07 13:53:50,6317,chrome_crashpad_handler,0.00,3.26
2025-10-07 13:53:50,6336,code,1.50,162.96
2025-10-07 13:53:50,6339,code,0.00,117.41
2025-10-07 13:53:50,6392,code,2.00,312.78
2025-10-07 13:53:50,6409,code,0.60,152.48
2025-10-07 13:53:50,6414,code,1.00,263.88
2025-10-07 13:53:50,6422,code,0.20,156.64
2025-10-07 13:53:50,6431,code,0.20,154.09
2025-10-07 13:53:50,6484,bash,0.00,5.25
2025-10-07 13:53:50,6505,bash,0.00,5.47
2025-10-07 13:53:50,6548,pet,0.00,3.39
2025-10-07 13:53:50,6679,bash,0.00,5.34
2025-10-07 13:53:50,6710,code,0.00,384.86
2025-10-07 13:53:50,6848,kworker/4:0,0.00,0.00
2025-10-07 13:53:50,6850,kworker/u64:1-sdma0,0.10,0.00
2025-10-07 13:53:50,7066,python,0.30,71.52
2025-10-07 13:54:00,1,systemd,0.00,13.88
2025-10-07 13:54:00,2,kthreadd,0.00,0.00
2025-10-07 13:54:00,3,pool_workqueue_release,0.00,0.00
2025-10-07 13:54:00,4,kworker/R-rcu_gp,0.00,0.00
2025-10-07 13:54:00,5,kworker/R-sync_wq,0.00,0.00
2025-10-07 13:54:00,6,kworker/R-kvfree_rcu_reclaim,0.00,0.00
2025-10-07 13:54:00,7,kworker/R-slub_flushwq,0.00,0.00
2025-10-07 13:54:00,8,kworker/R-netns,0.00,0.00
2025-10-07 13:54:00,10,kworker/0:1-events,0.10,0.00
2025-10-07 13:54:00,11,kworker/0:0H-events_highpri,0.00,0.00
2025-10-07 13:54:00,13,kworker/R-mm_percpu_wq,0.00,0.00
2025-10-07 13:54:00,14,rcu_tasks_kthread,0.00,0.00
2025-10-07 13:54:00,15,rcu_tasks_rude_kthread,0.00,0.00
2025-10-07 13:54:00,16,rcu_tasks_trace_kthread,0.00,0.00
2025-10-07 13:54:00,17,ksoftirqd/0,0.00,0.00
2025-10-07 13:54:00,18,rcu_preempt,0.10,0.00
2025-10-07 13:54:00,19,rcu_exp_par_gp_kthread_worker/0,0.00,0.00
2025-10-07 13:54:00,20,rcu_exp_gp_kthread_worker,0.00,0.00
2025-10-07 13:54:00,21,migration/0,0.00,0.00
2025-10-07 13:54:00,22,idle_inject/0,0.00,0.00
2025-10-07 13:54:00,23,cpuhp/0,0.00,0.00
2025-10-07 13:54:00,24,cpuhp/2,0.00,0.00
2025-10-07 13:54:00,25,idle_inject/2,0.00,0.00
2025-10-07 13:54:00,26,migration/2,0.00,0.00
2025-10-07 13:54:00,27,ksoftirqd/2,0.00,0.00
2025-10-07 13:54:00,29,kworker/2:0H-events_highpri,0.00,0.00
2025-10-07 13:54:00,30,cpuhp/4,0.00,0.00
2025-10-07 13:54:00,31,idle_inject/4,0.00,0.00
2025-10-07 13:54:00,32,migration/4,0.00,0.00
2025-10-07 13:54:00,33,ksoftirqd/4,0.00,0.00
2025-10-07 13:54:00,35,kworker/4:0H-events_highpri,0.00,0.00
2025-10-07 13:54:00,36,cpuhp/6,0.00,0.00
2025-10-07 13:54:00,37,idle_inject/6,0.00,0.00
2025-10-07 13:54:00,38,migration/6,0.00,0.00
2025-10-07 13:54:00,39,ksoftirqd/6,0.00,0.00
2025-10-07 13:54:00,40,kworker/6:0-events,0.00,0.00
2025-10-07 13:54:00,41,kworker/6:0H-events_highpri,0.00,0.00
2025-10-07 13:54:00,42,cpuhp/8,0.00,0.00
2025-10-07 13:54:00,43,idle_inject/8,0.00,0.00
2025-10-07 13:54:00,44,migration/8,0.00,0.00
2025-10-07 13:54:00,45,ksoftirqd/8,0.00,0.00
2025-10-07 13:54:00,47,kworker/8:0H-events_highpri,0.00,0.00
2025-10-07 13:54:00,48,cpuhp/10,0.00,0.00
2025-10-07 13:54:00,49,idle_inject/10,0.00,0.00
2025-10-07 13:54:00,50,migration/10,0.00,0.00
2025-10-07 13:54:00,51,ksoftirqd/10,0.00,0.00
2025-10-07 13:54:00,53,kworker/10:0H-events_highpri,0.00,0.00
2025-10-07 13:54:00,54,cpuhp/12,0.00,0.00
2025-10-07 13:54:00,55,idle_inject/12,0.00,0.00
2025-10-07 13:54:00,56,migration/12,0.00,0.00
2025-10-07 13:54:00,57,ksoftirqd/12,0.00,0.00
2025-10-07 13:54:00,59,kworker/12:0H-events_highpri,0.00,0.00
2025-10-07 13:54:00,60,cpuhp/14,0.00,0.00
2025-10-07 13:54:00,61,idle_inject/14,0.00,0.00
2025-10-07 13:54:00,62,migration/14,0.00,0.00
2025-10-07 13:54:00,63,ksoftirqd/14,0.00,0.00
2025-10-07 13:54:00,64,kworker/14:0-mm_percpu_wq,0.00,0.00
2025-10-07 13:54:00,65,kworker/14:0H-events_highpri,0.00,0.00
2025-10-07 13:54:00,66,cpuhp/1,0.00,0.00
2025-10-07 13:54:00,67,idle_inject/1,0.00,0.00
2025-10-07 13:54:00,68,migration/1,0.00,0.00
2025-10-07 13:54:00,69,ksoftirqd/1,0.00,0.00
2025-10-07 13:54:00,71,kworker/1:0H-events_highpri,0.00,0.00
2025-10-07 13:54:00,72,cpuhp/3,0.00,0.00
2025-10-07 13:54:00,73,idle_inject/3,0.00,0.00
2025-10-07 13:54:00,74,migration/3,0.00,0.00
2025-10-07 13:54:00,75,ksoftirqd/3,0.00,0.00
2025-10-07 13:54:00,77,kworker/3:0H-events_highpri,0.00,0.00
2025-10-07 13:54:00,78,cpuhp/5,0.00,0.00
2025-10-07 13:54:00,79,idle_inject/5,0.00,0.00
2025-10-07 13:54:00,80,migration/5,0.00,0.00
2025-10-07 13:54:00,81,ksoftirqd/5,0.00,0.00
2025-10-07 13:54:00,83,kworker/5:0H-events_highpri,0.00,0.00
2025-10-07 13:54:00,84,cpuhp/7,0.00,0.00
2025-10-07 13:54:00,85,idle_inject/7,0.00,0.00
2025-10-07 13:54:00,86,migration/7,0.00,0.00
2025-10-07 13:54:00,87,ksoftirqd/7,0.00,0.00
2025-10-07 13:54:00,89,kworker/7:0H-events_highpri,0.00,0.00
2025-10-07 13:54:00,90,cpuhp/9,0.00,0.00
2025-10-07 13:54:00,91,idle_inject/9,0.00,0.00
2025-10-07 13:54:00,92,migration/9,0.00,0.00
2025-10-07 13:54:00,93,ksoftirqd/9,0.00,0.00
2025-10-07 13:54:00,95,kworker/9:0H-events_highpri,0.00,0.00
2025-10-07 13:54:00,96,cpuhp/11,0.00,0.00
2025-10-07 13:54:00,97,idle_inject/11,0.00,0.00
2025-10-07 13:54:00,98,migration/11,0.00,0.00
2025-10-07 13:54:00,99,ksoftirqd/11,0.00,0.00
2025-10-07 13:54:00,101,kworker/11:0H-events_highpri,0.00,0.00
2025-10-07 13:54:00,102,cpuhp/13,0.00,0.00
2025-10-07 13:54:00,103,idle_inject/13,0.00,0.00
2025-10-07 13:54:00,104,migration/13,0.00,0.00
2025-10-07 13:54:00,105,ksoftirqd/13,0.00,0.00
2025-10-07 13:54:00,107,kworker/13:0H-events_highpri,0.00,0.00
2025-10-07 13:54:00,108,cpuhp/15,0.00,0.00
2025-10-07 13:54:00,109,idle_inject/15,0.00,0.00
2025-10-07 13:54:00,110,migration/15,0.00,0.00
2025-10-07 13:54:00,111,ksoftirqd/15,0.00,0.00
2025-10-07 13:54:00,113,kworker/15:0H-events_highpri,0.00,0.00
2025-10-07 13:54:00,116,kdevtmpfs,0.00,0.00
2025-10-07 13:54:00,117,kworker/R-inet_frag_wq,0.00,0.00
2025-10-07 13:54:00,118,kauditd,0.00,0.00
2025-10-07 13:54:00,119,khungtaskd,0.00,0.00
2025-10-07 13:54:00,120,oom_reaper,0.00,0.00
2025-10-07 13:54:00,123,kworker/R-writeback,0.00,0.00
2025-10-07 13:54:00,124,kcompactd0,0.00,0.00
2025-10-07 13:54:00,125,ksmd,0.00,0.00
2025-10-07 13:54:00,126,khugepaged,0.00,0.00
2025-10-07 13:54:00,127,kworker/R-kintegrityd,0.00,0.00
2025-10-07 13:54:00,128,kworker/R-kblockd,0.00,0.00
2025-10-07 13:54:00,129,kworker/R-blkcg_punt_bio,0.00,0.00
2025-10-07 13:54:00,130,irq/9-acpi,0.00,0.00
2025-10-07 13:54:00,131,kworker/10:1-events,0.00,0.00
2025-10-07 13:54:00,133,kworker/1:1-mm_percpu_wq,0.00,0.00
2025-10-07 13:54:00,134,kworker/R-tpm_dev_wq,0.00,0.00
2025-10-07 13:54:00,135,kworker/R-ata_sff,0.00,0.00
2025-10-07 13:54:00,137,kworker/R-md,0.00,0.00
2025-10-07 13:54:00,138,kworker/R-md_bitmap,0.00,0.00
2025-10-07 13:54:00,139,kworker/R-edac-poller,0.00,0.00
2025-10-07 13:54:00,141,kworker/R-devfreq_wq,0.00,0.00
2025-10-07 13:54:00,142,watchdogd,0.00,0.00
2025-10-07 13:54:00,143,kworker/8:1H-kblockd,0.00,0.00
2025-10-07 13:54:00,145,irq/25-AMD-Vi0-Evt,0.00,0.00
2025-10-07 13:54:00,146,irq/26-AMD-Vi0-PPR,0.00,0.00
2025-10-07 13:54:00,147,irq/27-AMD-Vi0-GA,0.00,0.00
2025-10-07 13:54:00,148,kswapd0,0.00,0.00
2025-10-07 13:54:00,149,ecryptfs-kthread,0.00,0.00
2025-10-07 13:54:00,150,kworker/R-kthrotld,0.00,0.00
2025-10-07 13:54:00,151,kworker/u67:0-hci0,0.00,0.00
2025-10-07 13:54:00,152,kworker/R-acpi_thermal_pm,0.00,0.00
2025-10-07 13:54:00,154,kworker/2:1-events,0.00,0.00
2025-10-07 13:54:00,155,kworker/R-mld,0.00,0.00
2025-10-07 13:54:00,156,kworker/R-ipv6_addrconf,0.00,0.00
2025-10-07 13:54:00,157,kworker/2:1H-kblockd,0.00,0.00
2025-10-07 13:54:00,164,kworker/R-kstrp,0.00,0.00
2025-10-07 13:54:00,167,kworker/7:1-mm_percpu_wq,0.00,0.00
2025-10-07 13:54:00,168,kworker/9:1-events,0.00,0.00
2025-10-07 13:54:00,169,kworker/13:1-events_freezable,0.00,0.00
2025-10-07 13:54:00,170,kworker/5:1-events,0.00,0.00
2025-10-07 13:54:00,171,kworker/11:1-events,0.00,0.00
2025-10-07 13:54:00,189,kworker/R-charger_manager,0.00,0.00
2025-10-07 13:54:00,190,kworker/0:1H-kblockd,0.00,0.00
2025-10-07 13:54:00,217,kworker/4:1H-kblockd,0.00,0.00
2025-10-07 13:54:00,221,kworker/12:1H-kblockd,0.00,0.00
2025-10-07 13:54:00,239,kworker/6:1H-kblockd,0.00,0.00
2025-10-07 13:54:00,257,kworker/1:1H-kblockd,0.00,0.00
2025-10-07 13:54:00,258,kworker/10:1H-kblockd,0.00,0.00
2025-10-07 13:54:00,259,kworker/13:1H-kblockd,0.00,0.00
2025-10-07 13:54:00,260,kworker/3:1H-kblockd,0.00,0.00
2025-10-07 13:54:00,261,kworker/9:1H-kblockd,0.00,0.00
2025-10-07 13:54:00,262,kworker/15:1H-kblockd,0.00,0.00
2025-10-07 13:54:00,263,kworker/5:1H-kblockd,0.00,0.00
2025-10-07 13:54:00,264,kworker/14:1H-kblockd,0.00,0.00
2025-10-07 13:54:00,265,kworker/7:1H-kblockd,0.00,0.00
2025-10-07 13:54:00,268,kworker/11:1H-kblockd,0.00,0.00
2025-10-07 13:54:00,308,irq/50-PNP0C50:0b,0.00,0.00
2025-10-07 13:54:00,314,kworker/R-nvme-wq,0.00,0.00
2025-10-07 13:54:00,315,kworker/R-nvme-reset-wq,0.00,0.00
2025-10-07 13:54:00,316,kworker/R-nvme-delete-wq,0.00,0.00
2025-10-07 13:54:00,317,kworker/R-nvme-auth-wq,0.00,0.00
2025-10-07 13:54:00,319,kworker/13:2-events,0.00,0.00
2025-10-07 13:54:00,373,jbd2/nvme0n1p2-8,0.00,0.00
2025-10-07 13:54:00,374,kworker/R-ext4-rsv-conversion,0.00,0.00
2025-10-07 13:54:00,425,systemd-journald,0.00,18.52
2025-10-07 13:54:00,461,systemd-udevd,0.00,8.51
2025-10-07 13:54:00,512,psimon,0.00,0.00
2025-10-07 13:54:00,588,kworker/12:2-mm_percpu_wq,0.00,0.00
2025-10-07 13:54:00,647,kworker/R-cfg80211,0.00,0.00
2025-10-07 13:54:00,648,kworker/R-cryptd,0.00,0.00
2025-10-07 13:54:00,697,irq/69-rtw89_pci,1.80,0.00
2025-10-07 13:54:00,710,kworker/R-amdgpu-reset-dev,0.00,0.00
2025-10-07 13:54:00,807,kworker/R-ttm,0.00,0.00
2025-10-07 13:54:00,847,systemd-oomd,0.10,7.46
2025-10-07 13:54:00,848,systemd-resolved,0.00,13.04
2025-10-07 13:54:00,849,systemd-timesyncd,0.00,7.68
2025-10-07 13:54:00,894,avahi-daemon,0.20,5.22
2025-10-07 13:54:00,895,bluetoothd,0.00,6.47
2025-10-07 13:54:00,896,dbus-daemon,0.00,7.33
2025-10-07 13:54:00,899,gnome-remote-desktop-daemon,0.00,16.39
2025-10-07 13:54:00,902,polkitd,0.00,12.21
2025-10-07 13:54:00,905,power-profiles-daemon,0.00,7.56
2025-10-07 13:54:00,914,snapd,0.00,39.73
2025-10-07 13:54:00,917,accounts-daemon,0.00,7.99
2025-10-07 13:54:00,920,cron,0.00,2.79
2025-10-07 13:54:00,923,switcheroo-control,0.00,6.84
2025-10-07 13:54:00,926,systemd-logind,0.00,9.04
2025-10-07 13:54:00,928,udisksd,0.00,13.92
2025-10-07 13:54:00,949,avahi-daemon,0.00,1.51
2025-10-07 13:54:00,951,NetworkManager,0.10,19.79
2025-10-07 13:54:00,959,wpa_supplicant,0.00,12.00
2025-10-07 13:54:00,977,kworker/11:2-events,0.00,0.00
2025-10-07 13:54:00,1009,rsyslogd,0.00,5.94
2025-10-07 13:54:00,1066,ModemManager,0.00,12.69
2025-10-07 13:54:00,1150,kworker/R-amdgpu_dm_hpd_rx_offload_wq,0.00,0.00
2025-10-07 13:54:00,1151,kworker/R-amdgpu_dm_hpd_rx_offload_wq,0.00,0.00
2025-10-07 13:54:00,1152,kworker/R-amdgpu_dm_hpd_rx_offload_wq,0.00,0.00
2025-10-07 13:54:00,1153,kworker/R-dm_vblank_control_workqueue,0.00,0.00
2025-10-07 13:54:00,1156,card1-crtc0,0.00,0.00
2025-10-07 13:54:00,1157,card1-crtc1,0.00,0.00
2025-10-07 13:54:00,1158,card1-crtc2,0.00,0.00
2025-10-07 13:54:00,1159,card1-crtc3,0.00,0.00
2025-10-07 13:54:00,1160,kworker/R-gfx,0.00,0.00
2025-10-07 13:54:00,1161,kworker/R-comp_1.0.0,0.00,0.00
2025-10-07 13:54:00,1162,kworker/R-comp_1.1.0,0.00,0.00
2025-10-07 13:54:00,1163,kworker/R-comp_1.2.0,0.00,0.00
2025-10-07 13:54:00,1164,kworker/R-comp_1.3.0,0.00,0.00
2025-10-07 13:54:00,1165,kworker/R-comp_1.0.1,0.00,0.00
2025-10-07 13:54:00,1166,kworker/R-comp_1.1.1,0.00,0.00
2025-10-07 13:54:00,1167,kworker/R-comp_1.2.1,0.00,0.00
2025-10-07 13:54:00,1168,kworker/R-comp_1.3.1,0.00,0.00
2025-10-07 13:54:00,1169,kworker/R-sdma0,0.00,0.00
2025-10-07 13:54:00,1170,kworker/R-vcn_dec,0.00,0.00
2025-10-07 13:54:00,1171,kworker/R-vcn_enc0,0.00,0.00
2025-10-07 13:54:00,1172,kworker/R-vcn_enc1,0.00,0.00
2025-10-07 13:54:00,1173,kworker/R-jpeg_dec,0.00,0.00
2025-10-07 13:54:00,1345,cupsd,0.00,11.75
2025-10-07 13:54:00,1353,unattended-upgr,0.00,22.52
2025-10-07 13:54:00,1368,dbus,0.00,6.74
2025-10-07 13:54:00,1376,gdm3,0.00,9.23
2025-10-07 13:54:00,1385,mysqld,1.20,389.47
2025-10-07 13:54:00,1392,psimon,0.00,0.00
2025-10-07 13:54:00,1399,kworker/14:3-events,0.00,0.00
2025-10-07 13:54:00,1494,rtkit-daemon,0.00,3.44
2025-10-07 13:54:00,1558,kworker/7:2-events,0.00,0.00
2025-10-07 13:54:00,1589,krfcommd,0.00,0.00
2025-10-07 13:54:00,1687,colord,0.00,14.56
2025-10-07 13:54:00,1799,upowerd,0.00,9.72
2025-10-07 13:54:00,2127,cups-browsed,0.00,19.58
2025-10-07 13:54:00,2129,kerneloops,0.00,2.31
2025-10-07 13:54:00,2132,kerneloops,0.00,2.29
2025-10-07 13:54:00,2152,gdm-session-worker,0.00,10.95
2025-10-07 13:54:00,2169,systemd,0.00,12.61
2025-10-07 13:54:00,2172,(sd-pam),0.00,3.57
2025-10-07 13:54:00,2184,pipewire,0.00,15.76
2025-10-07 13:54:00,2185,pipewire,0.00,5.67
2025-10-07 13:54:00,2188,wireplumber,0.00,18.71
2025-10-07 13:54:00,2190,pipewire-pulse,0.00,18.13
2025-10-07 13:54:00,2192,gnome-keyring-daemon,0.00,10.11
2025-10-07 13:54:00,2202,dbus-daemon,0.00,6.56
2025-10-07 13:54:00,2256,xdg-document-portal,0.00,7.48
2025-10-07 13:54:00,2260,xdg-permission-store,0.00,6.12
2025-10-07 13:54:00,2267,fusermount3,0.00,2.01
2025-10-07 13:54:00,2289,gdm-wayland-session,0.00,6.18
2025-10-07 13:54:00,2299,gnome-session-binary,0.00,16.20
2025-10-07 13:54:00,2376,gcr-ssh-agent,0.00,6.93
2025-10-07 13:54:00,2377,gnome-session-ctl,0.00,5.66
2025-10-07 13:54:00,2392,gvfsd,0.00,8.07
2025-10-07 13:54:00,2400,gvfsd-fuse,0.00,6.92
2025-10-07 13:54:00,2403,gnome-session-binary,0.00,18.07
2025-10-07 13:54:00,2438,gnome-shell,1.30,334.41
2025-10-07 13:54:00,2440,at-spi-bus-launcher,0.00,7.79
2025-10-07 13:54:00,2451,dbus-daemon,0.00,5.12
2025-10-07 13:54:00,2530,at-spi2-registryd,0.00,7.67
2025-10-07 13:54:00,2555,gnome-shell-calendar-server,0.00,17.62
2025-10-07 13:54:00,2563,evolution-source-registry,0.00,87.43
2025-10-07 13:54:00,2564,dconf-service,0.00,6.10
2025-10-07 13:54:00,2577,gjs,0.00,26.86
2025-10-07 13:54:00,2579,ibus-daemon,0.00,12.14
2025-10-07 13:54:00,2581,gsd-a11y-settings,0.00,6.63
2025-10-07 13:54:00,2585,gsd-color,0.00,19.95
2025-10-07 13:54:00,2586,gsd-datetime,0.00,12.00
2025-10-07 13:54:00,2599,gsd-housekeeping,0.00,7.98
2025-10-07 13:54:00,2601,gsd-keyboard,0.00,19.13
2025-10-07 13:54:00,2602,gsd-media-keys,0.00,24.63
2025-10-07 13:54:00,2607,gsd-power,0.00,25.85
2025-10-07 13:54:00,2611,gsd-print-notifications,0.00,11.48
2025-10-07 13:54:00,2616,gsd-rfkill,0.00,6.77
2025-10-07 13:54:00,2626,gsd-screensaver-proxy,0.00,6.18
2025-10-07 13:54:00,2629,gsd-sharing,0.00,11.77
2025-10-07 13:54:00,2631,gsd-smartcard,0.00,8.14
2025-10-07 13:54:00,2637,gsd-sound,0.00,9.76
2025-10-07 13:54:00,2646,gsd-wacom,0.00,20.26
2025-10-07 13:54:00,2680,gsd-disk-utility-notify,0.00,7.33
2025-10-07 13:54:00,2716,gvfs-udisks2-volume-monitor,0.00,10.33
2025-10-07 13:54:00,2719,evolution-alarm-notify,0.00,107.36
2025-10-07 13:54:00,2724,ibus-memconf,0.00,7.09
2025-10-07 13:54:00,2726,ibus-extension-gtk3,0.00,28.90
2025-10-07 13:54:00,2738,ibus-portal,0.00,7.17
2025-10-07 13:54:00,2815,goa-daemon,0.00,23.61
2025-10-07 13:54:00,2819,gvfs-goa-volume-monitor,0.00,6.50
2025-10-07 13:54:00,2837,goa-identity-service,0.00,9.13
2025-10-07 13:54:00,2843,evolution-calendar-factory,0.00,24.12
2025-10-07 13:54:00,2844,gsd-printer,0.00,14.89
2025-10-07 13:54:00,2857,gvfs-mtp-volume-monitor,0.00,6.70
2025-10-07 13:54:00,2870,gvfs-gphoto2-volume-monitor,0.00,7.00
2025-10-07 13:54:00,2877,gvfs-afc-volume-monitor,0.00,7.73
2025-10-07 13:54:00,2887,evolution-addressbook-factory,0.00,29.40
2025-10-07 13:54:00,2914,ibus-engine-simple,0.00,7.47
2025-10-07 13:54:00,2941,gvfsd-trash,0.00,9.15
2025-10-07 13:54:00,2966,tracker-miner-fs-3,0.00,28.61
2025-10-07 13:54:00,2969,xdg-desktop-portal,0.00,14.50
2025-10-07 13:54:00,2978,xdg-desktop-portal-gnome,0.00,86.33
2025-10-07 13:54:00,3001,gjs,0.00,26.85
2025-10-07 13:54:00,3027,xdg-desktop-portal-gtk,0.00,25.89
2025-10-07 13:54:00,3100,gvfsd-metadata,0.00,6.52
2025-10-07 13:54:00,3113,snapd-desktop-integration,0.00,11.69
2025-10-07 13:54:00,3179,snapd-desktop-integration,0.00,30.21
2025-10-07 13:54:00,3211,chrome,0.00,425.09
2025-10-07 13:54:00,3217,cat,0.00,1.85
2025-10-07 13:54:00,3218,cat,0.00,1.85
2025-10-07 13:54:00,3220,chrome_crashpad_handler,0.00,4.09
2025-10-07 13:54:00,3222,chrome_crashpad_handler,0.00,3.32
2025-10-07 13:54:00,3228,chrome,0.00,108.12
2025-10-07 13:54:00,3229,chrome,0.00,109.58
2025-10-07 13:54:00,3231,chrome,0.00,25.02
2025-10-07 13:54:00,3273,chrome,0.00,281.52
2025-10-07 13:54:00,3276,chrome,0.20,186.87
2025-10-07 13:54:00,3286,chrome,0.00,66.57
2025-10-07 13:54:00,3362,chrome,0.00,134.95
2025-10-07 13:54:00,3446,chrome,0.00,189.97
2025-10-07 13:54:00,3576,update-notifier,0.00,32.60
2025-10-07 13:54:00,3739,chrome,0.00,169.65
2025-10-07 13:54:00,3747,chrome,0.00,185.59
2025-10-07 13:54:00,3826,kworker/5:0-events,0.00,0.00
2025-10-07 13:54:00,3878,chrome,0.00,560.02
2025-10-07 13:54:00,3973,chrome,0.00,155.57
2025-10-07 13:54:00,3984,chrome,0.00,174.69
2025-10-07 13:54:00,4111,kworker/15:3-cgroup_destroy,0.00,0.00
2025-10-07 13:54:00,4161,chrome,0.00,268.18
2025-10-07 13:54:00,4229,kworker/3:0-events,0.00,0.00
2025-10-07 13:54:00,4283,kworker/4:2-mm_percpu_wq,0.00,0.00
2025-10-07 13:54:00,4328,kworker/6:1-events,0.00,0.00
2025-10-07 13:54:00,4358,chrome,0.00,152.70
2025-10-07 13:54:00,4428,chrome,0.00,294.04
2025-10-07 13:54:00,4515,chrome,0.00,322.98
2025-10-07 13:54:00,4557,chrome,0.00,85.26
2025-10-07 13:54:00,4567,kworker/12:1-events,0.00,0.00
2025-10-07 13:54:00,4573,kworker/9:2-events,0.00,0.00
2025-10-07 13:54:00,4586,kworker/u64:0-dm_vblank_control_workqueue,0.20,0.00
2025-10-07 13:54:00,4645,kworker/3:2-events,0.00,0.00
2025-10-07 13:54:00,4774,kworker/8:3-mm_percpu_wq,0.00,0.00
2025-10-07 13:54:00,4943,kworker/15:2-mm_percpu_wq,0.10,0.00
2025-10-07 13:54:00,5028,kworker/0:0-events,0.00,0.00
2025-10-07 13:54:00,5074,kworker/u65:5-events_unbound,0.00,0.00
2025-10-07 13:54:00,5082,kworker/u65:15-kvfree_rcu_reclaim,0.00,0.00
2025-10-07 13:54:00,5085,kworker/u65:18-kvfree_rcu_reclaim,0.00,0.00
2025-10-07 13:54:00,5088,kworker/2:0-cgwb_release,0.00,0.00
2025-10-07 13:54:00,5110,kworker/u65:27-flush-259:0,0.00,0.00
2025-10-07 13:54:00,5114,kworker/u67:2-hci0,0.00,0.00
2025-10-07 13:54:00,5208,kworker/1:3-events,0.00,0.00
2025-10-07 13:54:00,5321,kworker/u68:0-ttm,0.00,0.00
2025-10-07 13:54:00,5463,kworker/10:3-mm_percpu_wq,0.00,0.00
2025-10-07 13:54:00,5558,kworker/u66:0-kvfree_rcu_reclaim,0.00,0.00
2025-10-07 13:54:00,5559,kworker/u69:0-ttm,0.00,0.00
2025-10-07 13:54:00,5650,kworker/u69:1-ttm,0.00,0.00
2025-10-07 13:54:00,5687,gjs,0.00,65.67
2025-10-07 13:54:00,5731,kworker/u66:3-iou_exit,0.00,0.00
2025-10-07 13:54:00,5738,kworker/4:3-cgroup_destroy,0.00,0.00
2025-10-07 13:54:00,5741,kworker/u69:2-ttm,0.00,0.00
2025-10-07 13:54:00,5742,kworker/u69:3-ttm,0.00,0.00
2025-10-07 13:54:00,5743,kworker/u69:4-ttm,0.00,0.00
2025-10-07 13:54:00,5744,kworker/u69:5-ttm,0.00,0.00
2025-10-07 13:54:00,5752,kworker/8:2,0.00,0.00
2025-10-07 13:54:00,5755,kworker/u64:2-gfx,0.00,0.00
2025-10-07 13:54:00,5758,kworker/u68:1-ttm,0.00,0.00
2025-10-07 13:54:00,5766,kworker/u68:3-ttm,0.00,0.00
2025-10-07 13:54:00,5767,kworker/u68:4-rtw89_tx_wq,0.00,0.00
2025-10-07 13:54:00,5768,kworker/u68:5-ttm,0.00,0.00
2025-10-07 13:54:00,5769,kworker/u68:6-ttm,0.00,0.00
2025-10-07 13:54:00,5770,kworker/u68:8-ttm,0.00,0.00
2025-10-07 13:54:00,5771,kworker/u68:10-ttm,0.00,0.00
2025-10-07 13:54:00,5773,kworker/u69:6-ttm,0.00,0.00
2025-10-07 13:54:00,5774,kworker/u69:7-ttm,0.00,0.00
2025-10-07 13:54:00,5775,kworker/u69:8-ttm,0.00,0.00
2025-10-07 13:54:00,5776,kworker/u69:9-ttm,0.00,0.00
2025-10-07 13:54:00,5808,Xwayland,0.50,124.49
2025-10-07 13:54:00,5827,gsd-xsettings,0.00,86.07
2025-10-07 13:54:00,5857,ibus-x11,0.00,23.84
2025-10-07 13:54:00,5863,mutter-x11-frames,0.00,90.64
2025-10-07 13:54:00,5943,kworker/u69:10-ttm,0.00,0.00
2025-10-07 13:54:00,5944,kworker/u69:11-ttm,0.00,0.00
2025-10-07 13:54:00,5945,kworker/u69:12-ttm,0.00,0.00
2025-10-07 13:54:00,5946,kworker/u69:13-ttm,0.00,0.00
2025-10-07 13:54:00,5987,kworker/u66:4-kvfree_rcu_reclaim,0.00,0.00
2025-10-07 13:54:00,6214,gnome-terminal-server,0.00,51.39
2025-10-07 13:54:00,6221,bash,0.00,5.60
2025-10-07 13:54:00,6230,kworker/u66:5-events_unbound,0.10,0.00
2025-10-07 13:54:00,6231,kworker/u66:6-flush-259:0,0.00,0.00
2025-10-07 13:54:00,6233,kworker/u65:0-events_power_efficient,0.00,0.00
2025-10-07 13:54:00,6235,kworker/u69:14-ttm,0.00,0.00
2025-10-07 13:54:00,6236,kworker/u69:15-ttm,0.00,0.00
2025-10-07 13:54:00,6262,kworker/9:0-events,0.00,0.00
2025-10-07 13:54:00,6266,kworker/0:2,0.00,0.00
2025-10-07 13:54:00,6292,code,0.10,243.31
2025-10-07 13:54:00,6295,code,0.00,96.03
2025-10-07 13:54:00,6296,code,0.00,95.51
2025-10-07 13:54:00,6298,code,0.00,19.71
2025-10-07 13:54:00,6317,chrome_crashpad_handler,0.00,3.26
2025-10-07 13:54:00,6336,code,1.50,163.02
2025-10-07 13:54:00,6339,code,0.00,117.41
2025-10-07 13:54:00,6392,code,2.10,315.89
2025-10-07 13:54:00,6409,code,0.60,152.48
2025-10-07 13:54:00,6414,code,1.00,264.39
2025-10-07 13:54:00,6422,code,0.00,156.38
2025-10-07 13:54:00,6431,code,0.20,154.04
2025-10-07 13:54:00,6484,bash,0.00,5.25
2025-10-07 13:54:00,6505,bash,0.00,5.47
2025-10-07 13:54:00,6548,pet,0.00,3.39
2025-10-07 13:54:00,6679,bash,0.00,5.34
2025-10-07 13:54:00,6710,code,0.00,384.86
2025-10-07 13:54:00,6848,kworker/4:0,0.00,0.00
2025-10-07 13:54:00,6850,kworker/u64:1-sdma0,0.10,0.00
2025-10-07 13:54:00,7066,python,0.40,71.52
2025-10-07 13:54:10,1,systemd,0.00,13.88
2025-10-07 13:54:10,2,kthreadd,0.00,0.00
2025-10-07 13:54:10,3,pool_workqueue_release,0.00,0.00
2025-10-07 13:54:10,4,kworker/R-rcu_gp,0.00,0.00
2025-10-07 13:54:10,5,kworker/R-sync_wq,0.00,0.00
2025-10-07 13:54:10,6,kworker/R-kvfree_rcu_reclaim,0.00,0.00
2025-10-07 13:54:10,7,kworker/R-slub_flushwq,0.00,0.00
2025-10-07 13:54:10,8,kworker/R-netns,0.00,0.00
2025-10-07 13:54:10,10,kworker/0:1-events,0.00,0.00
2025-10-07 13:54:10,11,kworker/0:0H-events_highpri,0.00,0.00
2025-10-07 13:54:10,13,kworker/R-mm_percpu_wq,0.00,0.00
2025-10-07 13:54:10,14,rcu_tasks_kthread,0.00,0.00
2025-10-07 13:54:10,15,rcu_tasks_rude_kthread,0.00,0.00
2025-10-07 13:54:10,16,rcu_tasks_trace_kthread,0.00,0.00
2025-10-07 13:54:10,17,ksoftirqd/0,0.00,0.00
2025-10-07 13:54:10,18,rcu_preempt,0.10,0.00
2025-10-07 13:54:10,19,rcu_exp_par_gp_kthread_worker/0,0.00,0.00
2025-10-07 13:54:10,20,rcu_exp_gp_kthread_worker,0.00,0.00
2025-10-07 13:54:10,21,migration/0,0.00,0.00
2025-10-07 13:54:10,22,idle_inject/0,0.00,0.00
2025-10-07 13:54:10,23,cpuhp/0,0.00,0.00
2025-10-07 13:54:10,24,cpuhp/2,0.00,0.00
2025-10-07 13:54:10,25,idle_inject/2,0.00,0.00
2025-10-07 13:54:10,26,migration/2,0.00,0.00
2025-10-07 13:54:10,27,ksoftirqd/2,0.00,0.00
2025-10-07 13:54:10,29,kworker/2:0H-events_highpri,0.00,0.00
2025-10-07 13:54:10,30,cpuhp/4,0.00,0.00
2025-10-07 13:54:10,31,idle_inject/4,0.00,0.00
2025-10-07 13:54:10,32,migration/4,0.00,0.00
2025-10-07 13:54:10,33,ksoftirqd/4,0.00,0.00
2025-10-07 13:54:10,35,kworker/4:0H-events_highpri,0.00,0.00
2025-10-07 13:54:10,36,cpuhp/6,0.00,0.00
2025-10-07 13:54:10,37,idle_inject/6,0.00,0.00
2025-10-07 13:54:10,38,migration/6,0.00,0.00
2025-10-07 13:54:10,39,ksoftirqd/6,0.00,0.00
2025-10-07 13:54:10,40,kworker/6:0-events,0.00,0.00
2025-10-07 13:54:10,41,kworker/6:0H-events_highpri,0.00,0.00
2025-10-07 13:54:10,42,cpuhp/8,0.00,0.00
2025-10-07 13:54:10,43,idle_inject/8,0.00,0.00
2025-10-07 13:54:10,44,migration/8,0.00,0.00
2025-10-07 13:54:10,45,ksoftirqd/8,0.00,0.00
2025-10-07 13:54:10,47,kworker/8:0H-events_highpri,0.00,0.00
2025-10-07 13:54:10,48,cpuhp/10,0.00,0.00
2025-10-07 13:54:10,49,idle_inject/10,0.00,0.00
2025-10-07 13:54:10,50,migration/10,0.00,0.00
2025-10-07 13:54:10,51,ksoftirqd/10,0.00,0.00
2025-10-07 13:54:10,53,kworker/10:0H-events_highpri,0.00,0.00
2025-10-07 13:54:10,54,cpuhp/12,0.00,0.00
2025-10-07 13:54:10,55,idle_inject/12,0.00,0.00
2025-10-07 13:54:10,56,migration/12,0.00,0.00
2025-10-07 13:54:10,57,ksoftirqd/12,0.00,0.00
2025-10-07 13:54:10,59,kworker/12:0H-events_highpri,0.00,0.00
2025-10-07 13:54:10,60,cpuhp/14,0.00,0.00
2025-10-07 13:54:10,61,idle_inject/14,0.00,0.00
2025-10-07 13:54:10,62,migration/14,0.00,0.00
2025-10-07 13:54:10,63,ksoftirqd/14,0.00,0.00
2025-10-07 13:54:10,64,kworker/14:0-mm_percpu_wq,0.00,0.00
2025-10-07 13:54:10,65,kworker/14:0H-events_highpri,0.00,0.00
2025-10-07 13:54:10,66,cpuhp/1,0.00,0.00
2025-10-07 13:54:10,67,idle_inject/1,0.00,0.00
2025-10-07 13:54:10,68,migration/1,0.00,0.00
2025-10-07 13:54:10,69,ksoftirqd/1,0.00,0.00
2025-10-07 13:54:10,71,kworker/1:0H-events_highpri,0.00,0.00
2025-10-07 13:54:10,72,cpuhp/3,0.00,0.00
2025-10-07 13:54:10,73,idle_inject/3,0.00,0.00
2025-10-07 13:54:10,74,migration/3,0.00,0.00
2025-10-07 13:54:10,75,ksoftirqd/3,0.00,0.00
2025-10-07 13:54:10,77,kworker/3:0H-events_highpri,0.00,0.00
2025-10-07 13:54:10,78,cpuhp/5,0.00,0.00
2025-10-07 13:54:10,79,idle_inject/5,0.00,0.00
2025-10-07 13:54:10,80,migration/5,0.00,0.00
2025-10-07 13:54:10,81,ksoftirqd/5,0.00,0.00
2025-10-07 13:54:10,83,kworker/5:0H-events_highpri,0.00,0.00
2025-10-07 13:54:10,84,cpuhp/7,0.00,0.00
2025-10-07 13:54:10,85,idle_inject/7,0.00,0.00
2025-10-07 13:54:10,86,migration/7,0.00,0.00
2025-10-07 13:54:10,87,ksoftirqd/7,0.00,0.00
2025-10-07 13:54:10,89,kworker/7:0H-events_highpri,0.00,0.00
2025-10-07 13:54:10,90,cpuhp/9,0.00,0.00
2025-10-07 13:54:10,91,idle_inject/9,0.00,0.00
2025-10-07 13:54:10,92,migration/9,0.00,0.00
2025-10-07 13:54:10,93,ksoftirqd/9,0.00,0.00
2025-10-07 13:54:10,95,kworker/9:0H-events_highpri,0.00,0.00
2025-10-07 13:54:10,96,cpuhp/11,0.00,0.00
2025-10-07 13:54:10,97,idle_inject/11,0.00,0.00
2025-10-07 13:54:10,98,migration/11,0.00,0.00
2025-10-07 13:54:10,99,ksoftirqd/11,0.00,0.00
2025-10-07 13:54:10,101,kworker/11:0H-events_highpri,0.00,0.00
2025-10-07 13:54:10,102,cpuhp/13,0.00,0.00
2025-10-07 13:54:10,103,idle_inject/13,0.00,0.00
2025-10-07 13:54:10,104,migration/13,0.00,0.00
2025-10-07 13:54:10,105,ksoftirqd/13,0.00,0.00
2025-10-07 13:54:10,107,kworker/13:0H-events_highpri,0.00,0.00
2025-10-07 13:54:10,108,cpuhp/15,0.00,0.00
2025-10-07 13:54:10,109,idle_inject/15,0.00,0.00
2025-10-07 13:54:10,110,migration/15,0.00,0.00
2025-10-07 13:54:10,111,ksoftirqd/15,0.00,0.00
2025-10-07 13:54:10,113,kworker/15:0H-events_highpri,0.00,0.00
2025-10-07 13:54:10,116,kdevtmpfs,0.00,0.00
2025-10-07 13:54:10,117,kworker/R-inet_frag_wq,0.00,0.00
2025-10-07 13:54:10,118,kauditd,0.00,0.00
2025-10-07 13:54:10,119,khungtaskd,0.00,0.00
2025-10-07 13:54:10,120,oom_reaper,0.00,0.00
2025-10-07 13:54:10,123,kworker/R-writeback,0.00,0.00
2025-10-07 13:54:10,124,kcompactd0,0.00,0.00
2025-10-07 13:54:10,125,ksmd,0.00,0.00
2025-10-07 13:54:10,126,khugepaged,0.00,0.00
2025-10-07 13:54:10,127,kworker/R-kintegrityd,0.00,0.00
2025-10-07 13:54:10,128,kworker/R-kblockd,0.00,0.00
2025-10-07 13:54:10,129,kworker/R-blkcg_punt_bio,0.00,0.00
2025-10-07 13:54:10,130,irq/9-acpi,0.00,0.00
2025-10-07 13:54:10,131,kworker/10:1-events,0.00,0.00
2025-10-07 13:54:10,133,kworker/1:1-events,0.00,0.00
2025-10-07 13:54:10,134,kworker/R-tpm_dev_wq,0.00,0.00
2025-10-07 13:54:10,135,kworker/R-ata_sff,0.00,0.00
2025-10-07 13:54:10,137,kworker/R-md,0.00,0.00
2025-10-07 13:54:10,138,kworker/R-md_bitmap,0.00,0.00
2025-10-07 13:54:10,139,kworker/R-edac-poller,0.00,0.00
2025-10-07 13:54:10,141,kworker/R-devfreq_wq,0.00,0.00
2025-10-07 13:54:10,142,watchdogd,0.00,0.00
2025-10-07 13:54:10,143,kworker/8:1H-kblockd,0.00,0.00
2025-10-07 13:54:10,145,irq/25-AMD-Vi0-Evt,0.00,0.00
2025-10-07 13:54:10,146,irq/26-AMD-Vi0-PPR,0.00,0.00
2025-10-07 13:54:10,147,irq/27-AMD-Vi0-GA,0.00,0.00
2025-10-07 13:54:10,148,kswapd0,0.00,0.00
2025-10-07 13:54:10,149,ecryptfs-kthread,0.00,0.00
2025-10-07 13:54:10,150,kworker/R-kthrotld,0.00,0.00
2025-10-07 13:54:10,151,kworker/u67:0-hci0,0.00,0.00
2025-10-07 13:54:10,152,kworker/R-acpi_thermal_pm,0.00,0.00
2025-10-07 13:54:10,154,kworker/2:1-events_freezable,0.00,0.00
2025-10-07 13:54:10,155,kworker/R-mld,0.00,0.00
2025-10-07 13:54:10,156,kworker/R-ipv6_addrconf,0.00,0.00
2025-10-07 13:54:10,157,kworker/2:1H-kblockd,0.00,0.00
2025-10-07 13:54:10,164,kworker/R-kstrp,0.00,0.00
2025-10-07 13:54:10,167,kworker/7:1-mm_percpu_wq,0.00,0.00
2025-10-07 13:54:10,168,kworker/9:1-events,0.00,0.00
2025-10-07 13:54:10,169,kworker/13:1-events,0.00,0.00
2025-10-07 13:54:10,170,kworker/5:1-events,0.00,0.00
2025-10-07 13:54:10,171,kworker/11:1-events,0.00,0.00
2025-10-07 13:54:10,189,kworker/R-charger_manager,0.00,0.00
2025-10-07 13:54:10,190,kworker/0:1H-kblockd,0.00,0.00
2025-10-07 13:54:10,217,kworker/4:1H-kblockd,0.00,0.00
2025-10-07 13:54:10,221,kworker/12:1H-kblockd,0.00,0.00
2025-10-07 13:54:10,239,kworker/6:1H-kblockd,0.00,0.00
2025-10-07 13:54:10,257,kworker/1:1H-kblockd,0.00,0.00
2025-10-07 13:54:10,258,kworker/10:1H-kblockd,0.00,0.00
2025-10-07 13:54:10,259,kworker/13:1H-kblockd,0.00,0.00
2025-10-07 13:54:10,260,kworker/3:1H-kblockd,0.00,0.00
2025-10-07 13:54:10,261,kworker/9:1H-kblockd,0.00,0.00
2025-10-07 13:54:10,262,kworker/15:1H-kblockd,0.00,0.00
2025-10-07 13:54:10,263,kworker/5:1H-kblockd,0.00,0.00
2025-10-07 13:54:10,264,kworker/14:1H-kblockd,0.00,0.00
2025-10-07 13:54:10,265,kworker/7:1H-kblockd,0.00,0.00
2025-10-07 13:54:10,268,kworker/11:1H-kblockd,0.00,0.00
2025-10-07 13:54:10,308,irq/50-PNP0C50:0b,0.00,0.00
2025-10-07 13:54:10,314,kworker/R-nvme-wq,0.00,0.00
2025-10-07 13:54:10,315,kworker/R-nvme-reset-wq,0.00,0.00
2025-10-07 13:54:10,316,kworker/R-nvme-delete-wq,0.00,0.00
2025-10-07 13:54:10,317,kworker/R-nvme-auth-wq,0.00,0.00
2025-10-07 13:54:10,319,kworker/13:2-events,0.00,0.00
2025-10-07 13:54:10,373,jbd2/nvme0n1p2-8,0.00,0.00
2025-10-07 13:54:10,374,kworker/R-ext4-rsv-conversion,0.00,0.00
2025-10-07 13:54:10,425,systemd-journald,0.00,18.52
2025-10-07 13:54:10,461,systemd-udevd,0.00,8.51
2025-10-07 13:54:10,512,psimon,0.00,0.00
2025-10-07 13:54:10,588,kworker/12:2-events,0.00,0.00
2025-10-07 13:54:10,647,kworker/R-cfg80211,0.00,0.00
2025-10-07 13:54:10,648,kworker/R-cryptd,0.00,0.00
2025-10-07 13:54:10,697,irq/69-rtw89_pci,1.30,0.00
2025-10-07 13:54:10,710,kworker/R-amdgpu-reset-dev,0.00,0.00
2025-10-07 13:54:10,807,kworker/R-ttm,0.00,0.00
2025-10-07 13:54:10,847,systemd-oomd,0.10,7.46
2025-10-07 13:54:10,848,systemd-resolved,0.00,13.04
2025-10-07 13:54:10,849,systemd-timesyncd,0.00,7.68
2025-10-07 13:54:10,894,avahi-daemon,0.10,5.22
2025-10-07 13:54:10,895,bluetoothd,0.00,6.47
2025-10-07 13:54:10,896,dbus-daemon,0.00,7.33
2025-10-07 13:54:10,899,gnome-remote-desktop-daemon,0.00,16.39
2025-10-07 13:54:10,902,polkitd,0.00,12.21
2025-10-07 13:54:10,905,power-profiles-daemon,0.00,7.56
2025-10-07 13:54:10,914,snapd,0.00,39.73
2025-10-07 13:54:10,917,accounts-daemon,0.00,7.99
2025-10-07 13:54:10,920,cron,0.00,2.79
2025-10-07 13:54:10,923,switcheroo-control,0.00,6.84
2025-10-07 13:54:10,926,systemd-logind,0.00,9.04
2025-10-07 13:54:10,928,udisksd,0.00,13.92
2025-10-07 13:54:10,949,avahi-daemon,0.00,1.51
2025-10-07 13:54:10,951,NetworkManager,0.10,19.79
2025-10-07 13:54:10,959,wpa_supplicant,0.00,12.00
2025-10-07 13:54:10,977,kworker/11:2-mm_percpu_wq,0.00,0.00
2025-10-07 13:54:10,1009,rsyslogd,0.00,5.94
2025-10-07 13:54:10,1066,ModemManager,0.00,12.69
2025-10-07 13:54:10,1150,kworker/R-amdgpu_dm_hpd_rx_offload_wq,0.00,0.00
2025-10-07 13:54:10,1151,kworker/R-amdgpu_dm_hpd_rx_offload_wq,0.00,0.00
2025-10-07 13:54:10,1152,kworker/R-amdgpu_dm_hpd_rx_offload_wq,0.00,0.00
2025-10-07 13:54:10,1153,kworker/R-dm_vblank_control_workqueue,0.00,0.00
2025-10-07 13:54:10,1156,card1-crtc0,0.00,0.00
2025-10-07 13:54:10,1157,card1-crtc1,0.00,0.00
2025-10-07 13:54:10,1158,card1-crtc2,0.00,0.00
2025-10-07 13:54:10,1159,card1-crtc3,0.00,0.00
2025-10-07 13:54:10,1160,kworker/R-gfx,0.00,0.00
2025-10-07 13:54:10,1161,kworker/R-comp_1.0.0,0.00,0.00
2025-10-07 13:54:10,1162,kworker/R-comp_1.1.0,0.00,0.00
2025-10-07 13:54:10,1163,kworker/R-comp_1.2.0,0.00,0.00
2025-10-07 13:54:10,1164,kworker/R-comp_1.3.0,0.00,0.00
2025-10-07 13:54:10,1165,kworker/R-comp_1.0.1,0.00,0.00
2025-10-07 13:54:10,1166,kworker/R-comp_1.1.1,0.00,0.00
2025-10-07 13:54:10,1167,kworker/R-comp_1.2.1,0.00,0.00
2025-10-07 13:54:10,1168,kworker/R-comp_1.3.1,0.00,0.00
2025-10-07 13:54:10,1169,kworker/R-sdma0,0.00,0.00
2025-10-07 13:54:10,1170,kworker/R-vcn_dec,0.00,0.00
2025-10-07 13:54:10,1171,kworker/R-vcn_enc0,0.00,0.00
2025-10-07 13:54:10,1172,kworker/R-vcn_enc1,0.00,0.00
2025-10-07 13:54:10,1173,kworker/R-jpeg_dec,0.00,0.00
2025-10-07 13:54:10,1345,cupsd,0.00,11.75
2025-10-07 13:54:10,1353,unattended-upgr,0.00,22.52
2025-10-07 13:54:10,1368,dbus,0.00,6.74
2025-10-07 13:54:10,1376,gdm3,0.00,9.23
2025-10-07 13:54:10,1385,mysqld,1.20,389.47
2025-10-07 13:54:10,1392,psimon,0.00,0.00
2025-10-07 13:54:10,1399,kworker/14:3-events,0.00,0.00
2025-10-07 13:54:10,1494,rtkit-daemon,0.00,3.44
2025-10-07 13:54:10,1558,kworker/7:2-events,0.00,0.00
2025-10-07 13:54:10,1589,krfcommd,0.00,0.00
2025-10-07 13:54:10,1687,colord,0.00,14.56
2025-10-07 13:54:10,1799,upowerd,0.00,9.72
2025-10-07 13:54:10,2127,cups-browsed,0.00,19.58
2025-10-07 13:54:10,2129,kerneloops,0.00,2.31
2025-10-07 13:54:10,2132,kerneloops,0.00,2.29
2025-10-07 13:54:10,2152,gdm-session-worker,0.00,10.95
2025-10-07 13:54:10,2169,systemd,0.00,12.61
2025-10-07 13:54:10,2172,(sd-pam),0.00,3.57
2025-10-07 13:54:10,2184,pipewire,0.00,15.76
2025-10-07 13:54:10,2185,pipewire,0.00,5.67
2025-10-07 13:54:10,2188,wireplumber,0.00,18.71
2025-10-07 13:54:10,2190,pipewire-pulse,0.00,18.13
2025-10-07 13:54:10,2192,gnome-keyring-daemon,0.00,10.11
2025-10-07 13:54:10,2202,dbus-daemon,0.00,6.56
2025-10-07 13:54:10,2256,xdg-document-portal,0.00,7.48
2025-10-07 13:54:10,2260,xdg-permission-store,0.00,6.12
2025-10-07 13:54:10,2267,fusermount3,0.00,2.01
2025-10-07 13:54:10,2289,gdm-wayland-session,0.00,6.18
2025-10-07 13:54:10,2299,gnome-session-binary,0.00,16.20
2025-10-07 13:54:10,2376,gcr-ssh-agent,0.00,6.93
2025-10-07 13:54:10,2377,gnome-session-ctl,0.00,5.66
2025-10-07 13:54:10,2392,gvfsd,0.00,8.07
2025-10-07 13:54:10,2400,gvfsd-fuse,0.00,6.92
2025-10-07 13:54:10,2403,gnome-session-binary,0.00,18.07
2025-10-07 13:54:10,2438,gnome-shell,1.30,334.53
2025-10-07 13:54:10,2440,at-spi-bus-launcher,0.00,7.79
2025-10-07 13:54:10,2451,dbus-daemon,0.00,5.12
2025-10-07 13:54:10,2530,at-spi2-registryd,0.00,7.67
2025-10-07 13:54:10,2555,gnome-shell-calendar-server,0.00,17.62
2025-10-07 13:54:10,2563,evolution-source-registry,0.00,87.43
2025-10-07 13:54:10,2564,dconf-service,0.00,6.10
2025-10-07 13:54:10,2577,gjs,0.00,26.86
2025-10-07 13:54:10,2579,ibus-daemon,0.00,12.14
2025-10-07 13:54:10,2581,gsd-a11y-settings,0.00,6.63
2025-10-07 13:54:10,2585,gsd-color,0.00,19.95
2025-10-07 13:54:10,2586,gsd-datetime,0.00,12.00
2025-10-07 13:54:10,2599,gsd-housekeeping,0.00,7.98
2025-10-07 13:54:10,2601,gsd-keyboard,0.00,19.13
2025-10-07 13:54:10,2602,gsd-media-keys,0.00,24.63
2025-10-07 13:54:10,2607,gsd-power,0.00,25.85
2025-10-07 13:54:10,2611,gsd-print-notifications,0.00,11.48
2025-10-07 13:54:10,2616,gsd-rfkill,0.00,6.77
2025-10-07 13:54:10,2626,gsd-screensaver-proxy,0.00,6.18
2025-10-07 13:54:10,2629,gsd-sharing,0.00,11.77
2025-10-07 13:54:10,2631,gsd-smartcard,0.00,8.14
2025-10-07 13:54:10,2637,gsd-sound,0.00,9.76
2025-10-07 13:54:10,2646,gsd-wacom,0.00,20.26
2025-10-07 13:54:10,2680,gsd-disk-utility-notify,0.00,7.33
2025-10-07 13:54:10,2716,gvfs-udisks2-volume-monitor,0.00,10.33
2025-10-07 13:54:10,2719,evolution-alarm-notify,0.00,107.36
2025-10-07 13:54:10,2724,ibus-memconf,0.00,7.09
2025-10-07 13:54:10,2726,ibus-extension-gtk3,0.00,28.90
2025-10-07 13:54:10,2738,ibus-portal,0.00,7.17
2025-10-07 13:54:10,2815,goa-daemon,0.00,23.61
2025-10-07 13:54:10,2819,gvfs-goa-volume-monitor,0.00,6.50
2025-10-07 13:54:10,2837,goa-identity-service,0.00,9.13
2025-10-07 13:54:10,2843,evolution-calendar-factory,0.00,24.12
2025-10-07 13:54:10,2844,gsd-printer,0.00,14.89
2025-10-07 13:54:10,2857,gvfs-mtp-volume-monitor,0.00,6.70
2025-10-07 13:54:10,2870,gvfs-gphoto2-volume-monitor,0.00,7.00
2025-10-07 13:54:10,2877,gvfs-afc-volume-monitor,0.00,7.73
2025-10-07 13:54:10,2887,evolution-addressbook-factory,0.00,29.40
2025-10-07 13:54:10,2914,ibus-engine-simple,0.00,7.47
2025-10-07 13:54:10,2941,gvfsd-trash,0.00,9.15
2025-10-07 13:54:10,2966,tracker-miner-fs-3,0.00,28.61
2025-10-07 13:54:10,2969,xdg-desktop-portal,0.10,14.50
2025-10-07 13:54:10,2978,xdg-desktop-portal-gnome,0.00,86.33
2025-10-07 13:54:10,3001,gjs,0.00,26.85
2025-10-07 13:54:10,3027,xdg-desktop-portal-gtk,0.00,25.89
2025-10-07 13:54:10,3100,gvfsd-metadata,0.00,6.52
2025-10-07 13:54:10,3113,snapd-desktop-integration,0.00,11.69
2025-10-07 13:54:10,3179,snapd-desktop-integration,0.00,30.21
2025-10-07 13:54:10,3211,chrome,0.20,425.09
2025-10-07 13:54:10,3217,cat,0.00,1.85
2025-10-07 13:54:10,3218,cat,0.00,1.85
2025-10-07 13:54:10,3220,chrome_crashpad_handler,0.00,4.09
2025-10-07 13:54:10,3222,chrome_crashpad_handler,0.00,3.32
2025-10-07 13:54:10,3228,chrome,0.00,108.12
2025-10-07 13:54:10,3229,chrome,0.00,109.58
2025-10-07 13:54:10,3231,chrome,0.00,25.02
2025-10-07 13:54:10,3273,chrome,0.00,281.52
2025-10-07 13:54:10,3276,chrome,0.00,186.87
2025-10-07 13:54:10,3286,chrome,0.00,66.57
2025-10-07 13:54:10,3362,chrome,0.00,134.95
2025-10-07 13:54:10,3446,chrome,0.00,189.97
2025-10-07 13:54:10,3576,update-notifier,0.00,32.60
2025-10-07 13:54:10,3739,chrome,0.00,169.65
2025-10-07 13:54:10,3747,chrome,0.00,185.59
2025-10-07 13:54:10,3826,kworker/5:0-events,0.00,0.00
2025-10-07 13:54:10,3878,chrome,0.10,560.02
2025-10-07 13:54:10,3973,chrome,0.00,155.57
2025-10-07 13:54:10,3984,chrome,0.00,174.69
2025-10-07 13:54:10,4111,kworker/15:3-cgroup_destroy,0.00,0.00
2025-10-07 13:54:10,4161,chrome,0.00,268.18
2025-10-07 13:54:10,4229,kworker/3:0-events,0.00,0.00
2025-10-07 13:54:10,4283,kworker/4:2-events_freezable,0.00,0.00
2025-10-07 13:54:10,4328,kworker/6:1-events,0.00,0.00
2025-10-07 13:54:10,4358,chrome,0.00,152.70
2025-10-07 13:54:10,4428,chrome,0.00,294.04
2025-10-07 13:54:10,4515,chrome,0.00,322.98
2025-10-07 13:54:10,4557,chrome,0.00,85.26
2025-10-07 13:54:10,4567,kworker/12:1-events,0.00,0.00
2025-10-07 13:54:10,4573,kworker/9:2-mm_percpu_wq,0.00,0.00
2025-10-07 13:54:10,4586,kworker/u64:0-phy0,0.30,0.00
2025-10-07 13:54:10,4645,kworker/3:2-events,0.00,0.00
2025-10-07 13:54:10,4774,kworker/8:3-mm_percpu_wq,0.00,0.00
2025-10-07 13:54:10,4943,kworker/15:2-mm_percpu_wq,0.00,0.00
2025-10-07 13:54:10,5028,kworker/0:0-events,0.00,0.00
2025-10-07 13:54:10,5074,kworker/u65:5-events_power_efficient,0.00,0.00
2025-10-07 13:54:10,5085,kworker/u65:18-events_unbound,0.00,0.00
2025-10-07 13:54:10,5088,kworker/2:0-cgwb_release,0.00,0.00
2025-10-07 13:54:10,5110,kworker/u65:27-kvfree_rcu_reclaim,0.00,0.00
2025-10-07 13:54:10,5114,kworker/u67:2-hci0,0.00,0.00
2025-10-07 13:54:10,5208,kworker/1:3-events,0.00,0.00
2025-10-07 13:54:10,5321,kworker/u68:0-ttm,0.00,0.00
2025-10-07 13:54:10,5463,kworker/10:3-events,0.00,0.00
2025-10-07 13:54:10,5558,kworker/u66:0-events_power_efficient,0.00,0.00
2025-10-07 13:54:10,5559,kworker/u69:0-ttm,0.00,0.00
2025-10-07 13:54:10,5650,kworker/u69:1-ttm,0.00,0.00
2025-10-07 13:54:10,5687,gjs,0.00,65.67
2025-10-07 13:54:10,5731,kworker/u66:3-iou_exit,0.00,0.00
2025-10-07 13:54:10,5738,kworker/4:3-cgroup_destroy,0.00,0.00
2025-10-07 13:54:10,5741,kworker/u69:2-ttm,0.00,0.00
2025-10-07 13:54:10,5742,kworker/u69:3-ttm,0.00,0.00
2025-10-07 13:54:10,5743,kworker/u69:4-ttm,0.00,0.00
2025-10-07 13:54:10,5744,kworker/u69:5-rtw89_tx_wq,0.00,0.00
2025-10-07 13:54:10,5752,kworker/8:2,0.00,0.00
2025-10-07 13:54:10,5755,kworker/u64:2-gfx,0.00,0.00
2025-10-07 13:54:10,5758,kworker/u68:1-ttm,0.00,0.00
2025-10-07 13:54:10,5766,kworker/u68:3-ttm,0.00,0.00
2025-10-07 13:54:10,5767,kworker/u68:4-rtw89_tx_wq,0.00,0.00
2025-10-07 13:54:10,5768,kworker/u68:5-ttm,0.00,0.00
2025-10-07 13:54:10,5769,kworker/u68:6-ttm,0.00,0.00
2025-10-07 13:54:10,5770,kworker/u68:8-ttm,0.00,0.00
2025-10-07 13:54:10,5771,kworker/u68:10-ttm,0.00,0.00
2025-10-07 13:54:10,5773,kworker/u69:6-ttm,0.00,0.00
2025-10-07 13:54:10,5774,kworker/u69:7-ttm,0.00,0.00
2025-10-07 13:54:10,5775,kworker/u69:8-ttm,0.00,0.00
2025-10-07 13:54:10,5776,kworker/u69:9-ttm,0.00,0.00
2025-10-07 13:54:10,5808,Xwayland,0.60,124.49
2025-10-07 13:54:10,5827,gsd-xsettings,0.00,86.07
2025-10-07 13:54:10,5857,ibus-x11,0.00,23.84
2025-10-07 13:54:10,5863,mutter-x11-frames,0.00,90.64
2025-10-07 13:54:10,5943,kworker/u69:10-ttm,0.00,0.00
2025-10-07 13:54:10,5944,kworker/u69:11-ttm,0.00,0.00
2025-10-07 13:54:10,5945,kworker/u69:12-ttm,0.00,0.00
2025-10-07 13:54:10,5946,kworker/u69:13-ttm,0.00,0.00
2025-10-07 13:54:10,5987,kworker/u66:4-kvfree_rcu_reclaim,0.00,0.00
2025-10-07 13:54:10,6214,gnome-terminal-server,0.00,51.39
2025-10-07 13:54:10,6221,bash,0.00,5.60
2025-10-07 13:54:10,6230,kworker/u66:5-kvfree_rcu_reclaim,0.10,0.00
2025-10-07 13:54:10,6231,kworker/u66:6-flush-259:0,0.00,0.00
2025-10-07 13:54:10,6233,kworker/u65:0-events_power_efficient,0.00,0.00
2025-10-07 13:54:10,6235,kworker/u69:14-rtw89_tx_wq,0.00,0.00
2025-10-07 13:54:10,6236,kworker/u69:15-ttm,0.00,0.00
2025-10-07 13:54:10,6262,kworker/9:0-events,0.00,0.00
2025-10-07 13:54:10,6266,kworker/0:2,0.00,0.00
2025-10-07 13:54:10,6292,code,0.10,243.31
2025-10-07 13:54:10,6295,code,0.00,96.03
2025-10-07 13:54:10,6296,code,0.00,95.51
2025-10-07 13:54:10,6298,code,0.00,19.71
2025-10-07 13:54:10,6317,chrome_crashpad_handler,0.00,3.26
2025-10-07 13:54:10,6336,code,1.50,162.80
2025-10-07 13:54:10,6339,code,0.00,117.41
2025-10-07 13:54:10,6392,code,4.70,313.00
2025-10-07 13:54:10,6409,code,0.50,152.48
2025-10-07 13:54:10,6414,code,1.00,265.17
2025-10-07 13:54:10,6422,code,0.10,156.51
2025-10-07 13:54:10,6431,code,0.20,153.91
2025-10-07 13:54:10,6484,bash,0.00,5.25
2025-10-07 13:54:10,6505,bash,0.00,5.47
2025-10-07 13:54:10,6548,pet,0.00,3.39
2025-10-07 13:54:10,6679,bash,0.00,5.34
2025-10-07 13:54:10,6710,code,0.10,384.86
2025-10-07 13:54:10,6848,kworker/4:0,0.00,0.00
2025-10-07 13:54:10,6850,kworker/u64:1-sdma0,0.00,0.00
2025-10-07 13:54:10,7066,python,0.30,71.52
