id_empresa,datetime,processo,uso de cpu,uso de gpu,mac_address
1,2025-11-05 21:02:59,System Idle Process,405.6,18.33,f4:6a:dd:7b:03:0d
1,2025-11-05 21:02:59,System,9.2,18.33,f4:6a:dd:7b:03:0d
1,2025-11-05 21:02:59,,0.0,18.33,f4:6a:dd:7b:03:0d
1,2025-11-05 21:02:59,Registry,0.0,18.33,f4:6a:dd:7b:03:0d
1,2025-11-05 21:02:59,smss.exe,0.0,18.33,f4:6a:dd:7b:03:0d
1,2025-11-05 21:02:59,RuntimeBroker.exe,0.0,18.33,f4:6a:dd:7b:03:0d
1,2025-11-05 21:02:59,Code.exe,0.0,18.33,f4:6a:dd:7b:03:0d
1,2025-11-05 21:02:59,bash.exe,0.0,18.33,f4:6a:dd:7b:03:0d
1,2025-11-05 21:02:59,csrss.exe,0.0,18.33,f4:6a:dd:7b:03:0d
1,2025-11-05 21:02:59,FnHotkeyUtility.exe,0.0,18.33,f4:6a:dd:7b:03:0d
1,2025-11-05 21:02:59,wininit.exe,0.0,18.33,f4:6a:dd:7b:03:0d
1,2025-11-05 21:02:59,svchost.exe,0.0,18.33,f4:6a:dd:7b:03:0d
1,2025-11-05 21:02:59,services.exe,0.0,18.33,f4:6a:dd:7b:03:0d
1,2025-11-05 21:02:59,msedgewebview2.exe,0.0,18.33,f4:6a:dd:7b:03:0d
1,2025-11-05 21:02:59,LsaIso.exe,0.0,18.33,f4:6a:dd:7b:03:0d
1,2025-11-05 21:02:59,lsass.exe,0.0,18.33,f4:6a:dd:7b:03:0d
1,2025-11-05 21:02:59,dwm.exe,0.7,18.33,f4:6a:dd:7b:03:0d
1,2025-11-05 21:02:59,svchost.exe,0.0,18.33,f4:6a:dd:7b:03:0d
1,2025-11-05 21:02:59,svchost.exe,0.0,18.33,f4:6a:dd:7b:03:0d
1,2025-11-05 21:02:59,svchost.exe,0.7,18.33,f4:6a:dd:7b:03:0d
1,2025-11-05 21:02:59,fontdrvhost.exe,0.0,18.33,f4:6a:dd:7b:03:0d
1,2025-11-05 21:02:59,WUDFHost.exe,0.0,18.33,f4:6a:dd:7b:03:0d
1,2025-11-05 21:02:59,AppProvisioningPlugin.exe,0.0,18.33,f4:6a:dd:7b:03:0d
1,2025-11-05 21:02:59,svchost.exe,0.0,18.33,f4:6a:dd:7b:03:0d
1,2025-11-05 21:02:59,conhost.exe,0.0,18.33,f4:6a:dd:7b:03:0d
1,2025-11-05 21:02:59,svchost.exe,0.0,18.33,f4:6a:dd:7b:03:0d
1,2025-11-05 21:02:59,WUDFHost.exe,0.0,18.33,f4:6a:dd:7b:03:0d
1,2025-11-05 21:02:59,svchost.exe,0.0,18.33,f4:6a:dd:7b:03:0d
1,2025-11-05 21:02:59,svchost.exe,0.0,18.33,f4:6a:dd:7b:03:0d
1,2025-11-05 21:02:59,svchost.exe,0.0,18.33,f4:6a:dd:7b:03:0d
1,2025-11-05 21:02:59,svchost.exe,0.0,18.33,f4:6a:dd:7b:03:0d
1,2025-11-05 21:02:59,svchost.exe,0.0,18.33,f4:6a:dd:7b:03:0d
1,2025-11-05 21:02:59,svchost.exe,0.0,18.33,f4:6a:dd:7b:03:0d
1,2025-11-05 21:02:59,svchost.exe,0.0,18.33,f4:6a:dd:7b:03:0d
1,2025-11-05 21:02:59,svchost.exe,0.0,18.33,f4:6a:dd:7b:03:0d
1,2025-11-05 21:02:59,svchost.exe,0.0,18.33,f4:6a:dd:7b:03:0d
1,2025-11-05 21:02:59,msedge.exe,0.0,18.33,f4:6a:dd:7b:03:0d
1,2025-11-05 21:02:59,svchost.exe,0.0,18.33,f4:6a:dd:7b:03:0d
1,2025-11-05 21:02:59,svchost.exe,0.0,18.33,f4:6a:dd:7b:03:0d
1,2025-11-05 21:02:59,atiesrxx.exe,0.0,18.33,f4:6a:dd:7b:03:0d
1,2025-11-05 21:02:59,svchost.exe,0.0,18.33,f4:6a:dd:7b:03:0d
1,2025-11-05 21:02:59,svchost.exe,0.0,18.33,f4:6a:dd:7b:03:0d
1,2025-11-05 21:02:59,svchost.exe,0.0,18.33,f4:6a:dd:7b:03:0d
1,2025-11-05 21:02:59,amdfendrsr.exe,0.0,18.33,f4:6a:dd:7b:03:0d
1,2025-11-05 21:02:59,svchost.exe,0.0,18.33,f4:6a:dd:7b:03:0d
1,2025-11-05 21:02:59,svchost.exe,0.0,18.33,f4:6a:dd:7b:03:0d
1,2025-11-05 21:02:59,RuntimeBroker.exe,0.0,18.33,f4:6a:dd:7b:03:0d
1,2025-11-05 21:02:59,Notion.exe,0.0,18.33,f4:6a:dd:7b:03:0d
1,2025-11-05 21:02:59,svchost.exe,0.0,18.33,f4:6a:dd:7b:03:0d
1,2025-11-05 21:02:59,svchost.exe,0.0,18.33,f4:6a:dd:7b:03:0d
1,2025-11-05 21:02:59,msedgewebview2.exe,0.0,18.33,f4:6a:dd:7b:03:0d
1,2025-11-05 21:02:59,svchost.exe,0.0,18.33,f4:6a:dd:7b:03:0d
1,2025-11-05 21:02:59,svchost.exe,0.0,18.33,f4:6a:dd:7b:03:0d
1,2025-11-05 21:02:59,svchost.exe,0.0,18.33,f4:6a:dd:7b:03:0d
1,2025-11-05 21:02:59,svchost.exe,0.0,18.33,f4:6a:dd:7b:03:0d
1,2025-11-05 21:02:59,svchost.exe,0.0,18.33,f4:6a:dd:7b:03:0d
1,2025-11-05 21:02:59,svchost.exe,0.0,18.33,f4:6a:dd:7b:03:0d
1,2025-11-05 21:02:59,svchost.exe,0.0,18.33,f4:6a:dd:7b:03:0d
1,2025-11-05 21:02:59,SearchIndexer.exe,0.0,18.33,f4:6a:dd:7b:03:0d
1,2025-11-05 21:02:59,svchost.exe,0.0,18.33,f4:6a:dd:7b:03:0d
1,2025-11-05 21:02:59,idea64.exe,0.0,18.33,f4:6a:dd:7b:03:0d
1,2025-11-05 21:02:59,svchost.exe,0.0,18.33,f4:6a:dd:7b:03:0d
1,2025-11-05 21:02:59,svchost.exe,0.0,18.33,f4:6a:dd:7b:03:0d
1,2025-11-05 21:02:59,svchost.exe,0.0,18.33,f4:6a:dd:7b:03:0d
1,2025-11-05 21:02:59,WidgetService.exe,0.0,18.33,f4:6a:dd:7b:03:0d
1,2025-11-05 21:02:59,svchost.exe,0.0,18.33,f4:6a:dd:7b:03:0d
1,2025-11-05 21:02:59,svchost.exe,0.0,18.33,f4:6a:dd:7b:03:0d
1,2025-11-05 21:02:59,svchost.exe,0.0,18.33,f4:6a:dd:7b:03:0d
1,2025-11-05 21:02:59,MemCompression,0.0,18.33,f4:6a:dd:7b:03:0d
1,2025-11-05 21:02:59,Code.exe,0.0,18.33,f4:6a:dd:7b:03:0d
1,2025-11-05 21:02:59,svchost.exe,0.0,18.33,f4:6a:dd:7b:03:0d
1,2025-11-05 21:02:59,svchost.exe,0.0,18.33,f4:6a:dd:7b:03:0d
1,2025-11-05 21:02:59,svchost.exe,0.0,18.33,f4:6a:dd:7b:03:0d
1,2025-11-05 21:02:59,svchost.exe,0.0,18.33,f4:6a:dd:7b:03:0d
1,2025-11-05 21:02:59,atieclxx.exe,0.0,18.33,f4:6a:dd:7b:03:0d
1,2025-11-05 21:02:59,svchost.exe,0.7,18.33,f4:6a:dd:7b:03:0d
1,2025-11-05 21:02:59,MpDefenderCoreService.exe,0.0,18.33,f4:6a:dd:7b:03:0d
1,2025-11-05 21:02:59,svchost.exe,0.0,18.33,f4:6a:dd:7b:03:0d
1,2025-11-05 21:02:59,svchost.exe,0.0,18.33,f4:6a:dd:7b:03:0d
1,2025-11-05 21:02:59,svchost.exe,0.0,18.33,f4:6a:dd:7b:03:0d
1,2025-11-05 21:02:59,explorer.exe,1.3,18.33,f4:6a:dd:7b:03:0d
1,2025-11-05 21:02:59,msedgewebview2.exe,0.0,18.33,f4:6a:dd:7b:03:0d
1,2025-11-05 21:02:59,svchost.exe,0.0,18.33,f4:6a:dd:7b:03:0d
1,2025-11-05 21:02:59,msedge.exe,0.0,18.33,f4:6a:dd:7b:03:0d
1,2025-11-05 21:02:59,msedgewebview2.exe,0.0,18.33,f4:6a:dd:7b:03:0d
1,2025-11-05 21:02:59,svchost.exe,0.0,18.33,f4:6a:dd:7b:03:0d
1,2025-11-05 21:02:59,Code.exe,0.0,18.33,f4:6a:dd:7b:03:0d
1,2025-11-05 21:02:59,svchost.exe,0.0,18.33,f4:6a:dd:7b:03:0d
1,2025-11-05 21:02:59,svchost.exe,0.0,18.33,f4:6a:dd:7b:03:0d
1,2025-11-05 21:02:59,UDClientService.exe,0.7,18.33,f4:6a:dd:7b:03:0d
1,2025-11-05 21:02:59,svchost.exe,0.0,18.33,f4:6a:dd:7b:03:0d
1,2025-11-05 21:02:59,spoolsv.exe,0.0,18.33,f4:6a:dd:7b:03:0d
1,2025-11-05 21:02:59,msedge.exe,0.0,18.33,f4:6a:dd:7b:03:0d
1,2025-11-05 21:02:59,svchost.exe,0.0,18.33,f4:6a:dd:7b:03:0d
1,2025-11-05 21:02:59,svchost.exe,0.0,18.33,f4:6a:dd:7b:03:0d
1,2025-11-05 21:02:59,svchost.exe,0.0,18.33,f4:6a:dd:7b:03:0d
1,2025-11-05 21:02:59,msedge.exe,0.0,18.33,f4:6a:dd:7b:03:0d
1,2025-11-05 21:02:59,svchost.exe,0.0,18.33,f4:6a:dd:7b:03:0d
1,2025-11-05 21:02:59,svchost.exe,0.0,18.33,f4:6a:dd:7b:03:0d
1,2025-11-05 21:02:59,svchost.exe,9.7,18.33,f4:6a:dd:7b:03:0d
1,2025-11-05 21:02:59,svchost.exe,0.0,18.33,f4:6a:dd:7b:03:0d
1,2025-11-05 21:02:59,svchost.exe,0.0,18.33,f4:6a:dd:7b:03:0d
1,2025-11-05 21:02:59,DAX3API.exe,0.0,18.33,f4:6a:dd:7b:03:0d
1,2025-11-05 21:02:59,svchost.exe,0.0,18.33,f4:6a:dd:7b:03:0d
1,2025-11-05 21:02:59,Notion.exe,0.0,18.33,f4:6a:dd:7b:03:0d
1,2025-11-05 21:02:59,WmiApSrv.exe,0.0,18.33,f4:6a:dd:7b:03:0d
1,2025-11-05 21:02:59,FMService64.exe,0.0,18.33,f4:6a:dd:7b:03:0d
1,2025-11-05 21:02:59,svchost.exe,0.0,18.33,f4:6a:dd:7b:03:0d
1,2025-11-05 21:02:59,OfficeClickToRun.exe,0.0,18.33,f4:6a:dd:7b:03:0d
1,2025-11-05 21:02:59,Lenovo.Modern.ImController.exe,0.0,18.33,f4:6a:dd:7b:03:0d
1,2025-11-05 21:02:59,svchost.exe,0.0,18.33,f4:6a:dd:7b:03:0d
1,2025-11-05 21:02:59,svchost.exe,0.0,18.33,f4:6a:dd:7b:03:0d
1,2025-11-05 21:02:59,LenovoUtilityService.exe,0.0,18.33,f4:6a:dd:7b:03:0d
1,2025-11-05 21:02:59,LNBITSSvc.exe,0.0,18.33,f4:6a:dd:7b:03:0d
1,2025-11-05 21:02:59,RtkBtManServ.exe,0.0,18.33,f4:6a:dd:7b:03:0d
1,2025-11-05 21:02:59,svchost.exe,0.0,18.33,f4:6a:dd:7b:03:0d
1,2025-11-05 21:02:59,mysqld.exe,0.0,18.33,f4:6a:dd:7b:03:0d
1,2025-11-05 21:02:59,RtkAudUService64.exe,0.0,18.33,f4:6a:dd:7b:03:0d
1,2025-11-05 21:02:59,svchost.exe,0.0,18.33,f4:6a:dd:7b:03:0d
1,2025-11-05 21:02:59,MsMpEng.exe,0.7,18.33,f4:6a:dd:7b:03:0d
1,2025-11-05 21:02:59,wslservice.exe,0.0,18.33,f4:6a:dd:7b:03:0d
1,2025-11-05 21:02:59,RuntimeBroker.exe,0.0,18.33,f4:6a:dd:7b:03:0d
1,2025-11-05 21:02:59,MSPCManagerService.exe,0.0,18.33,f4:6a:dd:7b:03:0d
1,2025-11-05 21:02:59,MSPCManager.exe,0.0,18.33,f4:6a:dd:7b:03:0d
1,2025-11-05 21:02:59,mysqld.exe,0.0,18.33,f4:6a:dd:7b:03:0d
1,2025-11-05 21:02:59,msedge.exe,0.0,18.33,f4:6a:dd:7b:03:0d
1,2025-11-05 21:02:59,conhost.exe,0.0,18.33,f4:6a:dd:7b:03:0d
1,2025-11-05 21:02:59,svchost.exe,0.0,18.33,f4:6a:dd:7b:03:0d
1,2025-11-05 21:02:59,svchost.exe,0.0,18.33,f4:6a:dd:7b:03:0d
1,2025-11-05 21:02:59,svchost.exe,0.0,18.33,f4:6a:dd:7b:03:0d
1,2025-11-05 21:02:59,SearchHost.exe,0.0,18.33,f4:6a:dd:7b:03:0d
1,2025-11-05 21:02:59,WmiPrvSE.exe,0.0,18.33,f4:6a:dd:7b:03:0d
1,2025-11-05 21:02:59,SecurityHealthService.exe,0.0,18.33,f4:6a:dd:7b:03:0d
1,2025-11-05 21:02:59,unsecapp.exe,0.0,18.33,f4:6a:dd:7b:03:0d
1,2025-11-05 21:02:59,Notion.exe,0.0,18.33,f4:6a:dd:7b:03:0d
1,2025-11-05 21:02:59,Notion.exe,0.0,18.33,f4:6a:dd:7b:03:0d
1,2025-11-05 21:02:59,Discord.exe,24.1,18.33,f4:6a:dd:7b:03:0d
1,2025-11-05 21:02:59,svchost.exe,0.0,18.33,f4:6a:dd:7b:03:0d
1,2025-11-05 21:02:59,sihost.exe,0.0,18.33,f4:6a:dd:7b:03:0d
1,2025-11-05 21:02:59,AggregatorHost.exe,0.0,18.33,f4:6a:dd:7b:03:0d
1,2025-11-05 21:02:59,taskhostw.exe,0.0,18.33,f4:6a:dd:7b:03:0d
1,2025-11-05 21:02:59,svchost.exe,0.0,18.33,f4:6a:dd:7b:03:0d
1,2025-11-05 21:02:59,RuntimeBroker.exe,0.0,18.33,f4:6a:dd:7b:03:0d
1,2025-11-05 21:02:59,svchost.exe,0.0,18.33,f4:6a:dd:7b:03:0d
1,2025-11-05 21:02:59,SearchProtocolHost.exe,0.0,18.33,f4:6a:dd:7b:03:0d
1,2025-11-05 21:02:59,svchost.exe,0.0,18.33,f4:6a:dd:7b:03:0d
1,2025-11-05 21:02:59,msedgewebview2.exe,0.0,18.33,f4:6a:dd:7b:03:0d
1,2025-11-05 21:02:59,msedge.exe,0.0,18.33,f4:6a:dd:7b:03:0d
1,2025-11-05 21:02:59,NisSrv.exe,0.0,18.33,f4:6a:dd:7b:03:0d
1,2025-11-05 21:02:59,svchost.exe,0.0,18.33,f4:6a:dd:7b:03:0d
1,2025-11-05 21:02:59,Code.exe,24.1,18.33,f4:6a:dd:7b:03:0d
1,2025-11-05 21:02:59,svchost.exe,0.0,18.33,f4:6a:dd:7b:03:0d
1,2025-11-05 21:02:59,NgcIso.exe,0.0,18.33,f4:6a:dd:7b:03:0d
1,2025-11-05 21:02:59,svchost.exe,0.0,18.33,f4:6a:dd:7b:03:0d
1,2025-11-05 21:02:59,msedge.exe,0.0,18.33,f4:6a:dd:7b:03:0d
1,2025-11-05 21:02:59,OneDrive.Sync.Service.exe,0.0,18.33,f4:6a:dd:7b:03:0d
1,2025-11-05 21:02:59,Notepad.exe,0.0,18.33,f4:6a:dd:7b:03:0d
1,2025-11-05 21:02:59,pet.exe,0.0,18.33,f4:6a:dd:7b:03:0d
1,2025-11-05 21:02:59,python.exe,55.2,18.33,f4:6a:dd:7b:03:0d
1,2025-11-05 21:02:59,Code.exe,0.0,18.33,f4:6a:dd:7b:03:0d
1,2025-11-05 21:02:59,msedge.exe,0.0,18.33,f4:6a:dd:7b:03:0d
1,2025-11-05 21:02:59,msedge.exe,0.0,18.33,f4:6a:dd:7b:03:0d
1,2025-11-05 21:02:59,svchost.exe,0.0,18.33,f4:6a:dd:7b:03:0d
1,2025-11-05 21:02:59,vmcompute.exe,0.0,18.33,f4:6a:dd:7b:03:0d
1,2025-11-05 21:02:59,svchost.exe,0.0,18.33,f4:6a:dd:7b:03:0d
1,2025-11-05 21:02:59,svchost.exe,0.0,18.33,f4:6a:dd:7b:03:0d
1,2025-11-05 21:02:59,fsnotifier.exe,0.0,18.33,f4:6a:dd:7b:03:0d
1,2025-11-05 21:02:59,winlogon.exe,0.0,18.33,f4:6a:dd:7b:03:0d
1,2025-11-05 21:02:59,Code.exe,0.0,18.33,f4:6a:dd:7b:03:0d
1,2025-11-05 21:02:59,unsecapp.exe,0.0,18.33,f4:6a:dd:7b:03:0d
1,2025-11-05 21:02:59,svchost.exe,0.0,18.33,f4:6a:dd:7b:03:0d
1,2025-11-05 21:02:59,Discord.exe,0.0,18.33,f4:6a:dd:7b:03:0d
1,2025-11-05 21:02:59,ms-teams.exe,0.0,18.33,f4:6a:dd:7b:03:0d
1,2025-11-05 21:02:59,Code.exe,0.0,18.33,f4:6a:dd:7b:03:0d
1,2025-11-05 21:02:59,conhost.exe,0.0,18.33,f4:6a:dd:7b:03:0d
1,2025-11-05 21:02:59,msedgewebview2.exe,0.0,18.33,f4:6a:dd:7b:03:0d
1,2025-11-05 21:02:59,svchost.exe,0.0,18.33,f4:6a:dd:7b:03:0d
1,2025-11-05 21:02:59,Notion.exe,0.0,18.33,f4:6a:dd:7b:03:0d
1,2025-11-05 21:02:59,Notion.exe,0.7,18.33,f4:6a:dd:7b:03:0d
1,2025-11-05 21:02:59,msedge.exe,0.0,18.33,f4:6a:dd:7b:03:0d
1,2025-11-05 21:02:59,Notion.exe,0.0,18.33,f4:6a:dd:7b:03:0d
1,2025-11-05 21:02:59,svchost.exe,0.0,18.33,f4:6a:dd:7b:03:0d
1,2025-11-05 21:02:59,msedge.exe,0.0,18.33,f4:6a:dd:7b:03:0d
1,2025-11-05 21:02:59,svchost.exe,0.0,18.33,f4:6a:dd:7b:03:0d
1,2025-11-05 21:02:59,bash.exe,0.0,18.33,f4:6a:dd:7b:03:0d
1,2025-11-05 21:02:59,StartMenuExperienceHost.exe,0.0,18.33,f4:6a:dd:7b:03:0d
1,2025-11-05 21:02:59,OneDrive.exe,0.0,18.33,f4:6a:dd:7b:03:0d
1,2025-11-05 21:02:59,msedgewebview2.exe,0.0,18.33,f4:6a:dd:7b:03:0d
1,2025-11-05 21:02:59,FnHotkeyCapsLKNumLK.exe,0.0,18.33,f4:6a:dd:7b:03:0d
1,2025-11-05 21:02:59,dllhost.exe,0.0,18.33,f4:6a:dd:7b:03:0d
1,2025-11-05 21:02:59,msedgewebview2.exe,0.0,18.33,f4:6a:dd:7b:03:0d
1,2025-11-05 21:02:59,WhatsApp.Root.exe,0.0,18.33,f4:6a:dd:7b:03:0d
1,2025-11-05 21:02:59,UserOOBEBroker.exe,0.0,18.33,f4:6a:dd:7b:03:0d
1,2025-11-05 21:02:59,RuntimeBroker.exe,0.0,18.33,f4:6a:dd:7b:03:0d
1,2025-11-05 21:02:59,svchost.exe,0.0,18.33,f4:6a:dd:7b:03:0d
1,2025-11-05 21:02:59,msedge.exe,0.0,18.33,f4:6a:dd:7b:03:0d
1,2025-11-05 21:02:59,msedgewebview2.exe,0.0,18.33,f4:6a:dd:7b:03:0d
1,2025-11-05 21:02:59,msedgewebview2.exe,0.0,18.33,f4:6a:dd:7b:03:0d
1,2025-11-05 21:02:59,svchost.exe,0.0,18.33,f4:6a:dd:7b:03:0d
1,2025-11-05 21:02:59,RuntimeBroker.exe,0.0,18.33,f4:6a:dd:7b:03:0d
1,2025-11-05 21:02:59,AutoModeDetect.exe,0.0,18.33,f4:6a:dd:7b:03:0d
1,2025-11-05 21:02:59,msedge.exe,0.0,18.33,f4:6a:dd:7b:03:0d
1,2025-11-05 21:02:59,ShellHost.exe,0.0,18.33,f4:6a:dd:7b:03:0d
1,2025-11-05 21:02:59,FileSyncHelper.exe,0.0,18.33,f4:6a:dd:7b:03:0d
1,2025-11-05 21:02:59,AppActions.exe,0.0,18.33,f4:6a:dd:7b:03:0d
1,2025-11-05 21:02:59,Code.exe,0.0,18.33,f4:6a:dd:7b:03:0d
1,2025-11-05 21:02:59,msedgewebview2.exe,0.0,18.33,f4:6a:dd:7b:03:0d
1,2025-11-05 21:02:59,msedgewebview2.exe,0.0,18.33,f4:6a:dd:7b:03:0d
1,2025-11-05 21:02:59,ShellExperienceHost.exe,0.0,18.33,f4:6a:dd:7b:03:0d
1,2025-11-05 21:02:59,ctfmon.exe,0.0,18.33,f4:6a:dd:7b:03:0d
1,2025-11-05 21:02:59,Code.exe,0.0,18.33,f4:6a:dd:7b:03:0d
1,2025-11-05 21:02:59,jetbrains-toolbox.exe,0.7,18.33,f4:6a:dd:7b:03:0d
1,2025-11-05 21:02:59,svchost.exe,0.0,18.33,f4:6a:dd:7b:03:0d
1,2025-11-05 21:02:59,svchost.exe,0.0,18.33,f4:6a:dd:7b:03:0d
1,2025-11-05 21:02:59,msedge.exe,0.0,18.33,f4:6a:dd:7b:03:0d
1,2025-11-05 21:02:59,msedgewebview2.exe,0.0,18.33,f4:6a:dd:7b:03:0d
1,2025-11-05 21:02:59,bash.exe,0.0,18.33,f4:6a:dd:7b:03:0d
1,2025-11-05 21:02:59,ms-teams.exe,0.0,18.33,f4:6a:dd:7b:03:0d
1,2025-11-05 21:02:59,csrss.exe,0.0,18.33,f4:6a:dd:7b:03:0d
1,2025-11-05 21:02:59,WmiPrvSE.exe,19.2,18.33,f4:6a:dd:7b:03:0d
1,2025-11-05 21:02:59,msedgewebview2.exe,0.0,18.33,f4:6a:dd:7b:03:0d
1,2025-11-05 21:02:59,msedgewebview2.exe,0.0,18.33,f4:6a:dd:7b:03:0d
1,2025-11-05 21:02:59,msedge.exe,0.0,18.33,f4:6a:dd:7b:03:0d
1,2025-11-05 21:02:59,unsecapp.exe,0.0,18.33,f4:6a:dd:7b:03:0d
1,2025-11-05 21:02:59,Discord.exe,0.0,18.33,f4:6a:dd:7b:03:0d
1,2025-11-05 21:02:59,Code.exe,0.0,18.33,f4:6a:dd:7b:03:0d
1,2025-11-05 21:02:59,Discord.exe,0.0,18.33,f4:6a:dd:7b:03:0d
1,2025-11-05 21:02:59,Widgets.exe,0.0,18.33,f4:6a:dd:7b:03:0d
1,2025-11-05 21:02:59,msedgewebview2.exe,0.0,18.33,f4:6a:dd:7b:03:0d
1,2025-11-05 21:02:59,conhost.exe,0.0,18.33,f4:6a:dd:7b:03:0d
1,2025-11-05 21:02:59,TextInputHost.exe,0.0,18.33,f4:6a:dd:7b:03:0d
1,2025-11-05 21:02:59,Code.exe,0.0,18.33,f4:6a:dd:7b:03:0d
1,2025-11-05 21:02:59,msedgewebview2.exe,0.0,18.33,f4:6a:dd:7b:03:0d
1,2025-11-05 21:02:59,msedgewebview2.exe,0.0,18.33,f4:6a:dd:7b:03:0d
1,2025-11-05 21:02:59,MSPCManagerCore.exe,0.0,18.33,f4:6a:dd:7b:03:0d
1,2025-11-05 21:02:59,conhost.exe,0.0,18.33,f4:6a:dd:7b:03:0d
1,2025-11-05 21:02:59,conhost.exe,0.0,18.33,f4:6a:dd:7b:03:0d
1,2025-11-05 21:02:59,svchost.exe,0.0,18.33,f4:6a:dd:7b:03:0d
1,2025-11-05 21:02:59,Notion.exe,0.0,18.33,f4:6a:dd:7b:03:0d
1,2025-11-05 21:02:59,svchost.exe,0.0,18.33,f4:6a:dd:7b:03:0d
1,2025-11-05 21:02:59,msedge.exe,0.0,18.33,f4:6a:dd:7b:03:0d
1,2025-11-05 21:02:59,conhost.exe,0.0,18.33,f4:6a:dd:7b:03:0d
1,2025-11-05 21:02:59,svchost.exe,0.0,18.33,f4:6a:dd:7b:03:0d
1,2025-11-05 21:02:59,RtkAudUService64.exe,0.0,18.33,f4:6a:dd:7b:03:0d
1,2025-11-05 21:02:59,Code.exe,0.0,18.33,f4:6a:dd:7b:03:0d
1,2025-11-05 21:02:59,svchost.exe,0.0,18.33,f4:6a:dd:7b:03:0d
1,2025-11-05 21:02:59,msedgewebview2.exe,0.0,18.33,f4:6a:dd:7b:03:0d
1,2025-11-05 21:02:59,env.exe,0.0,18.33,f4:6a:dd:7b:03:0d
1,2025-11-05 21:02:59,DAX3API.exe,0.0,18.33,f4:6a:dd:7b:03:0d
1,2025-11-05 21:02:59,svchost.exe,0.0,18.33,f4:6a:dd:7b:03:0d
1,2025-11-05 21:02:59,SecurityHealthSystray.exe,0.0,18.33,f4:6a:dd:7b:03:0d
1,2025-11-05 21:02:59,audiodg.exe,4.3,18.33,f4:6a:dd:7b:03:0d
1,2025-11-05 21:02:59,svchost.exe,0.0,18.33,f4:6a:dd:7b:03:0d
1,2025-11-05 21:02:59,msedgewebview2.exe,0.0,18.33,f4:6a:dd:7b:03:0d
1,2025-11-05 21:02:59,Discord.exe,0.0,18.33,f4:6a:dd:7b:03:0d
1,2025-11-05 21:02:59,svchost.exe,0.0,18.33,f4:6a:dd:7b:03:0d
1,2025-11-05 21:02:59,fontdrvhost.exe,0.0,18.33,f4:6a:dd:7b:03:0d
1,2025-11-05 21:02:59,Code.exe,7.1,18.33,f4:6a:dd:7b:03:0d
1,2025-11-05 21:02:59,OneDrive.exe,0.0,18.33,f4:6a:dd:7b:03:0d
1,2025-11-05 21:02:59,msedgewebview2.exe,0.0,18.33,f4:6a:dd:7b:03:0d
1,2025-11-05 21:02:59,RuntimeBroker.exe,0.0,18.33,f4:6a:dd:7b:03:0d
1,2025-11-05 21:02:59,FileCoAuth.exe,0.0,18.33,f4:6a:dd:7b:03:0d
1,2025-11-05 21:02:59,python.exe,0.0,18.33,f4:6a:dd:7b:03:0d
1,2025-11-05 21:02:59,CrossDeviceResume.exe,0.0,18.33,f4:6a:dd:7b:03:0d
1,2025-11-05 21:02:59,Copilot.exe,0.0,18.33,f4:6a:dd:7b:03:0d
1,2025-11-05 21:02:59,backgroundTaskHost.exe,0.0,18.33,f4:6a:dd:7b:03:0d
1,2025-11-05 21:02:59,svchost.exe,0.0,18.33,f4:6a:dd:7b:03:0d
1,2025-11-05 21:02:59,msedgewebview2.exe,0.0,18.33,f4:6a:dd:7b:03:0d
1,2025-11-05 21:02:59,python.exe,0.0,18.33,f4:6a:dd:7b:03:0d
1,2025-11-05 21:02:59,svchost.exe,0.0,18.33,f4:6a:dd:7b:03:0d
1,2025-11-05 21:02:59,svchost.exe,0.0,18.33,f4:6a:dd:7b:03:0d
1,2025-11-05 21:02:59,RuntimeBroker.exe,0.0,18.33,f4:6a:dd:7b:03:0d
1,2025-11-05 21:02:59,msedgewebview2.exe,0.7,18.33,f4:6a:dd:7b:03:0d
1,2025-11-05 21:02:59,svchost.exe,0.0,18.33,f4:6a:dd:7b:03:0d
1,2025-11-05 21:02:59,svchost.exe,0.0,18.33,f4:6a:dd:7b:03:0d
1,2025-11-05 21:02:59,msedgewebview2.exe,0.0,18.33,f4:6a:dd:7b:03:0d
1,2025-11-05 21:02:59,taskhostw.exe,0.0,18.33,f4:6a:dd:7b:03:0d
1,2025-11-05 21:02:59,svchost.exe,0.0,18.33,f4:6a:dd:7b:03:0d
1,2025-11-05 21:02:59,PhoneExperienceHost.exe,0.0,18.33,f4:6a:dd:7b:03:0d
1,2025-11-05 21:02:59,msedgewebview2.exe,0.0,18.33,f4:6a:dd:7b:03:0d
1,2025-11-05 21:02:59,bash.exe,0.0,18.33,f4:6a:dd:7b:03:0d
1,2025-11-05 21:02:59,Discord.exe,0.0,18.33,f4:6a:dd:7b:03:0d
1,2025-11-05 21:02:59,msedge.exe,0.0,18.33,f4:6a:dd:7b:03:0d
1,2025-11-05 21:02:59,conhost.exe,0.0,18.33,f4:6a:dd:7b:03:0d
id_empresa,datetime,processo,uso de cpu,uso de gpu,mac_address
1,2025-11-05 21:03:07,System Idle Process,368.6,24.59,f4:6a:dd:7b:03:0d
1,2025-11-05 21:03:07,System,16.3,24.59,f4:6a:dd:7b:03:0d
1,2025-11-05 21:03:07,,0.0,24.59,f4:6a:dd:7b:03:0d
1,2025-11-05 21:03:07,Registry,0.0,24.59,f4:6a:dd:7b:03:0d
1,2025-11-05 21:03:07,smss.exe,0.0,24.59,f4:6a:dd:7b:03:0d
1,2025-11-05 21:03:07,RuntimeBroker.exe,0.0,24.59,f4:6a:dd:7b:03:0d
1,2025-11-05 21:03:07,Code.exe,0.7,24.59,f4:6a:dd:7b:03:0d
1,2025-11-05 21:03:07,bash.exe,1.4,24.59,f4:6a:dd:7b:03:0d
1,2025-11-05 21:03:07,csrss.exe,0.0,24.59,f4:6a:dd:7b:03:0d
1,2025-11-05 21:03:07,FnHotkeyUtility.exe,0.0,24.59,f4:6a:dd:7b:03:0d
1,2025-11-05 21:03:07,wininit.exe,0.0,24.59,f4:6a:dd:7b:03:0d
1,2025-11-05 21:03:07,svchost.exe,0.0,24.59,f4:6a:dd:7b:03:0d
1,2025-11-05 21:03:07,services.exe,0.0,24.59,f4:6a:dd:7b:03:0d
1,2025-11-05 21:03:07,msedgewebview2.exe,0.0,24.59,f4:6a:dd:7b:03:0d
1,2025-11-05 21:03:07,LsaIso.exe,0.0,24.59,f4:6a:dd:7b:03:0d
1,2025-11-05 21:03:07,lsass.exe,0.7,24.59,f4:6a:dd:7b:03:0d
1,2025-11-05 21:03:07,dwm.exe,2.8,24.59,f4:6a:dd:7b:03:0d
1,2025-11-05 21:03:07,svchost.exe,0.0,24.59,f4:6a:dd:7b:03:0d
1,2025-11-05 21:03:07,svchost.exe,0.0,24.59,f4:6a:dd:7b:03:0d
1,2025-11-05 21:03:07,svchost.exe,0.0,24.59,f4:6a:dd:7b:03:0d
1,2025-11-05 21:03:07,fontdrvhost.exe,0.0,24.59,f4:6a:dd:7b:03:0d
1,2025-11-05 21:03:07,WUDFHost.exe,0.0,24.59,f4:6a:dd:7b:03:0d
1,2025-11-05 21:03:07,AppProvisioningPlugin.exe,0.0,24.59,f4:6a:dd:7b:03:0d
1,2025-11-05 21:03:07,svchost.exe,0.0,24.59,f4:6a:dd:7b:03:0d
1,2025-11-05 21:03:07,conhost.exe,0.0,24.59,f4:6a:dd:7b:03:0d
1,2025-11-05 21:03:07,svchost.exe,0.0,24.59,f4:6a:dd:7b:03:0d
1,2025-11-05 21:03:07,WUDFHost.exe,0.0,24.59,f4:6a:dd:7b:03:0d
1,2025-11-05 21:03:07,svchost.exe,0.0,24.59,f4:6a:dd:7b:03:0d
1,2025-11-05 21:03:07,svchost.exe,0.0,24.59,f4:6a:dd:7b:03:0d
1,2025-11-05 21:03:07,svchost.exe,0.0,24.59,f4:6a:dd:7b:03:0d
1,2025-11-05 21:03:07,svchost.exe,0.0,24.59,f4:6a:dd:7b:03:0d
1,2025-11-05 21:03:07,svchost.exe,0.0,24.59,f4:6a:dd:7b:03:0d
1,2025-11-05 21:03:07,svchost.exe,0.0,24.59,f4:6a:dd:7b:03:0d
1,2025-11-05 21:03:07,svchost.exe,0.0,24.59,f4:6a:dd:7b:03:0d
1,2025-11-05 21:03:07,svchost.exe,0.0,24.59,f4:6a:dd:7b:03:0d
1,2025-11-05 21:03:07,svchost.exe,0.0,24.59,f4:6a:dd:7b:03:0d
1,2025-11-05 21:03:07,msedge.exe,0.0,24.59,f4:6a:dd:7b:03:0d
1,2025-11-05 21:03:07,svchost.exe,0.0,24.59,f4:6a:dd:7b:03:0d
1,2025-11-05 21:03:07,svchost.exe,0.0,24.59,f4:6a:dd:7b:03:0d
1,2025-11-05 21:03:07,atiesrxx.exe,0.0,24.59,f4:6a:dd:7b:03:0d
1,2025-11-05 21:03:07,svchost.exe,0.0,24.59,f4:6a:dd:7b:03:0d
1,2025-11-05 21:03:07,svchost.exe,0.0,24.59,f4:6a:dd:7b:03:0d
1,2025-11-05 21:03:07,svchost.exe,0.0,24.59,f4:6a:dd:7b:03:0d
1,2025-11-05 21:03:07,amdfendrsr.exe,0.0,24.59,f4:6a:dd:7b:03:0d
1,2025-11-05 21:03:07,svchost.exe,0.0,24.59,f4:6a:dd:7b:03:0d
1,2025-11-05 21:03:07,svchost.exe,0.0,24.59,f4:6a:dd:7b:03:0d
1,2025-11-05 21:03:07,RuntimeBroker.exe,0.0,24.59,f4:6a:dd:7b:03:0d
1,2025-11-05 21:03:07,Notion.exe,0.0,24.59,f4:6a:dd:7b:03:0d
1,2025-11-05 21:03:07,svchost.exe,0.0,24.59,f4:6a:dd:7b:03:0d
1,2025-11-05 21:03:07,svchost.exe,0.0,24.59,f4:6a:dd:7b:03:0d
1,2025-11-05 21:03:07,msedgewebview2.exe,0.0,24.59,f4:6a:dd:7b:03:0d
1,2025-11-05 21:03:07,svchost.exe,0.0,24.59,f4:6a:dd:7b:03:0d
1,2025-11-05 21:03:07,svchost.exe,0.0,24.59,f4:6a:dd:7b:03:0d
1,2025-11-05 21:03:07,svchost.exe,0.0,24.59,f4:6a:dd:7b:03:0d
1,2025-11-05 21:03:07,svchost.exe,0.0,24.59,f4:6a:dd:7b:03:0d
1,2025-11-05 21:03:07,svchost.exe,0.0,24.59,f4:6a:dd:7b:03:0d
1,2025-11-05 21:03:07,svchost.exe,0.0,24.59,f4:6a:dd:7b:03:0d
1,2025-11-05 21:03:07,svchost.exe,0.0,24.59,f4:6a:dd:7b:03:0d
1,2025-11-05 21:03:07,SearchIndexer.exe,0.7,24.59,f4:6a:dd:7b:03:0d
1,2025-11-05 21:03:07,svchost.exe,0.0,24.59,f4:6a:dd:7b:03:0d
1,2025-11-05 21:03:07,idea64.exe,0.7,24.59,f4:6a:dd:7b:03:0d
1,2025-11-05 21:03:07,svchost.exe,0.0,24.59,f4:6a:dd:7b:03:0d
1,2025-11-05 21:03:07,svchost.exe,0.0,24.59,f4:6a:dd:7b:03:0d
1,2025-11-05 21:03:07,svchost.exe,0.0,24.59,f4:6a:dd:7b:03:0d
1,2025-11-05 21:03:07,WidgetService.exe,0.0,24.59,f4:6a:dd:7b:03:0d
1,2025-11-05 21:03:07,svchost.exe,0.0,24.59,f4:6a:dd:7b:03:0d
1,2025-11-05 21:03:07,svchost.exe,0.0,24.59,f4:6a:dd:7b:03:0d
1,2025-11-05 21:03:07,svchost.exe,0.0,24.59,f4:6a:dd:7b:03:0d
1,2025-11-05 21:03:07,MemCompression,0.7,24.59,f4:6a:dd:7b:03:0d
1,2025-11-05 21:03:07,Code.exe,0.0,24.59,f4:6a:dd:7b:03:0d
1,2025-11-05 21:03:07,svchost.exe,0.0,24.59,f4:6a:dd:7b:03:0d
1,2025-11-05 21:03:07,svchost.exe,0.0,24.59,f4:6a:dd:7b:03:0d
1,2025-11-05 21:03:07,svchost.exe,0.0,24.59,f4:6a:dd:7b:03:0d
1,2025-11-05 21:03:07,svchost.exe,0.0,24.59,f4:6a:dd:7b:03:0d
1,2025-11-05 21:03:07,atieclxx.exe,0.6,24.59,f4:6a:dd:7b:03:0d
1,2025-11-05 21:03:07,svchost.exe,0.0,24.59,f4:6a:dd:7b:03:0d
1,2025-11-05 21:03:07,MpDefenderCoreService.exe,0.0,24.59,f4:6a:dd:7b:03:0d
1,2025-11-05 21:03:07,svchost.exe,0.0,24.59,f4:6a:dd:7b:03:0d
1,2025-11-05 21:03:07,svchost.exe,0.0,24.59,f4:6a:dd:7b:03:0d
1,2025-11-05 21:03:07,svchost.exe,0.0,24.59,f4:6a:dd:7b:03:0d
1,2025-11-05 21:03:07,explorer.exe,1.9,24.59,f4:6a:dd:7b:03:0d
1,2025-11-05 21:03:07,msedgewebview2.exe,0.0,24.59,f4:6a:dd:7b:03:0d
1,2025-11-05 21:03:07,svchost.exe,0.0,24.59,f4:6a:dd:7b:03:0d
1,2025-11-05 21:03:07,msedge.exe,0.0,24.59,f4:6a:dd:7b:03:0d
1,2025-11-05 21:03:07,msedgewebview2.exe,0.0,24.59,f4:6a:dd:7b:03:0d
1,2025-11-05 21:03:07,svchost.exe,0.0,24.59,f4:6a:dd:7b:03:0d
1,2025-11-05 21:03:07,Code.exe,0.6,24.59,f4:6a:dd:7b:03:0d
1,2025-11-05 21:03:07,svchost.exe,0.0,24.59,f4:6a:dd:7b:03:0d
1,2025-11-05 21:03:07,svchost.exe,0.0,24.59,f4:6a:dd:7b:03:0d
1,2025-11-05 21:03:07,UDClientService.exe,0.0,24.59,f4:6a:dd:7b:03:0d
1,2025-11-05 21:03:07,svchost.exe,0.0,24.59,f4:6a:dd:7b:03:0d
1,2025-11-05 21:03:07,spoolsv.exe,0.0,24.59,f4:6a:dd:7b:03:0d
1,2025-11-05 21:03:07,msedge.exe,0.0,24.59,f4:6a:dd:7b:03:0d
1,2025-11-05 21:03:07,svchost.exe,0.0,24.59,f4:6a:dd:7b:03:0d
1,2025-11-05 21:03:07,svchost.exe,0.6,24.59,f4:6a:dd:7b:03:0d
1,2025-11-05 21:03:07,svchost.exe,0.0,24.59,f4:6a:dd:7b:03:0d
1,2025-11-05 21:03:07,msedge.exe,0.0,24.59,f4:6a:dd:7b:03:0d
1,2025-11-05 21:03:07,svchost.exe,0.0,24.59,f4:6a:dd:7b:03:0d
1,2025-11-05 21:03:07,svchost.exe,0.0,24.59,f4:6a:dd:7b:03:0d
1,2025-11-05 21:03:07,svchost.exe,8.8,24.59,f4:6a:dd:7b:03:0d
1,2025-11-05 21:03:07,svchost.exe,0.0,24.59,f4:6a:dd:7b:03:0d
1,2025-11-05 21:03:07,svchost.exe,0.0,24.59,f4:6a:dd:7b:03:0d
1,2025-11-05 21:03:07,DAX3API.exe,0.0,24.59,f4:6a:dd:7b:03:0d
1,2025-11-05 21:03:07,svchost.exe,0.0,24.59,f4:6a:dd:7b:03:0d
1,2025-11-05 21:03:07,Notion.exe,0.0,24.59,f4:6a:dd:7b:03:0d
1,2025-11-05 21:03:07,WmiApSrv.exe,0.0,24.59,f4:6a:dd:7b:03:0d
1,2025-11-05 21:03:07,FMService64.exe,0.0,24.59,f4:6a:dd:7b:03:0d
1,2025-11-05 21:03:07,svchost.exe,0.0,24.59,f4:6a:dd:7b:03:0d
1,2025-11-05 21:03:07,OfficeClickToRun.exe,0.0,24.59,f4:6a:dd:7b:03:0d
1,2025-11-05 21:03:07,Lenovo.Modern.ImController.exe,0.0,24.59,f4:6a:dd:7b:03:0d
1,2025-11-05 21:03:07,svchost.exe,0.0,24.59,f4:6a:dd:7b:03:0d
1,2025-11-05 21:03:07,svchost.exe,0.0,24.59,f4:6a:dd:7b:03:0d
1,2025-11-05 21:03:07,LenovoUtilityService.exe,0.0,24.59,f4:6a:dd:7b:03:0d
1,2025-11-05 21:03:07,LNBITSSvc.exe,1.9,24.59,f4:6a:dd:7b:03:0d
1,2025-11-05 21:03:07,RtkBtManServ.exe,0.0,24.59,f4:6a:dd:7b:03:0d
1,2025-11-05 21:03:07,svchost.exe,0.0,24.59,f4:6a:dd:7b:03:0d
1,2025-11-05 21:03:07,mysqld.exe,0.0,24.59,f4:6a:dd:7b:03:0d
1,2025-11-05 21:03:07,RtkAudUService64.exe,0.0,24.59,f4:6a:dd:7b:03:0d
1,2025-11-05 21:03:07,svchost.exe,0.0,24.59,f4:6a:dd:7b:03:0d
1,2025-11-05 21:03:07,MsMpEng.exe,14.4,24.59,f4:6a:dd:7b:03:0d
1,2025-11-05 21:03:07,wslservice.exe,0.0,24.59,f4:6a:dd:7b:03:0d
1,2025-11-05 21:03:07,RuntimeBroker.exe,0.0,24.59,f4:6a:dd:7b:03:0d
1,2025-11-05 21:03:07,MSPCManagerService.exe,0.6,24.59,f4:6a:dd:7b:03:0d
1,2025-11-05 21:03:07,MSPCManager.exe,0.6,24.59,f4:6a:dd:7b:03:0d
1,2025-11-05 21:03:07,mysqld.exe,0.0,24.59,f4:6a:dd:7b:03:0d
1,2025-11-05 21:03:07,msedge.exe,0.0,24.59,f4:6a:dd:7b:03:0d
1,2025-11-05 21:03:07,conhost.exe,0.0,24.59,f4:6a:dd:7b:03:0d
1,2025-11-05 21:03:07,svchost.exe,0.0,24.59,f4:6a:dd:7b:03:0d
1,2025-11-05 21:03:07,svchost.exe,0.0,24.59,f4:6a:dd:7b:03:0d
1,2025-11-05 21:03:07,svchost.exe,0.0,24.59,f4:6a:dd:7b:03:0d
1,2025-11-05 21:03:07,SearchHost.exe,0.0,24.59,f4:6a:dd:7b:03:0d
1,2025-11-05 21:03:07,WmiPrvSE.exe,0.0,24.59,f4:6a:dd:7b:03:0d
1,2025-11-05 21:03:07,SecurityHealthService.exe,0.0,24.59,f4:6a:dd:7b:03:0d
1,2025-11-05 21:03:07,unsecapp.exe,1.3,24.59,f4:6a:dd:7b:03:0d
1,2025-11-05 21:03:07,Notion.exe,0.0,24.59,f4:6a:dd:7b:03:0d
1,2025-11-05 21:03:07,Notion.exe,0.0,24.59,f4:6a:dd:7b:03:0d
1,2025-11-05 21:03:07,Discord.exe,60.2,24.59,f4:6a:dd:7b:03:0d
1,2025-11-05 21:03:07,svchost.exe,0.0,24.59,f4:6a:dd:7b:03:0d
1,2025-11-05 21:03:07,sihost.exe,0.0,24.59,f4:6a:dd:7b:03:0d
1,2025-11-05 21:03:07,AggregatorHost.exe,0.0,24.59,f4:6a:dd:7b:03:0d
1,2025-11-05 21:03:07,taskhostw.exe,0.0,24.59,f4:6a:dd:7b:03:0d
1,2025-11-05 21:03:07,svchost.exe,0.0,24.59,f4:6a:dd:7b:03:0d
1,2025-11-05 21:03:07,RuntimeBroker.exe,0.0,24.59,f4:6a:dd:7b:03:0d
1,2025-11-05 21:03:07,svchost.exe,0.0,24.59,f4:6a:dd:7b:03:0d
1,2025-11-05 21:03:07,svchost.exe,0.0,24.59,f4:6a:dd:7b:03:0d
1,2025-11-05 21:03:07,msedgewebview2.exe,0.0,24.59,f4:6a:dd:7b:03:0d
1,2025-11-05 21:03:07,msedge.exe,0.0,24.59,f4:6a:dd:7b:03:0d
1,2025-11-05 21:03:07,NisSrv.exe,0.0,24.59,f4:6a:dd:7b:03:0d
1,2025-11-05 21:03:07,svchost.exe,0.0,24.59,f4:6a:dd:7b:03:0d
1,2025-11-05 21:03:07,Code.exe,62.1,24.59,f4:6a:dd:7b:03:0d
1,2025-11-05 21:03:07,svchost.exe,0.0,24.59,f4:6a:dd:7b:03:0d
1,2025-11-05 21:03:07,NgcIso.exe,0.0,24.59,f4:6a:dd:7b:03:0d
1,2025-11-05 21:03:07,svchost.exe,0.0,24.59,f4:6a:dd:7b:03:0d
1,2025-11-05 21:03:07,msedge.exe,0.0,24.59,f4:6a:dd:7b:03:0d
1,2025-11-05 21:03:07,OneDrive.Sync.Service.exe,0.6,24.59,f4:6a:dd:7b:03:0d
1,2025-11-05 21:03:07,Notepad.exe,0.0,24.59,f4:6a:dd:7b:03:0d
1,2025-11-05 21:03:07,pet.exe,0.0,24.59,f4:6a:dd:7b:03:0d
1,2025-11-05 21:03:07,python.exe,48.3,24.59,f4:6a:dd:7b:03:0d
1,2025-11-05 21:03:07,Code.exe,0.0,24.59,f4:6a:dd:7b:03:0d
1,2025-11-05 21:03:07,msedge.exe,0.0,24.59,f4:6a:dd:7b:03:0d
1,2025-11-05 21:03:07,msedge.exe,0.0,24.59,f4:6a:dd:7b:03:0d
1,2025-11-05 21:03:07,svchost.exe,0.0,24.59,f4:6a:dd:7b:03:0d
1,2025-11-05 21:03:07,vmcompute.exe,0.0,24.59,f4:6a:dd:7b:03:0d
1,2025-11-05 21:03:07,svchost.exe,0.0,24.59,f4:6a:dd:7b:03:0d
1,2025-11-05 21:03:07,svchost.exe,0.0,24.59,f4:6a:dd:7b:03:0d
1,2025-11-05 21:03:07,fsnotifier.exe,0.0,24.59,f4:6a:dd:7b:03:0d
1,2025-11-05 21:03:07,winlogon.exe,0.0,24.59,f4:6a:dd:7b:03:0d
1,2025-11-05 21:03:07,Code.exe,5.7,24.59,f4:6a:dd:7b:03:0d
1,2025-11-05 21:03:07,unsecapp.exe,0.0,24.59,f4:6a:dd:7b:03:0d
1,2025-11-05 21:03:07,svchost.exe,0.0,24.59,f4:6a:dd:7b:03:0d
1,2025-11-05 21:03:07,Discord.exe,0.0,24.59,f4:6a:dd:7b:03:0d
1,2025-11-05 21:03:07,ms-teams.exe,0.0,24.59,f4:6a:dd:7b:03:0d
1,2025-11-05 21:03:07,Code.exe,0.0,24.59,f4:6a:dd:7b:03:0d
1,2025-11-05 21:03:07,conhost.exe,1.3,24.59,f4:6a:dd:7b:03:0d
1,2025-11-05 21:03:07,msedgewebview2.exe,0.0,24.59,f4:6a:dd:7b:03:0d
1,2025-11-05 21:03:07,svchost.exe,0.0,24.59,f4:6a:dd:7b:03:0d
1,2025-11-05 21:03:07,Notion.exe,0.0,24.59,f4:6a:dd:7b:03:0d
1,2025-11-05 21:03:07,Notion.exe,0.6,24.59,f4:6a:dd:7b:03:0d
1,2025-11-05 21:03:07,msedge.exe,0.0,24.59,f4:6a:dd:7b:03:0d
1,2025-11-05 21:03:07,Notion.exe,0.0,24.59,f4:6a:dd:7b:03:0d
1,2025-11-05 21:03:07,svchost.exe,0.0,24.59,f4:6a:dd:7b:03:0d
1,2025-11-05 21:03:07,msedge.exe,0.0,24.59,f4:6a:dd:7b:03:0d
1,2025-11-05 21:03:07,svchost.exe,0.0,24.59,f4:6a:dd:7b:03:0d
1,2025-11-05 21:03:07,bash.exe,0.0,24.59,f4:6a:dd:7b:03:0d
1,2025-11-05 21:03:07,StartMenuExperienceHost.exe,0.0,24.59,f4:6a:dd:7b:03:0d
1,2025-11-05 21:03:07,OneDrive.exe,0.0,24.59,f4:6a:dd:7b:03:0d
1,2025-11-05 21:03:07,msedgewebview2.exe,0.0,24.59,f4:6a:dd:7b:03:0d
1,2025-11-05 21:03:07,FnHotkeyCapsLKNumLK.exe,0.0,24.59,f4:6a:dd:7b:03:0d
1,2025-11-05 21:03:07,dllhost.exe,0.0,24.59,f4:6a:dd:7b:03:0d
1,2025-11-05 21:03:07,msedgewebview2.exe,0.0,24.59,f4:6a:dd:7b:03:0d
1,2025-11-05 21:03:07,WhatsApp.Root.exe,0.0,24.59,f4:6a:dd:7b:03:0d
1,2025-11-05 21:03:07,UserOOBEBroker.exe,0.0,24.59,f4:6a:dd:7b:03:0d
1,2025-11-05 21:03:07,RuntimeBroker.exe,0.0,24.59,f4:6a:dd:7b:03:0d
1,2025-11-05 21:03:07,svchost.exe,0.0,24.59,f4:6a:dd:7b:03:0d
1,2025-11-05 21:03:07,msedge.exe,0.0,24.59,f4:6a:dd:7b:03:0d
1,2025-11-05 21:03:07,msedgewebview2.exe,0.0,24.59,f4:6a:dd:7b:03:0d
1,2025-11-05 21:03:07,msedgewebview2.exe,0.0,24.59,f4:6a:dd:7b:03:0d
1,2025-11-05 21:03:07,svchost.exe,0.0,24.59,f4:6a:dd:7b:03:0d
1,2025-11-05 21:03:07,RuntimeBroker.exe,0.0,24.59,f4:6a:dd:7b:03:0d
1,2025-11-05 21:03:07,AutoModeDetect.exe,0.0,24.59,f4:6a:dd:7b:03:0d
1,2025-11-05 21:03:07,msedge.exe,0.0,24.59,f4:6a:dd:7b:03:0d
1,2025-11-05 21:03:07,ShellHost.exe,0.0,24.59,f4:6a:dd:7b:03:0d
1,2025-11-05 21:03:07,FileSyncHelper.exe,0.0,24.59,f4:6a:dd:7b:03:0d
1,2025-11-05 21:03:07,AppActions.exe,0.0,24.59,f4:6a:dd:7b:03:0d
1,2025-11-05 21:03:07,Code.exe,4.4,24.59,f4:6a:dd:7b:03:0d
1,2025-11-05 21:03:07,msedgewebview2.exe,0.0,24.59,f4:6a:dd:7b:03:0d
1,2025-11-05 21:03:07,msedgewebview2.exe,0.0,24.59,f4:6a:dd:7b:03:0d
1,2025-11-05 21:03:07,ShellExperienceHost.exe,0.0,24.59,f4:6a:dd:7b:03:0d
1,2025-11-05 21:03:07,ctfmon.exe,0.0,24.59,f4:6a:dd:7b:03:0d
1,2025-11-05 21:03:07,Code.exe,0.0,24.59,f4:6a:dd:7b:03:0d
1,2025-11-05 21:03:07,jetbrains-toolbox.exe,0.0,24.59,f4:6a:dd:7b:03:0d
1,2025-11-05 21:03:07,svchost.exe,0.0,24.59,f4:6a:dd:7b:03:0d
1,2025-11-05 21:03:07,svchost.exe,0.0,24.59,f4:6a:dd:7b:03:0d
1,2025-11-05 21:03:07,msedge.exe,0.0,24.59,f4:6a:dd:7b:03:0d
1,2025-11-05 21:03:07,msedgewebview2.exe,0.0,24.59,f4:6a:dd:7b:03:0d
1,2025-11-05 21:03:07,bash.exe,0.0,24.59,f4:6a:dd:7b:03:0d
1,2025-11-05 21:03:07,ms-teams.exe,0.6,24.59,f4:6a:dd:7b:03:0d
1,2025-11-05 21:03:07,csrss.exe,0.0,24.59,f4:6a:dd:7b:03:0d
1,2025-11-05 21:03:07,WmiPrvSE.exe,19.4,24.59,f4:6a:dd:7b:03:0d
1,2025-11-05 21:03:07,msedgewebview2.exe,0.0,24.59,f4:6a:dd:7b:03:0d
1,2025-11-05 21:03:07,msedgewebview2.exe,0.0,24.59,f4:6a:dd:7b:03:0d
1,2025-11-05 21:03:07,msedge.exe,0.0,24.59,f4:6a:dd:7b:03:0d
1,2025-11-05 21:03:07,unsecapp.exe,0.0,24.59,f4:6a:dd:7b:03:0d
1,2025-11-05 21:03:07,Discord.exe,0.0,24.59,f4:6a:dd:7b:03:0d
1,2025-11-05 21:03:07,Code.exe,5.0,24.59,f4:6a:dd:7b:03:0d
1,2025-11-05 21:03:07,Discord.exe,0.0,24.59,f4:6a:dd:7b:03:0d
1,2025-11-05 21:03:07,Widgets.exe,0.0,24.59,f4:6a:dd:7b:03:0d
1,2025-11-05 21:03:07,msedgewebview2.exe,0.0,24.59,f4:6a:dd:7b:03:0d
1,2025-11-05 21:03:07,conhost.exe,0.0,24.59,f4:6a:dd:7b:03:0d
1,2025-11-05 21:03:07,TextInputHost.exe,0.0,24.59,f4:6a:dd:7b:03:0d
1,2025-11-05 21:03:07,Code.exe,0.0,24.59,f4:6a:dd:7b:03:0d
1,2025-11-05 21:03:07,msedgewebview2.exe,0.0,24.59,f4:6a:dd:7b:03:0d
1,2025-11-05 21:03:07,msedgewebview2.exe,0.0,24.59,f4:6a:dd:7b:03:0d
1,2025-11-05 21:03:07,MSPCManagerCore.exe,1.3,24.59,f4:6a:dd:7b:03:0d
1,2025-11-05 21:03:07,conhost.exe,0.0,24.59,f4:6a:dd:7b:03:0d
1,2025-11-05 21:03:07,conhost.exe,0.0,24.59,f4:6a:dd:7b:03:0d
1,2025-11-05 21:03:07,svchost.exe,0.0,24.59,f4:6a:dd:7b:03:0d
1,2025-11-05 21:03:07,Notion.exe,0.6,24.59,f4:6a:dd:7b:03:0d
1,2025-11-05 21:03:07,svchost.exe,0.0,24.59,f4:6a:dd:7b:03:0d
1,2025-11-05 21:03:07,msedge.exe,0.0,24.59,f4:6a:dd:7b:03:0d
1,2025-11-05 21:03:07,conhost.exe,0.0,24.59,f4:6a:dd:7b:03:0d
1,2025-11-05 21:03:07,svchost.exe,0.0,24.59,f4:6a:dd:7b:03:0d
1,2025-11-05 21:03:07,RtkAudUService64.exe,0.0,24.59,f4:6a:dd:7b:03:0d
1,2025-11-05 21:03:07,Code.exe,0.0,24.59,f4:6a:dd:7b:03:0d
1,2025-11-05 21:03:07,svchost.exe,0.0,24.59,f4:6a:dd:7b:03:0d
1,2025-11-05 21:03:07,msedgewebview2.exe,0.0,24.59,f4:6a:dd:7b:03:0d
1,2025-11-05 21:03:07,env.exe,0.0,24.59,f4:6a:dd:7b:03:0d
1,2025-11-05 21:03:07,DAX3API.exe,0.0,24.59,f4:6a:dd:7b:03:0d
1,2025-11-05 21:03:07,svchost.exe,0.0,24.59,f4:6a:dd:7b:03:0d
1,2025-11-05 21:03:07,SecurityHealthSystray.exe,0.0,24.59,f4:6a:dd:7b:03:0d
1,2025-11-05 21:03:07,audiodg.exe,4.4,24.59,f4:6a:dd:7b:03:0d
1,2025-11-05 21:03:07,svchost.exe,0.0,24.59,f4:6a:dd:7b:03:0d
1,2025-11-05 21:03:07,msedgewebview2.exe,0.0,24.59,f4:6a:dd:7b:03:0d
1,2025-11-05 21:03:07,Discord.exe,0.0,24.59,f4:6a:dd:7b:03:0d
1,2025-11-05 21:03:07,svchost.exe,0.0,24.59,f4:6a:dd:7b:03:0d
1,2025-11-05 21:03:07,fontdrvhost.exe,0.0,24.59,f4:6a:dd:7b:03:0d
1,2025-11-05 21:03:07,Code.exe,11.3,24.59,f4:6a:dd:7b:03:0d
1,2025-11-05 21:03:07,OneDrive.exe,0.0,24.59,f4:6a:dd:7b:03:0d
1,2025-11-05 21:03:07,msedgewebview2.exe,0.0,24.59,f4:6a:dd:7b:03:0d
1,2025-11-05 21:03:07,RuntimeBroker.exe,0.0,24.59,f4:6a:dd:7b:03:0d
1,2025-11-05 21:03:07,FileCoAuth.exe,0.0,24.59,f4:6a:dd:7b:03:0d
1,2025-11-05 21:03:07,python.exe,0.0,24.59,f4:6a:dd:7b:03:0d
1,2025-11-05 21:03:07,CrossDeviceResume.exe,0.0,24.59,f4:6a:dd:7b:03:0d
1,2025-11-05 21:03:07,Copilot.exe,0.0,24.59,f4:6a:dd:7b:03:0d
1,2025-11-05 21:03:07,backgroundTaskHost.exe,0.0,24.59,f4:6a:dd:7b:03:0d
1,2025-11-05 21:03:07,svchost.exe,0.0,24.59,f4:6a:dd:7b:03:0d
1,2025-11-05 21:03:07,msedgewebview2.exe,0.0,24.59,f4:6a:dd:7b:03:0d
1,2025-11-05 21:03:07,python.exe,0.0,24.59,f4:6a:dd:7b:03:0d
1,2025-11-05 21:03:07,svchost.exe,0.0,24.59,f4:6a:dd:7b:03:0d
1,2025-11-05 21:03:07,svchost.exe,0.0,24.59,f4:6a:dd:7b:03:0d
1,2025-11-05 21:03:07,RuntimeBroker.exe,0.0,24.59,f4:6a:dd:7b:03:0d
1,2025-11-05 21:03:07,msedgewebview2.exe,0.0,24.59,f4:6a:dd:7b:03:0d
1,2025-11-05 21:03:07,svchost.exe,0.0,24.59,f4:6a:dd:7b:03:0d
1,2025-11-05 21:03:07,svchost.exe,0.0,24.59,f4:6a:dd:7b:03:0d
1,2025-11-05 21:03:07,msedgewebview2.exe,0.0,24.59,f4:6a:dd:7b:03:0d
1,2025-11-05 21:03:07,taskhostw.exe,0.0,24.59,f4:6a:dd:7b:03:0d
1,2025-11-05 21:03:07,svchost.exe,0.0,24.59,f4:6a:dd:7b:03:0d
1,2025-11-05 21:03:07,PhoneExperienceHost.exe,0.0,24.59,f4:6a:dd:7b:03:0d
1,2025-11-05 21:03:07,msedgewebview2.exe,0.0,24.59,f4:6a:dd:7b:03:0d
1,2025-11-05 21:03:07,bash.exe,0.0,24.59,f4:6a:dd:7b:03:0d
1,2025-11-05 21:03:07,Discord.exe,0.0,24.59,f4:6a:dd:7b:03:0d
1,2025-11-05 21:03:07,msedge.exe,0.0,24.59,f4:6a:dd:7b:03:0d
1,2025-11-05 21:03:07,conhost.exe,0.0,24.59,f4:6a:dd:7b:03:0d
id_empresa,datetime,processo,uso de cpu,uso de gpu,mac_address
1,2025-11-05 21:03:16,System Idle Process,470.6,12.78,f4:6a:dd:7b:03:0d
1,2025-11-05 21:03:16,System,8.7,12.78,f4:6a:dd:7b:03:0d
1,2025-11-05 21:03:16,,0.0,12.78,f4:6a:dd:7b:03:0d
1,2025-11-05 21:03:16,Registry,0.0,12.78,f4:6a:dd:7b:03:0d
1,2025-11-05 21:03:16,smss.exe,0.0,12.78,f4:6a:dd:7b:03:0d
1,2025-11-05 21:03:16,RuntimeBroker.exe,0.0,12.78,f4:6a:dd:7b:03:0d
1,2025-11-05 21:03:16,Code.exe,0.0,12.78,f4:6a:dd:7b:03:0d
1,2025-11-05 21:03:16,bash.exe,1.4,12.78,f4:6a:dd:7b:03:0d
1,2025-11-05 21:03:16,csrss.exe,0.0,12.78,f4:6a:dd:7b:03:0d
1,2025-11-05 21:03:16,FnHotkeyUtility.exe,0.0,12.78,f4:6a:dd:7b:03:0d
1,2025-11-05 21:03:16,wininit.exe,0.0,12.78,f4:6a:dd:7b:03:0d
1,2025-11-05 21:03:16,svchost.exe,0.0,12.78,f4:6a:dd:7b:03:0d
1,2025-11-05 21:03:16,services.exe,0.0,12.78,f4:6a:dd:7b:03:0d
1,2025-11-05 21:03:16,msedgewebview2.exe,0.0,12.78,f4:6a:dd:7b:03:0d
1,2025-11-05 21:03:16,LsaIso.exe,0.0,12.78,f4:6a:dd:7b:03:0d
1,2025-11-05 21:03:16,lsass.exe,0.0,12.78,f4:6a:dd:7b:03:0d
1,2025-11-05 21:03:16,dwm.exe,0.0,12.78,f4:6a:dd:7b:03:0d
1,2025-11-05 21:03:16,svchost.exe,0.0,12.78,f4:6a:dd:7b:03:0d
1,2025-11-05 21:03:16,svchost.exe,0.0,12.78,f4:6a:dd:7b:03:0d
1,2025-11-05 21:03:16,svchost.exe,0.0,12.78,f4:6a:dd:7b:03:0d
1,2025-11-05 21:03:16,fontdrvhost.exe,0.0,12.78,f4:6a:dd:7b:03:0d
1,2025-11-05 21:03:16,WUDFHost.exe,0.0,12.78,f4:6a:dd:7b:03:0d
1,2025-11-05 21:03:16,AppProvisioningPlugin.exe,0.0,12.78,f4:6a:dd:7b:03:0d
1,2025-11-05 21:03:16,svchost.exe,0.7,12.78,f4:6a:dd:7b:03:0d
1,2025-11-05 21:03:16,conhost.exe,0.0,12.78,f4:6a:dd:7b:03:0d
1,2025-11-05 21:03:16,svchost.exe,0.0,12.78,f4:6a:dd:7b:03:0d
1,2025-11-05 21:03:16,WUDFHost.exe,0.0,12.78,f4:6a:dd:7b:03:0d
1,2025-11-05 21:03:16,svchost.exe,0.0,12.78,f4:6a:dd:7b:03:0d
1,2025-11-05 21:03:16,svchost.exe,0.0,12.78,f4:6a:dd:7b:03:0d
1,2025-11-05 21:03:16,svchost.exe,0.0,12.78,f4:6a:dd:7b:03:0d
1,2025-11-05 21:03:16,svchost.exe,0.0,12.78,f4:6a:dd:7b:03:0d
1,2025-11-05 21:03:16,svchost.exe,0.0,12.78,f4:6a:dd:7b:03:0d
1,2025-11-05 21:03:16,svchost.exe,0.0,12.78,f4:6a:dd:7b:03:0d
1,2025-11-05 21:03:16,svchost.exe,0.0,12.78,f4:6a:dd:7b:03:0d
1,2025-11-05 21:03:16,svchost.exe,0.0,12.78,f4:6a:dd:7b:03:0d
1,2025-11-05 21:03:16,svchost.exe,0.0,12.78,f4:6a:dd:7b:03:0d
1,2025-11-05 21:03:16,msedge.exe,0.0,12.78,f4:6a:dd:7b:03:0d
1,2025-11-05 21:03:16,svchost.exe,0.0,12.78,f4:6a:dd:7b:03:0d
1,2025-11-05 21:03:16,svchost.exe,0.0,12.78,f4:6a:dd:7b:03:0d
1,2025-11-05 21:03:16,atiesrxx.exe,0.0,12.78,f4:6a:dd:7b:03:0d
1,2025-11-05 21:03:16,svchost.exe,0.0,12.78,f4:6a:dd:7b:03:0d
1,2025-11-05 21:03:16,svchost.exe,0.0,12.78,f4:6a:dd:7b:03:0d
1,2025-11-05 21:03:16,svchost.exe,0.0,12.78,f4:6a:dd:7b:03:0d
1,2025-11-05 21:03:16,amdfendrsr.exe,0.0,12.78,f4:6a:dd:7b:03:0d
1,2025-11-05 21:03:16,svchost.exe,0.0,12.78,f4:6a:dd:7b:03:0d
1,2025-11-05 21:03:16,svchost.exe,0.0,12.78,f4:6a:dd:7b:03:0d
1,2025-11-05 21:03:16,RuntimeBroker.exe,0.0,12.78,f4:6a:dd:7b:03:0d
1,2025-11-05 21:03:16,Notion.exe,0.0,12.78,f4:6a:dd:7b:03:0d
1,2025-11-05 21:03:16,svchost.exe,0.0,12.78,f4:6a:dd:7b:03:0d
1,2025-11-05 21:03:16,svchost.exe,0.0,12.78,f4:6a:dd:7b:03:0d
1,2025-11-05 21:03:16,msedgewebview2.exe,0.0,12.78,f4:6a:dd:7b:03:0d
1,2025-11-05 21:03:16,svchost.exe,0.0,12.78,f4:6a:dd:7b:03:0d
1,2025-11-05 21:03:16,svchost.exe,0.0,12.78,f4:6a:dd:7b:03:0d
1,2025-11-05 21:03:16,svchost.exe,0.0,12.78,f4:6a:dd:7b:03:0d
1,2025-11-05 21:03:16,svchost.exe,0.0,12.78,f4:6a:dd:7b:03:0d
1,2025-11-05 21:03:16,svchost.exe,0.7,12.78,f4:6a:dd:7b:03:0d
1,2025-11-05 21:03:16,svchost.exe,0.0,12.78,f4:6a:dd:7b:03:0d
1,2025-11-05 21:03:16,svchost.exe,0.0,12.78,f4:6a:dd:7b:03:0d
1,2025-11-05 21:03:16,SearchIndexer.exe,0.0,12.78,f4:6a:dd:7b:03:0d
1,2025-11-05 21:03:16,svchost.exe,0.0,12.78,f4:6a:dd:7b:03:0d
1,2025-11-05 21:03:16,idea64.exe,1.4,12.78,f4:6a:dd:7b:03:0d
1,2025-11-05 21:03:16,svchost.exe,0.0,12.78,f4:6a:dd:7b:03:0d
1,2025-11-05 21:03:16,svchost.exe,0.0,12.78,f4:6a:dd:7b:03:0d
1,2025-11-05 21:03:16,svchost.exe,0.0,12.78,f4:6a:dd:7b:03:0d
1,2025-11-05 21:03:16,WidgetService.exe,0.0,12.78,f4:6a:dd:7b:03:0d
1,2025-11-05 21:03:16,svchost.exe,0.0,12.78,f4:6a:dd:7b:03:0d
1,2025-11-05 21:03:16,svchost.exe,0.0,12.78,f4:6a:dd:7b:03:0d
1,2025-11-05 21:03:16,svchost.exe,0.0,12.78,f4:6a:dd:7b:03:0d
1,2025-11-05 21:03:16,MemCompression,0.0,12.78,f4:6a:dd:7b:03:0d
1,2025-11-05 21:03:16,Code.exe,0.0,12.78,f4:6a:dd:7b:03:0d
1,2025-11-05 21:03:16,svchost.exe,0.0,12.78,f4:6a:dd:7b:03:0d
1,2025-11-05 21:03:16,svchost.exe,0.0,12.78,f4:6a:dd:7b:03:0d
1,2025-11-05 21:03:16,svchost.exe,0.0,12.78,f4:6a:dd:7b:03:0d
1,2025-11-05 21:03:16,svchost.exe,0.0,12.78,f4:6a:dd:7b:03:0d
1,2025-11-05 21:03:16,atieclxx.exe,0.0,12.78,f4:6a:dd:7b:03:0d
1,2025-11-05 21:03:16,svchost.exe,0.0,12.78,f4:6a:dd:7b:03:0d
1,2025-11-05 21:03:16,MpDefenderCoreService.exe,0.0,12.78,f4:6a:dd:7b:03:0d
1,2025-11-05 21:03:16,svchost.exe,0.0,12.78,f4:6a:dd:7b:03:0d
1,2025-11-05 21:03:16,svchost.exe,0.0,12.78,f4:6a:dd:7b:03:0d
1,2025-11-05 21:03:16,svchost.exe,0.0,12.78,f4:6a:dd:7b:03:0d
1,2025-11-05 21:03:16,explorer.exe,0.0,12.78,f4:6a:dd:7b:03:0d
1,2025-11-05 21:03:16,msedgewebview2.exe,0.0,12.78,f4:6a:dd:7b:03:0d
1,2025-11-05 21:03:16,svchost.exe,0.0,12.78,f4:6a:dd:7b:03:0d
1,2025-11-05 21:03:16,msedge.exe,0.0,12.78,f4:6a:dd:7b:03:0d
1,2025-11-05 21:03:16,msedgewebview2.exe,0.0,12.78,f4:6a:dd:7b:03:0d
1,2025-11-05 21:03:16,svchost.exe,0.0,12.78,f4:6a:dd:7b:03:0d
1,2025-11-05 21:03:16,Code.exe,0.0,12.78,f4:6a:dd:7b:03:0d
1,2025-11-05 21:03:16,svchost.exe,0.0,12.78,f4:6a:dd:7b:03:0d
1,2025-11-05 21:03:16,svchost.exe,0.0,12.78,f4:6a:dd:7b:03:0d
1,2025-11-05 21:03:16,UDClientService.exe,0.7,12.78,f4:6a:dd:7b:03:0d
1,2025-11-05 21:03:16,svchost.exe,0.0,12.78,f4:6a:dd:7b:03:0d
1,2025-11-05 21:03:16,spoolsv.exe,0.0,12.78,f4:6a:dd:7b:03:0d
1,2025-11-05 21:03:16,msedge.exe,0.0,12.78,f4:6a:dd:7b:03:0d
1,2025-11-05 21:03:16,svchost.exe,0.0,12.78,f4:6a:dd:7b:03:0d
1,2025-11-05 21:03:16,svchost.exe,0.0,12.78,f4:6a:dd:7b:03:0d
1,2025-11-05 21:03:16,svchost.exe,0.0,12.78,f4:6a:dd:7b:03:0d
1,2025-11-05 21:03:16,msedge.exe,0.0,12.78,f4:6a:dd:7b:03:0d
1,2025-11-05 21:03:16,svchost.exe,0.0,12.78,f4:6a:dd:7b:03:0d
1,2025-11-05 21:03:16,svchost.exe,0.0,12.78,f4:6a:dd:7b:03:0d
1,2025-11-05 21:03:16,svchost.exe,7.9,12.78,f4:6a:dd:7b:03:0d
1,2025-11-05 21:03:16,svchost.exe,0.0,12.78,f4:6a:dd:7b:03:0d
1,2025-11-05 21:03:16,svchost.exe,0.0,12.78,f4:6a:dd:7b:03:0d
1,2025-11-05 21:03:16,DAX3API.exe,0.0,12.78,f4:6a:dd:7b:03:0d
1,2025-11-05 21:03:16,svchost.exe,0.0,12.78,f4:6a:dd:7b:03:0d
1,2025-11-05 21:03:16,Notion.exe,0.0,12.78,f4:6a:dd:7b:03:0d
1,2025-11-05 21:03:16,WmiApSrv.exe,0.0,12.78,f4:6a:dd:7b:03:0d
1,2025-11-05 21:03:16,FMService64.exe,0.0,12.78,f4:6a:dd:7b:03:0d
1,2025-11-05 21:03:16,svchost.exe,0.0,12.78,f4:6a:dd:7b:03:0d
1,2025-11-05 21:03:16,OfficeClickToRun.exe,0.0,12.78,f4:6a:dd:7b:03:0d
1,2025-11-05 21:03:16,Lenovo.Modern.ImController.exe,0.0,12.78,f4:6a:dd:7b:03:0d
1,2025-11-05 21:03:16,svchost.exe,0.0,12.78,f4:6a:dd:7b:03:0d
1,2025-11-05 21:03:16,svchost.exe,0.0,12.78,f4:6a:dd:7b:03:0d
1,2025-11-05 21:03:16,LenovoUtilityService.exe,0.0,12.78,f4:6a:dd:7b:03:0d
1,2025-11-05 21:03:16,LNBITSSvc.exe,0.0,12.78,f4:6a:dd:7b:03:0d
1,2025-11-05 21:03:16,RtkBtManServ.exe,0.0,12.78,f4:6a:dd:7b:03:0d
1,2025-11-05 21:03:16,svchost.exe,0.0,12.78,f4:6a:dd:7b:03:0d
1,2025-11-05 21:03:16,mysqld.exe,0.0,12.78,f4:6a:dd:7b:03:0d
1,2025-11-05 21:03:16,RtkAudUService64.exe,0.0,12.78,f4:6a:dd:7b:03:0d
1,2025-11-05 21:03:16,svchost.exe,0.0,12.78,f4:6a:dd:7b:03:0d
1,2025-11-05 21:03:16,MsMpEng.exe,0.7,12.78,f4:6a:dd:7b:03:0d
1,2025-11-05 21:03:16,wslservice.exe,0.0,12.78,f4:6a:dd:7b:03:0d
1,2025-11-05 21:03:16,RuntimeBroker.exe,0.0,12.78,f4:6a:dd:7b:03:0d
1,2025-11-05 21:03:16,MSPCManagerService.exe,0.0,12.78,f4:6a:dd:7b:03:0d
1,2025-11-05 21:03:16,MSPCManager.exe,1.4,12.78,f4:6a:dd:7b:03:0d
1,2025-11-05 21:03:16,mysqld.exe,0.0,12.78,f4:6a:dd:7b:03:0d
1,2025-11-05 21:03:16,msedge.exe,0.0,12.78,f4:6a:dd:7b:03:0d
1,2025-11-05 21:03:16,conhost.exe,0.0,12.78,f4:6a:dd:7b:03:0d
1,2025-11-05 21:03:16,svchost.exe,0.0,12.78,f4:6a:dd:7b:03:0d
1,2025-11-05 21:03:16,svchost.exe,0.0,12.78,f4:6a:dd:7b:03:0d
1,2025-11-05 21:03:16,svchost.exe,0.0,12.78,f4:6a:dd:7b:03:0d
1,2025-11-05 21:03:16,SearchHost.exe,0.0,12.78,f4:6a:dd:7b:03:0d
1,2025-11-05 21:03:16,WmiPrvSE.exe,0.0,12.78,f4:6a:dd:7b:03:0d
1,2025-11-05 21:03:16,SecurityHealthService.exe,0.0,12.78,f4:6a:dd:7b:03:0d
1,2025-11-05 21:03:16,unsecapp.exe,0.0,12.78,f4:6a:dd:7b:03:0d
1,2025-11-05 21:03:16,Notion.exe,0.0,12.78,f4:6a:dd:7b:03:0d
1,2025-11-05 21:03:16,Notion.exe,0.0,12.78,f4:6a:dd:7b:03:0d
1,2025-11-05 21:03:16,Discord.exe,27.2,12.78,f4:6a:dd:7b:03:0d
1,2025-11-05 21:03:16,svchost.exe,0.0,12.78,f4:6a:dd:7b:03:0d
1,2025-11-05 21:03:16,sihost.exe,0.0,12.78,f4:6a:dd:7b:03:0d
1,2025-11-05 21:03:16,AggregatorHost.exe,0.0,12.78,f4:6a:dd:7b:03:0d
1,2025-11-05 21:03:16,taskhostw.exe,0.0,12.78,f4:6a:dd:7b:03:0d
1,2025-11-05 21:03:16,svchost.exe,0.0,12.78,f4:6a:dd:7b:03:0d
1,2025-11-05 21:03:16,RuntimeBroker.exe,0.0,12.78,f4:6a:dd:7b:03:0d
1,2025-11-05 21:03:16,svchost.exe,0.0,12.78,f4:6a:dd:7b:03:0d
1,2025-11-05 21:03:16,svchost.exe,0.0,12.78,f4:6a:dd:7b:03:0d
1,2025-11-05 21:03:16,msedgewebview2.exe,0.0,12.78,f4:6a:dd:7b:03:0d
1,2025-11-05 21:03:16,msedge.exe,1.4,12.78,f4:6a:dd:7b:03:0d
1,2025-11-05 21:03:16,NisSrv.exe,0.0,12.78,f4:6a:dd:7b:03:0d
1,2025-11-05 21:03:16,svchost.exe,0.0,12.78,f4:6a:dd:7b:03:0d
1,2025-11-05 21:03:16,Code.exe,0.0,12.78,f4:6a:dd:7b:03:0d
1,2025-11-05 21:03:16,svchost.exe,0.0,12.78,f4:6a:dd:7b:03:0d
1,2025-11-05 21:03:16,NgcIso.exe,0.0,12.78,f4:6a:dd:7b:03:0d
1,2025-11-05 21:03:16,svchost.exe,0.0,12.78,f4:6a:dd:7b:03:0d
1,2025-11-05 21:03:16,msedge.exe,0.0,12.78,f4:6a:dd:7b:03:0d
1,2025-11-05 21:03:16,OneDrive.Sync.Service.exe,0.0,12.78,f4:6a:dd:7b:03:0d
1,2025-11-05 21:03:16,Notepad.exe,0.0,12.78,f4:6a:dd:7b:03:0d
1,2025-11-05 21:03:16,pet.exe,0.0,12.78,f4:6a:dd:7b:03:0d
1,2025-11-05 21:03:16,python.exe,52.3,12.78,f4:6a:dd:7b:03:0d
1,2025-11-05 21:03:16,Code.exe,0.0,12.78,f4:6a:dd:7b:03:0d
1,2025-11-05 21:03:16,msedge.exe,0.0,12.78,f4:6a:dd:7b:03:0d
1,2025-11-05 21:03:16,msedge.exe,0.0,12.78,f4:6a:dd:7b:03:0d
1,2025-11-05 21:03:16,svchost.exe,0.0,12.78,f4:6a:dd:7b:03:0d
1,2025-11-05 21:03:16,vmcompute.exe,0.0,12.78,f4:6a:dd:7b:03:0d
1,2025-11-05 21:03:16,svchost.exe,0.0,12.78,f4:6a:dd:7b:03:0d
1,2025-11-05 21:03:16,svchost.exe,0.0,12.78,f4:6a:dd:7b:03:0d
1,2025-11-05 21:03:16,fsnotifier.exe,0.0,12.78,f4:6a:dd:7b:03:0d
1,2025-11-05 21:03:16,winlogon.exe,0.0,12.78,f4:6a:dd:7b:03:0d
1,2025-11-05 21:03:16,Code.exe,0.0,12.78,f4:6a:dd:7b:03:0d
1,2025-11-05 21:03:16,unsecapp.exe,0.0,12.78,f4:6a:dd:7b:03:0d
1,2025-11-05 21:03:16,svchost.exe,0.0,12.78,f4:6a:dd:7b:03:0d
1,2025-11-05 21:03:16,Discord.exe,0.7,12.78,f4:6a:dd:7b:03:0d
1,2025-11-05 21:03:16,ms-teams.exe,0.0,12.78,f4:6a:dd:7b:03:0d
1,2025-11-05 21:03:16,Code.exe,0.0,12.78,f4:6a:dd:7b:03:0d
1,2025-11-05 21:03:16,conhost.exe,0.0,12.78,f4:6a:dd:7b:03:0d
1,2025-11-05 21:03:16,msedgewebview2.exe,0.0,12.78,f4:6a:dd:7b:03:0d
1,2025-11-05 21:03:16,svchost.exe,0.0,12.78,f4:6a:dd:7b:03:0d
1,2025-11-05 21:03:16,Notion.exe,0.0,12.78,f4:6a:dd:7b:03:0d
1,2025-11-05 21:03:16,Notion.exe,0.0,12.78,f4:6a:dd:7b:03:0d
1,2025-11-05 21:03:16,msedge.exe,0.0,12.78,f4:6a:dd:7b:03:0d
1,2025-11-05 21:03:16,Notion.exe,0.0,12.78,f4:6a:dd:7b:03:0d
1,2025-11-05 21:03:16,svchost.exe,0.0,12.78,f4:6a:dd:7b:03:0d
1,2025-11-05 21:03:16,msedge.exe,0.0,12.78,f4:6a:dd:7b:03:0d
1,2025-11-05 21:03:16,svchost.exe,0.0,12.78,f4:6a:dd:7b:03:0d
1,2025-11-05 21:03:16,bash.exe,0.0,12.78,f4:6a:dd:7b:03:0d
1,2025-11-05 21:03:16,StartMenuExperienceHost.exe,0.0,12.78,f4:6a:dd:7b:03:0d
1,2025-11-05 21:03:16,OneDrive.exe,0.0,12.78,f4:6a:dd:7b:03:0d
1,2025-11-05 21:03:16,msedgewebview2.exe,0.0,12.78,f4:6a:dd:7b:03:0d
1,2025-11-05 21:03:16,FnHotkeyCapsLKNumLK.exe,0.0,12.78,f4:6a:dd:7b:03:0d
1,2025-11-05 21:03:16,dllhost.exe,0.0,12.78,f4:6a:dd:7b:03:0d
1,2025-11-05 21:03:16,msedgewebview2.exe,0.0,12.78,f4:6a:dd:7b:03:0d
1,2025-11-05 21:03:16,WhatsApp.Root.exe,0.0,12.78,f4:6a:dd:7b:03:0d
1,2025-11-05 21:03:16,UserOOBEBroker.exe,0.0,12.78,f4:6a:dd:7b:03:0d
1,2025-11-05 21:03:16,RuntimeBroker.exe,0.0,12.78,f4:6a:dd:7b:03:0d
1,2025-11-05 21:03:16,svchost.exe,0.0,12.78,f4:6a:dd:7b:03:0d
1,2025-11-05 21:03:16,msedge.exe,0.0,12.78,f4:6a:dd:7b:03:0d
1,2025-11-05 21:03:16,msedgewebview2.exe,0.0,12.78,f4:6a:dd:7b:03:0d
1,2025-11-05 21:03:16,msedgewebview2.exe,0.0,12.78,f4:6a:dd:7b:03:0d
1,2025-11-05 21:03:16,svchost.exe,0.0,12.78,f4:6a:dd:7b:03:0d
1,2025-11-05 21:03:16,RuntimeBroker.exe,0.0,12.78,f4:6a:dd:7b:03:0d
1,2025-11-05 21:03:16,AutoModeDetect.exe,0.0,12.78,f4:6a:dd:7b:03:0d
1,2025-11-05 21:03:16,msedge.exe,0.0,12.78,f4:6a:dd:7b:03:0d
1,2025-11-05 21:03:16,ShellHost.exe,0.0,12.78,f4:6a:dd:7b:03:0d
1,2025-11-05 21:03:16,FileSyncHelper.exe,0.0,12.78,f4:6a:dd:7b:03:0d
1,2025-11-05 21:03:16,AppActions.exe,0.0,12.78,f4:6a:dd:7b:03:0d
1,2025-11-05 21:03:16,Code.exe,0.0,12.78,f4:6a:dd:7b:03:0d
1,2025-11-05 21:03:16,msedgewebview2.exe,0.0,12.78,f4:6a:dd:7b:03:0d
1,2025-11-05 21:03:16,msedgewebview2.exe,0.0,12.78,f4:6a:dd:7b:03:0d
1,2025-11-05 21:03:16,ShellExperienceHost.exe,0.0,12.78,f4:6a:dd:7b:03:0d
1,2025-11-05 21:03:16,ctfmon.exe,0.0,12.78,f4:6a:dd:7b:03:0d
1,2025-11-05 21:03:16,Code.exe,0.0,12.78,f4:6a:dd:7b:03:0d
1,2025-11-05 21:03:16,jetbrains-toolbox.exe,0.0,12.78,f4:6a:dd:7b:03:0d
1,2025-11-05 21:03:16,svchost.exe,0.0,12.78,f4:6a:dd:7b:03:0d
1,2025-11-05 21:03:16,svchost.exe,0.0,12.78,f4:6a:dd:7b:03:0d
1,2025-11-05 21:03:16,msedge.exe,0.7,12.78,f4:6a:dd:7b:03:0d
1,2025-11-05 21:03:16,msedgewebview2.exe,0.0,12.78,f4:6a:dd:7b:03:0d
1,2025-11-05 21:03:16,bash.exe,0.0,12.78,f4:6a:dd:7b:03:0d
1,2025-11-05 21:03:16,ms-teams.exe,0.0,12.78,f4:6a:dd:7b:03:0d
1,2025-11-05 21:03:16,csrss.exe,0.0,12.78,f4:6a:dd:7b:03:0d
1,2025-11-05 21:03:16,WmiPrvSE.exe,13.7,12.78,f4:6a:dd:7b:03:0d
1,2025-11-05 21:03:16,msedgewebview2.exe,0.0,12.78,f4:6a:dd:7b:03:0d
1,2025-11-05 21:03:16,msedgewebview2.exe,0.0,12.78,f4:6a:dd:7b:03:0d
1,2025-11-05 21:03:16,msedge.exe,0.0,12.78,f4:6a:dd:7b:03:0d
1,2025-11-05 21:03:16,unsecapp.exe,0.0,12.78,f4:6a:dd:7b:03:0d
1,2025-11-05 21:03:16,Discord.exe,0.0,12.78,f4:6a:dd:7b:03:0d
1,2025-11-05 21:03:16,Code.exe,0.0,12.78,f4:6a:dd:7b:03:0d
1,2025-11-05 21:03:16,Discord.exe,0.0,12.78,f4:6a:dd:7b:03:0d
1,2025-11-05 21:03:16,Widgets.exe,0.0,12.78,f4:6a:dd:7b:03:0d
1,2025-11-05 21:03:16,msedgewebview2.exe,0.0,12.78,f4:6a:dd:7b:03:0d
1,2025-11-05 21:03:16,conhost.exe,0.0,12.78,f4:6a:dd:7b:03:0d
1,2025-11-05 21:03:16,TextInputHost.exe,0.0,12.78,f4:6a:dd:7b:03:0d
1,2025-11-05 21:03:16,Code.exe,0.0,12.78,f4:6a:dd:7b:03:0d
1,2025-11-05 21:03:16,msedgewebview2.exe,0.0,12.78,f4:6a:dd:7b:03:0d
1,2025-11-05 21:03:16,msedgewebview2.exe,0.0,12.78,f4:6a:dd:7b:03:0d
1,2025-11-05 21:03:16,MSPCManagerCore.exe,0.7,12.78,f4:6a:dd:7b:03:0d
1,2025-11-05 21:03:16,conhost.exe,0.0,12.78,f4:6a:dd:7b:03:0d
1,2025-11-05 21:03:16,conhost.exe,0.0,12.78,f4:6a:dd:7b:03:0d
1,2025-11-05 21:03:16,svchost.exe,0.0,12.78,f4:6a:dd:7b:03:0d
1,2025-11-05 21:03:16,Notion.exe,0.0,12.78,f4:6a:dd:7b:03:0d
1,2025-11-05 21:03:16,svchost.exe,0.0,12.78,f4:6a:dd:7b:03:0d
1,2025-11-05 21:03:16,msedge.exe,0.0,12.78,f4:6a:dd:7b:03:0d
1,2025-11-05 21:03:16,conhost.exe,0.0,12.78,f4:6a:dd:7b:03:0d
1,2025-11-05 21:03:16,svchost.exe,0.0,12.78,f4:6a:dd:7b:03:0d
1,2025-11-05 21:03:16,RtkAudUService64.exe,0.0,12.78,f4:6a:dd:7b:03:0d
1,2025-11-05 21:03:16,Code.exe,0.0,12.78,f4:6a:dd:7b:03:0d
1,2025-11-05 21:03:16,svchost.exe,0.0,12.78,f4:6a:dd:7b:03:0d
1,2025-11-05 21:03:16,msedgewebview2.exe,0.0,12.78,f4:6a:dd:7b:03:0d
1,2025-11-05 21:03:16,env.exe,0.0,12.78,f4:6a:dd:7b:03:0d
1,2025-11-05 21:03:16,DAX3API.exe,0.0,12.78,f4:6a:dd:7b:03:0d
1,2025-11-05 21:03:16,svchost.exe,0.0,12.78,f4:6a:dd:7b:03:0d
1,2025-11-05 21:03:16,SecurityHealthSystray.exe,0.0,12.78,f4:6a:dd:7b:03:0d
1,2025-11-05 21:03:16,audiodg.exe,4.3,12.78,f4:6a:dd:7b:03:0d
1,2025-11-05 21:03:16,svchost.exe,0.0,12.78,f4:6a:dd:7b:03:0d
1,2025-11-05 21:03:16,msedgewebview2.exe,0.0,12.78,f4:6a:dd:7b:03:0d
1,2025-11-05 21:03:16,Discord.exe,0.0,12.78,f4:6a:dd:7b:03:0d
1,2025-11-05 21:03:16,svchost.exe,0.0,12.78,f4:6a:dd:7b:03:0d
1,2025-11-05 21:03:16,fontdrvhost.exe,0.0,12.78,f4:6a:dd:7b:03:0d
1,2025-11-05 21:03:16,Code.exe,0.0,12.78,f4:6a:dd:7b:03:0d
1,2025-11-05 21:03:16,OneDrive.exe,0.0,12.78,f4:6a:dd:7b:03:0d
1,2025-11-05 21:03:16,msedgewebview2.exe,0.0,12.78,f4:6a:dd:7b:03:0d
1,2025-11-05 21:03:16,RuntimeBroker.exe,0.0,12.78,f4:6a:dd:7b:03:0d
1,2025-11-05 21:03:16,FileCoAuth.exe,0.0,12.78,f4:6a:dd:7b:03:0d
1,2025-11-05 21:03:16,python.exe,0.0,12.78,f4:6a:dd:7b:03:0d
1,2025-11-05 21:03:16,CrossDeviceResume.exe,0.0,12.78,f4:6a:dd:7b:03:0d
1,2025-11-05 21:03:16,Copilot.exe,0.0,12.78,f4:6a:dd:7b:03:0d
1,2025-11-05 21:03:16,backgroundTaskHost.exe,0.0,12.78,f4:6a:dd:7b:03:0d
1,2025-11-05 21:03:16,svchost.exe,0.0,12.78,f4:6a:dd:7b:03:0d
1,2025-11-05 21:03:16,msedgewebview2.exe,0.0,12.78,f4:6a:dd:7b:03:0d
1,2025-11-05 21:03:16,python.exe,0.0,12.78,f4:6a:dd:7b:03:0d
1,2025-11-05 21:03:16,svchost.exe,0.0,12.78,f4:6a:dd:7b:03:0d
1,2025-11-05 21:03:16,svchost.exe,0.0,12.78,f4:6a:dd:7b:03:0d
1,2025-11-05 21:03:16,RuntimeBroker.exe,0.0,12.78,f4:6a:dd:7b:03:0d
1,2025-11-05 21:03:16,msedgewebview2.exe,0.0,12.78,f4:6a:dd:7b:03:0d
1,2025-11-05 21:03:16,svchost.exe,0.0,12.78,f4:6a:dd:7b:03:0d
1,2025-11-05 21:03:16,svchost.exe,0.0,12.78,f4:6a:dd:7b:03:0d
1,2025-11-05 21:03:16,msedgewebview2.exe,0.0,12.78,f4:6a:dd:7b:03:0d
1,2025-11-05 21:03:16,taskhostw.exe,0.0,12.78,f4:6a:dd:7b:03:0d
1,2025-11-05 21:03:16,svchost.exe,0.0,12.78,f4:6a:dd:7b:03:0d
1,2025-11-05 21:03:16,PhoneExperienceHost.exe,0.0,12.78,f4:6a:dd:7b:03:0d
1,2025-11-05 21:03:16,msedgewebview2.exe,0.0,12.78,f4:6a:dd:7b:03:0d
1,2025-11-05 21:03:16,bash.exe,0.0,12.78,f4:6a:dd:7b:03:0d
1,2025-11-05 21:03:16,Discord.exe,0.0,12.78,f4:6a:dd:7b:03:0d
1,2025-11-05 21:03:16,msedge.exe,0.0,12.78,f4:6a:dd:7b:03:0d
1,2025-11-05 21:03:16,conhost.exe,0.0,12.78,f4:6a:dd:7b:03:0d
id_empresa,datetime,processo,uso de cpu,uso de gpu,mac_address
1,2025-11-05 21:03:25,System Idle Process,330.9,57.2,f4:6a:dd:7b:03:0d
1,2025-11-05 21:03:25,System,44.0,57.2,f4:6a:dd:7b:03:0d
1,2025-11-05 21:03:25,,0.0,57.2,f4:6a:dd:7b:03:0d
1,2025-11-05 21:03:25,Registry,0.0,57.2,f4:6a:dd:7b:03:0d
1,2025-11-05 21:03:25,smss.exe,0.0,57.2,f4:6a:dd:7b:03:0d
1,2025-11-05 21:03:25,RuntimeBroker.exe,0.0,57.2,f4:6a:dd:7b:03:0d
1,2025-11-05 21:03:25,Code.exe,0.0,57.2,f4:6a:dd:7b:03:0d
1,2025-11-05 21:03:25,bash.exe,2.7,57.2,f4:6a:dd:7b:03:0d
1,2025-11-05 21:03:25,csrss.exe,0.0,57.2,f4:6a:dd:7b:03:0d
1,2025-11-05 21:03:25,FnHotkeyUtility.exe,0.0,57.2,f4:6a:dd:7b:03:0d
1,2025-11-05 21:03:25,wininit.exe,0.0,57.2,f4:6a:dd:7b:03:0d
1,2025-11-05 21:03:25,svchost.exe,0.0,57.2,f4:6a:dd:7b:03:0d
1,2025-11-05 21:03:25,services.exe,0.0,57.2,f4:6a:dd:7b:03:0d
1,2025-11-05 21:03:25,msedgewebview2.exe,0.0,57.2,f4:6a:dd:7b:03:0d
1,2025-11-05 21:03:25,LsaIso.exe,0.0,57.2,f4:6a:dd:7b:03:0d
1,2025-11-05 21:03:25,lsass.exe,0.0,57.2,f4:6a:dd:7b:03:0d
1,2025-11-05 21:03:25,dwm.exe,2.0,57.2,f4:6a:dd:7b:03:0d
1,2025-11-05 21:03:25,svchost.exe,0.0,57.2,f4:6a:dd:7b:03:0d
1,2025-11-05 21:03:25,svchost.exe,0.0,57.2,f4:6a:dd:7b:03:0d
1,2025-11-05 21:03:25,svchost.exe,0.0,57.2,f4:6a:dd:7b:03:0d
1,2025-11-05 21:03:25,fontdrvhost.exe,0.0,57.2,f4:6a:dd:7b:03:0d
1,2025-11-05 21:03:25,WUDFHost.exe,0.0,57.2,f4:6a:dd:7b:03:0d
1,2025-11-05 21:03:25,AppProvisioningPlugin.exe,0.0,57.2,f4:6a:dd:7b:03:0d
1,2025-11-05 21:03:25,svchost.exe,0.0,57.2,f4:6a:dd:7b:03:0d
1,2025-11-05 21:03:25,conhost.exe,0.0,57.2,f4:6a:dd:7b:03:0d
1,2025-11-05 21:03:25,svchost.exe,0.0,57.2,f4:6a:dd:7b:03:0d
1,2025-11-05 21:03:25,WUDFHost.exe,0.0,57.2,f4:6a:dd:7b:03:0d
1,2025-11-05 21:03:25,svchost.exe,0.0,57.2,f4:6a:dd:7b:03:0d
1,2025-11-05 21:03:25,svchost.exe,0.0,57.2,f4:6a:dd:7b:03:0d
1,2025-11-05 21:03:25,svchost.exe,0.0,57.2,f4:6a:dd:7b:03:0d
1,2025-11-05 21:03:25,svchost.exe,0.0,57.2,f4:6a:dd:7b:03:0d
1,2025-11-05 21:03:25,svchost.exe,0.0,57.2,f4:6a:dd:7b:03:0d
1,2025-11-05 21:03:25,svchost.exe,0.0,57.2,f4:6a:dd:7b:03:0d
1,2025-11-05 21:03:25,svchost.exe,0.0,57.2,f4:6a:dd:7b:03:0d
1,2025-11-05 21:03:25,svchost.exe,0.0,57.2,f4:6a:dd:7b:03:0d
1,2025-11-05 21:03:25,svchost.exe,0.7,57.2,f4:6a:dd:7b:03:0d
1,2025-11-05 21:03:25,msedge.exe,0.0,57.2,f4:6a:dd:7b:03:0d
1,2025-11-05 21:03:25,svchost.exe,0.0,57.2,f4:6a:dd:7b:03:0d
1,2025-11-05 21:03:25,svchost.exe,0.0,57.2,f4:6a:dd:7b:03:0d
1,2025-11-05 21:03:25,atiesrxx.exe,0.0,57.2,f4:6a:dd:7b:03:0d
1,2025-11-05 21:03:25,svchost.exe,2.0,57.2,f4:6a:dd:7b:03:0d
1,2025-11-05 21:03:25,svchost.exe,0.0,57.2,f4:6a:dd:7b:03:0d
1,2025-11-05 21:03:25,svchost.exe,0.0,57.2,f4:6a:dd:7b:03:0d
1,2025-11-05 21:03:25,amdfendrsr.exe,0.0,57.2,f4:6a:dd:7b:03:0d
1,2025-11-05 21:03:25,svchost.exe,0.0,57.2,f4:6a:dd:7b:03:0d
1,2025-11-05 21:03:25,svchost.exe,0.0,57.2,f4:6a:dd:7b:03:0d
1,2025-11-05 21:03:25,RuntimeBroker.exe,0.0,57.2,f4:6a:dd:7b:03:0d
1,2025-11-05 21:03:25,Notion.exe,0.0,57.2,f4:6a:dd:7b:03:0d
1,2025-11-05 21:03:25,svchost.exe,0.0,57.2,f4:6a:dd:7b:03:0d
1,2025-11-05 21:03:25,svchost.exe,0.0,57.2,f4:6a:dd:7b:03:0d
1,2025-11-05 21:03:25,msedgewebview2.exe,0.0,57.2,f4:6a:dd:7b:03:0d
1,2025-11-05 21:03:25,svchost.exe,0.0,57.2,f4:6a:dd:7b:03:0d
1,2025-11-05 21:03:25,svchost.exe,0.0,57.2,f4:6a:dd:7b:03:0d
1,2025-11-05 21:03:25,svchost.exe,0.0,57.2,f4:6a:dd:7b:03:0d
1,2025-11-05 21:03:25,svchost.exe,0.0,57.2,f4:6a:dd:7b:03:0d
1,2025-11-05 21:03:25,svchost.exe,0.0,57.2,f4:6a:dd:7b:03:0d
1,2025-11-05 21:03:25,svchost.exe,0.0,57.2,f4:6a:dd:7b:03:0d
1,2025-11-05 21:03:25,svchost.exe,0.0,57.2,f4:6a:dd:7b:03:0d
1,2025-11-05 21:03:25,SearchIndexer.exe,0.0,57.2,f4:6a:dd:7b:03:0d
1,2025-11-05 21:03:25,svchost.exe,0.0,57.2,f4:6a:dd:7b:03:0d
1,2025-11-05 21:03:25,idea64.exe,0.7,57.2,f4:6a:dd:7b:03:0d
1,2025-11-05 21:03:25,svchost.exe,0.0,57.2,f4:6a:dd:7b:03:0d
1,2025-11-05 21:03:25,svchost.exe,0.0,57.2,f4:6a:dd:7b:03:0d
1,2025-11-05 21:03:25,svchost.exe,0.0,57.2,f4:6a:dd:7b:03:0d
1,2025-11-05 21:03:25,WidgetService.exe,0.0,57.2,f4:6a:dd:7b:03:0d
1,2025-11-05 21:03:25,svchost.exe,0.0,57.2,f4:6a:dd:7b:03:0d
1,2025-11-05 21:03:25,svchost.exe,0.0,57.2,f4:6a:dd:7b:03:0d
1,2025-11-05 21:03:25,svchost.exe,0.0,57.2,f4:6a:dd:7b:03:0d
1,2025-11-05 21:03:25,MemCompression,0.0,57.2,f4:6a:dd:7b:03:0d
1,2025-11-05 21:03:25,Code.exe,0.0,57.2,f4:6a:dd:7b:03:0d
1,2025-11-05 21:03:25,svchost.exe,0.0,57.2,f4:6a:dd:7b:03:0d
1,2025-11-05 21:03:25,svchost.exe,0.0,57.2,f4:6a:dd:7b:03:0d
1,2025-11-05 21:03:25,svchost.exe,0.0,57.2,f4:6a:dd:7b:03:0d
1,2025-11-05 21:03:25,svchost.exe,0.0,57.2,f4:6a:dd:7b:03:0d
1,2025-11-05 21:03:25,atieclxx.exe,0.0,57.2,f4:6a:dd:7b:03:0d
1,2025-11-05 21:03:25,svchost.exe,0.0,57.2,f4:6a:dd:7b:03:0d
1,2025-11-05 21:03:25,MpDefenderCoreService.exe,0.0,57.2,f4:6a:dd:7b:03:0d
1,2025-11-05 21:03:25,svchost.exe,0.0,57.2,f4:6a:dd:7b:03:0d
1,2025-11-05 21:03:25,svchost.exe,0.0,57.2,f4:6a:dd:7b:03:0d
1,2025-11-05 21:03:25,svchost.exe,0.0,57.2,f4:6a:dd:7b:03:0d
1,2025-11-05 21:03:25,explorer.exe,0.0,57.2,f4:6a:dd:7b:03:0d
1,2025-11-05 21:03:25,msedgewebview2.exe,0.0,57.2,f4:6a:dd:7b:03:0d
1,2025-11-05 21:03:25,svchost.exe,0.0,57.2,f4:6a:dd:7b:03:0d
1,2025-11-05 21:03:25,msedge.exe,0.0,57.2,f4:6a:dd:7b:03:0d
1,2025-11-05 21:03:25,msedgewebview2.exe,0.0,57.2,f4:6a:dd:7b:03:0d
1,2025-11-05 21:03:25,svchost.exe,0.0,57.2,f4:6a:dd:7b:03:0d
1,2025-11-05 21:03:25,Code.exe,0.0,57.2,f4:6a:dd:7b:03:0d
1,2025-11-05 21:03:25,svchost.exe,0.0,57.2,f4:6a:dd:7b:03:0d
1,2025-11-05 21:03:25,svchost.exe,0.0,57.2,f4:6a:dd:7b:03:0d
1,2025-11-05 21:03:25,UDClientService.exe,0.7,57.2,f4:6a:dd:7b:03:0d
1,2025-11-05 21:03:25,svchost.exe,0.0,57.2,f4:6a:dd:7b:03:0d
1,2025-11-05 21:03:25,spoolsv.exe,0.0,57.2,f4:6a:dd:7b:03:0d
1,2025-11-05 21:03:25,msedge.exe,0.0,57.2,f4:6a:dd:7b:03:0d
1,2025-11-05 21:03:25,svchost.exe,0.0,57.2,f4:6a:dd:7b:03:0d
1,2025-11-05 21:03:25,svchost.exe,0.0,57.2,f4:6a:dd:7b:03:0d
1,2025-11-05 21:03:25,svchost.exe,0.0,57.2,f4:6a:dd:7b:03:0d
1,2025-11-05 21:03:25,msedge.exe,0.0,57.2,f4:6a:dd:7b:03:0d
1,2025-11-05 21:03:25,svchost.exe,0.0,57.2,f4:6a:dd:7b:03:0d
1,2025-11-05 21:03:25,svchost.exe,0.0,57.2,f4:6a:dd:7b:03:0d
1,2025-11-05 21:03:25,svchost.exe,5.5,57.2,f4:6a:dd:7b:03:0d
1,2025-11-05 21:03:25,svchost.exe,0.0,57.2,f4:6a:dd:7b:03:0d
1,2025-11-05 21:03:25,svchost.exe,0.0,57.2,f4:6a:dd:7b:03:0d
1,2025-11-05 21:03:25,DAX3API.exe,0.0,57.2,f4:6a:dd:7b:03:0d
1,2025-11-05 21:03:25,svchost.exe,0.0,57.2,f4:6a:dd:7b:03:0d
1,2025-11-05 21:03:25,Notion.exe,0.0,57.2,f4:6a:dd:7b:03:0d
1,2025-11-05 21:03:25,WmiApSrv.exe,0.0,57.2,f4:6a:dd:7b:03:0d
1,2025-11-05 21:03:25,FMService64.exe,0.0,57.2,f4:6a:dd:7b:03:0d
1,2025-11-05 21:03:25,svchost.exe,0.0,57.2,f4:6a:dd:7b:03:0d
1,2025-11-05 21:03:25,OfficeClickToRun.exe,0.0,57.2,f4:6a:dd:7b:03:0d
1,2025-11-05 21:03:25,Lenovo.Modern.ImController.exe,0.0,57.2,f4:6a:dd:7b:03:0d
1,2025-11-05 21:03:25,svchost.exe,0.0,57.2,f4:6a:dd:7b:03:0d
1,2025-11-05 21:03:25,svchost.exe,0.0,57.2,f4:6a:dd:7b:03:0d
1,2025-11-05 21:03:25,LenovoUtilityService.exe,0.0,57.2,f4:6a:dd:7b:03:0d
1,2025-11-05 21:03:25,LNBITSSvc.exe,0.0,57.2,f4:6a:dd:7b:03:0d
1,2025-11-05 21:03:25,RtkBtManServ.exe,0.0,57.2,f4:6a:dd:7b:03:0d
1,2025-11-05 21:03:25,svchost.exe,0.0,57.2,f4:6a:dd:7b:03:0d
1,2025-11-05 21:03:25,mysqld.exe,0.0,57.2,f4:6a:dd:7b:03:0d
1,2025-11-05 21:03:25,RtkAudUService64.exe,0.0,57.2,f4:6a:dd:7b:03:0d
1,2025-11-05 21:03:25,svchost.exe,0.0,57.2,f4:6a:dd:7b:03:0d
1,2025-11-05 21:03:25,MsMpEng.exe,2.3,57.2,f4:6a:dd:7b:03:0d
1,2025-11-05 21:03:25,wslservice.exe,0.0,57.2,f4:6a:dd:7b:03:0d
1,2025-11-05 21:03:25,RuntimeBroker.exe,0.0,57.2,f4:6a:dd:7b:03:0d
1,2025-11-05 21:03:25,MSPCManagerService.exe,0.0,57.2,f4:6a:dd:7b:03:0d
1,2025-11-05 21:03:25,MSPCManager.exe,1.2,57.2,f4:6a:dd:7b:03:0d
1,2025-11-05 21:03:25,mysqld.exe,0.6,57.2,f4:6a:dd:7b:03:0d
1,2025-11-05 21:03:25,msedge.exe,0.0,57.2,f4:6a:dd:7b:03:0d
1,2025-11-05 21:03:25,conhost.exe,0.0,57.2,f4:6a:dd:7b:03:0d
1,2025-11-05 21:03:25,svchost.exe,0.0,57.2,f4:6a:dd:7b:03:0d
1,2025-11-05 21:03:25,svchost.exe,0.0,57.2,f4:6a:dd:7b:03:0d
1,2025-11-05 21:03:25,svchost.exe,0.0,57.2,f4:6a:dd:7b:03:0d
1,2025-11-05 21:03:25,SearchHost.exe,0.0,57.2,f4:6a:dd:7b:03:0d
1,2025-11-05 21:03:25,WmiPrvSE.exe,0.0,57.2,f4:6a:dd:7b:03:0d
1,2025-11-05 21:03:25,SecurityHealthService.exe,0.0,57.2,f4:6a:dd:7b:03:0d
1,2025-11-05 21:03:25,unsecapp.exe,0.0,57.2,f4:6a:dd:7b:03:0d
1,2025-11-05 21:03:25,Notion.exe,0.0,57.2,f4:6a:dd:7b:03:0d
1,2025-11-05 21:03:25,Notion.exe,0.0,57.2,f4:6a:dd:7b:03:0d
1,2025-11-05 21:03:25,Discord.exe,59.3,57.2,f4:6a:dd:7b:03:0d
1,2025-11-05 21:03:25,svchost.exe,0.0,57.2,f4:6a:dd:7b:03:0d
1,2025-11-05 21:03:25,sihost.exe,0.0,57.2,f4:6a:dd:7b:03:0d
1,2025-11-05 21:03:25,AggregatorHost.exe,0.0,57.2,f4:6a:dd:7b:03:0d
1,2025-11-05 21:03:25,taskhostw.exe,0.0,57.2,f4:6a:dd:7b:03:0d
1,2025-11-05 21:03:25,svchost.exe,0.0,57.2,f4:6a:dd:7b:03:0d
1,2025-11-05 21:03:25,RuntimeBroker.exe,0.0,57.2,f4:6a:dd:7b:03:0d
1,2025-11-05 21:03:25,svchost.exe,0.0,57.2,f4:6a:dd:7b:03:0d
1,2025-11-05 21:03:25,svchost.exe,0.0,57.2,f4:6a:dd:7b:03:0d
1,2025-11-05 21:03:25,msedgewebview2.exe,0.0,57.2,f4:6a:dd:7b:03:0d
1,2025-11-05 21:03:25,msedge.exe,0.6,57.2,f4:6a:dd:7b:03:0d
1,2025-11-05 21:03:25,NisSrv.exe,0.0,57.2,f4:6a:dd:7b:03:0d
1,2025-11-05 21:03:25,svchost.exe,0.0,57.2,f4:6a:dd:7b:03:0d
1,2025-11-05 21:03:25,Code.exe,48.2,57.2,f4:6a:dd:7b:03:0d
1,2025-11-05 21:03:25,svchost.exe,0.0,57.2,f4:6a:dd:7b:03:0d
1,2025-11-05 21:03:25,NgcIso.exe,0.0,57.2,f4:6a:dd:7b:03:0d
1,2025-11-05 21:03:25,svchost.exe,0.0,57.2,f4:6a:dd:7b:03:0d
1,2025-11-05 21:03:25,msedge.exe,0.0,57.2,f4:6a:dd:7b:03:0d
1,2025-11-05 21:03:25,OneDrive.Sync.Service.exe,0.0,57.2,f4:6a:dd:7b:03:0d
1,2025-11-05 21:03:25,Notepad.exe,0.0,57.2,f4:6a:dd:7b:03:0d
1,2025-11-05 21:03:25,pet.exe,0.0,57.2,f4:6a:dd:7b:03:0d
1,2025-11-05 21:03:25,python.exe,50.4,57.2,f4:6a:dd:7b:03:0d
1,2025-11-05 21:03:25,Code.exe,0.0,57.2,f4:6a:dd:7b:03:0d
1,2025-11-05 21:03:25,msedge.exe,0.0,57.2,f4:6a:dd:7b:03:0d
1,2025-11-05 21:03:25,msedge.exe,0.0,57.2,f4:6a:dd:7b:03:0d
1,2025-11-05 21:03:25,svchost.exe,0.0,57.2,f4:6a:dd:7b:03:0d
1,2025-11-05 21:03:25,vmcompute.exe,0.0,57.2,f4:6a:dd:7b:03:0d
1,2025-11-05 21:03:25,svchost.exe,0.0,57.2,f4:6a:dd:7b:03:0d
1,2025-11-05 21:03:25,svchost.exe,0.0,57.2,f4:6a:dd:7b:03:0d
1,2025-11-05 21:03:25,fsnotifier.exe,0.0,57.2,f4:6a:dd:7b:03:0d
1,2025-11-05 21:03:25,winlogon.exe,0.0,57.2,f4:6a:dd:7b:03:0d
1,2025-11-05 21:03:25,Code.exe,7.9,57.2,f4:6a:dd:7b:03:0d
1,2025-11-05 21:03:25,unsecapp.exe,0.0,57.2,f4:6a:dd:7b:03:0d
1,2025-11-05 21:03:25,svchost.exe,0.0,57.2,f4:6a:dd:7b:03:0d
1,2025-11-05 21:03:25,Discord.exe,0.0,57.2,f4:6a:dd:7b:03:0d
1,2025-11-05 21:03:25,ms-teams.exe,0.0,57.2,f4:6a:dd:7b:03:0d
1,2025-11-05 21:03:25,Code.exe,0.0,57.2,f4:6a:dd:7b:03:0d
1,2025-11-05 21:03:25,conhost.exe,1.7,57.2,f4:6a:dd:7b:03:0d
1,2025-11-05 21:03:25,msedgewebview2.exe,0.0,57.2,f4:6a:dd:7b:03:0d
1,2025-11-05 21:03:25,svchost.exe,0.0,57.2,f4:6a:dd:7b:03:0d
1,2025-11-05 21:03:25,Notion.exe,0.0,57.2,f4:6a:dd:7b:03:0d
1,2025-11-05 21:03:25,Notion.exe,0.0,57.2,f4:6a:dd:7b:03:0d
1,2025-11-05 21:03:25,msedge.exe,0.0,57.2,f4:6a:dd:7b:03:0d
1,2025-11-05 21:03:25,Notion.exe,0.0,57.2,f4:6a:dd:7b:03:0d
1,2025-11-05 21:03:25,svchost.exe,0.0,57.2,f4:6a:dd:7b:03:0d
1,2025-11-05 21:03:25,msedge.exe,0.0,57.2,f4:6a:dd:7b:03:0d
1,2025-11-05 21:03:25,svchost.exe,0.0,57.2,f4:6a:dd:7b:03:0d
1,2025-11-05 21:03:25,bash.exe,0.0,57.2,f4:6a:dd:7b:03:0d
1,2025-11-05 21:03:25,StartMenuExperienceHost.exe,0.0,57.2,f4:6a:dd:7b:03:0d
1,2025-11-05 21:03:25,OneDrive.exe,0.6,57.2,f4:6a:dd:7b:03:0d
1,2025-11-05 21:03:25,msedgewebview2.exe,0.0,57.2,f4:6a:dd:7b:03:0d
1,2025-11-05 21:03:25,FnHotkeyCapsLKNumLK.exe,0.0,57.2,f4:6a:dd:7b:03:0d
1,2025-11-05 21:03:25,dllhost.exe,0.0,57.2,f4:6a:dd:7b:03:0d
1,2025-11-05 21:03:25,msedgewebview2.exe,0.0,57.2,f4:6a:dd:7b:03:0d
1,2025-11-05 21:03:25,WhatsApp.Root.exe,1.1,57.2,f4:6a:dd:7b:03:0d
1,2025-11-05 21:03:25,UserOOBEBroker.exe,0.0,57.2,f4:6a:dd:7b:03:0d
1,2025-11-05 21:03:25,RuntimeBroker.exe,0.0,57.2,f4:6a:dd:7b:03:0d
1,2025-11-05 21:03:25,svchost.exe,0.6,57.2,f4:6a:dd:7b:03:0d
1,2025-11-05 21:03:25,msedge.exe,0.0,57.2,f4:6a:dd:7b:03:0d
1,2025-11-05 21:03:25,msedgewebview2.exe,0.0,57.2,f4:6a:dd:7b:03:0d
1,2025-11-05 21:03:25,msedgewebview2.exe,0.0,57.2,f4:6a:dd:7b:03:0d
1,2025-11-05 21:03:25,svchost.exe,0.0,57.2,f4:6a:dd:7b:03:0d
1,2025-11-05 21:03:25,RuntimeBroker.exe,0.0,57.2,f4:6a:dd:7b:03:0d
1,2025-11-05 21:03:25,AutoModeDetect.exe,0.0,57.2,f4:6a:dd:7b:03:0d
1,2025-11-05 21:03:25,msedge.exe,0.0,57.2,f4:6a:dd:7b:03:0d
1,2025-11-05 21:03:25,ShellHost.exe,0.0,57.2,f4:6a:dd:7b:03:0d
1,2025-11-05 21:03:25,FileSyncHelper.exe,0.0,57.2,f4:6a:dd:7b:03:0d
1,2025-11-05 21:03:25,AppActions.exe,0.0,57.2,f4:6a:dd:7b:03:0d
1,2025-11-05 21:03:25,Code.exe,6.2,57.2,f4:6a:dd:7b:03:0d
1,2025-11-05 21:03:25,msedgewebview2.exe,0.0,57.2,f4:6a:dd:7b:03:0d
1,2025-11-05 21:03:25,msedgewebview2.exe,0.0,57.2,f4:6a:dd:7b:03:0d
1,2025-11-05 21:03:25,ShellExperienceHost.exe,0.0,57.2,f4:6a:dd:7b:03:0d
1,2025-11-05 21:03:25,ctfmon.exe,0.0,57.2,f4:6a:dd:7b:03:0d
1,2025-11-05 21:03:25,Code.exe,0.0,57.2,f4:6a:dd:7b:03:0d
1,2025-11-05 21:03:25,jetbrains-toolbox.exe,0.6,57.2,f4:6a:dd:7b:03:0d
1,2025-11-05 21:03:25,svchost.exe,0.0,57.2,f4:6a:dd:7b:03:0d
1,2025-11-05 21:03:25,svchost.exe,0.0,57.2,f4:6a:dd:7b:03:0d
1,2025-11-05 21:03:25,msedge.exe,0.6,57.2,f4:6a:dd:7b:03:0d
1,2025-11-05 21:03:25,msedgewebview2.exe,0.0,57.2,f4:6a:dd:7b:03:0d
1,2025-11-05 21:03:25,bash.exe,0.6,57.2,f4:6a:dd:7b:03:0d
1,2025-11-05 21:03:25,ms-teams.exe,0.0,57.2,f4:6a:dd:7b:03:0d
1,2025-11-05 21:03:25,csrss.exe,0.0,57.2,f4:6a:dd:7b:03:0d
1,2025-11-05 21:03:25,WmiPrvSE.exe,18.6,57.2,f4:6a:dd:7b:03:0d
1,2025-11-05 21:03:25,msedgewebview2.exe,0.0,57.2,f4:6a:dd:7b:03:0d
1,2025-11-05 21:03:25,msedgewebview2.exe,0.0,57.2,f4:6a:dd:7b:03:0d
1,2025-11-05 21:03:25,msedge.exe,0.0,57.2,f4:6a:dd:7b:03:0d
1,2025-11-05 21:03:25,unsecapp.exe,0.0,57.2,f4:6a:dd:7b:03:0d
1,2025-11-05 21:03:25,Discord.exe,0.0,57.2,f4:6a:dd:7b:03:0d
1,2025-11-05 21:03:25,Code.exe,2.8,57.2,f4:6a:dd:7b:03:0d
1,2025-11-05 21:03:25,Discord.exe,0.0,57.2,f4:6a:dd:7b:03:0d
1,2025-11-05 21:03:25,Widgets.exe,0.0,57.2,f4:6a:dd:7b:03:0d
1,2025-11-05 21:03:25,msedgewebview2.exe,0.0,57.2,f4:6a:dd:7b:03:0d
1,2025-11-05 21:03:25,conhost.exe,0.0,57.2,f4:6a:dd:7b:03:0d
1,2025-11-05 21:03:25,TextInputHost.exe,0.0,57.2,f4:6a:dd:7b:03:0d
1,2025-11-05 21:03:25,Code.exe,0.0,57.2,f4:6a:dd:7b:03:0d
1,2025-11-05 21:03:25,msedgewebview2.exe,0.0,57.2,f4:6a:dd:7b:03:0d
1,2025-11-05 21:03:25,msedgewebview2.exe,0.0,57.2,f4:6a:dd:7b:03:0d
1,2025-11-05 21:03:25,MSPCManagerCore.exe,0.6,57.2,f4:6a:dd:7b:03:0d
1,2025-11-05 21:03:25,conhost.exe,0.0,57.2,f4:6a:dd:7b:03:0d
1,2025-11-05 21:03:25,conhost.exe,0.0,57.2,f4:6a:dd:7b:03:0d
1,2025-11-05 21:03:25,svchost.exe,0.0,57.2,f4:6a:dd:7b:03:0d
1,2025-11-05 21:03:25,Notion.exe,0.0,57.2,f4:6a:dd:7b:03:0d
1,2025-11-05 21:03:25,svchost.exe,0.0,57.2,f4:6a:dd:7b:03:0d
1,2025-11-05 21:03:25,msedge.exe,0.0,57.2,f4:6a:dd:7b:03:0d
1,2025-11-05 21:03:25,conhost.exe,0.0,57.2,f4:6a:dd:7b:03:0d
1,2025-11-05 21:03:25,svchost.exe,0.0,57.2,f4:6a:dd:7b:03:0d
1,2025-11-05 21:03:25,RtkAudUService64.exe,0.0,57.2,f4:6a:dd:7b:03:0d
1,2025-11-05 21:03:25,Code.exe,0.0,57.2,f4:6a:dd:7b:03:0d
1,2025-11-05 21:03:25,svchost.exe,0.0,57.2,f4:6a:dd:7b:03:0d
1,2025-11-05 21:03:25,msedgewebview2.exe,0.0,57.2,f4:6a:dd:7b:03:0d
1,2025-11-05 21:03:25,env.exe,0.0,57.2,f4:6a:dd:7b:03:0d
1,2025-11-05 21:03:25,DAX3API.exe,0.0,57.2,f4:6a:dd:7b:03:0d
1,2025-11-05 21:03:25,svchost.exe,0.0,57.2,f4:6a:dd:7b:03:0d
1,2025-11-05 21:03:25,SecurityHealthSystray.exe,0.0,57.2,f4:6a:dd:7b:03:0d
1,2025-11-05 21:03:25,audiodg.exe,5.1,57.2,f4:6a:dd:7b:03:0d
1,2025-11-05 21:03:25,svchost.exe,0.0,57.2,f4:6a:dd:7b:03:0d
1,2025-11-05 21:03:25,msedgewebview2.exe,0.0,57.2,f4:6a:dd:7b:03:0d
1,2025-11-05 21:03:25,Discord.exe,0.6,57.2,f4:6a:dd:7b:03:0d
1,2025-11-05 21:03:25,svchost.exe,0.0,57.2,f4:6a:dd:7b:03:0d
1,2025-11-05 21:03:25,fontdrvhost.exe,0.0,57.2,f4:6a:dd:7b:03:0d
1,2025-11-05 21:03:25,Code.exe,15.2,57.2,f4:6a:dd:7b:03:0d
1,2025-11-05 21:03:25,OneDrive.exe,0.0,57.2,f4:6a:dd:7b:03:0d
1,2025-11-05 21:03:25,msedgewebview2.exe,0.0,57.2,f4:6a:dd:7b:03:0d
1,2025-11-05 21:03:25,RuntimeBroker.exe,0.0,57.2,f4:6a:dd:7b:03:0d
1,2025-11-05 21:03:25,FileCoAuth.exe,0.0,57.2,f4:6a:dd:7b:03:0d
1,2025-11-05 21:03:25,python.exe,0.0,57.2,f4:6a:dd:7b:03:0d
1,2025-11-05 21:03:25,CrossDeviceResume.exe,0.0,57.2,f4:6a:dd:7b:03:0d
1,2025-11-05 21:03:25,Copilot.exe,0.0,57.2,f4:6a:dd:7b:03:0d
1,2025-11-05 21:03:25,backgroundTaskHost.exe,0.0,57.2,f4:6a:dd:7b:03:0d
1,2025-11-05 21:03:25,svchost.exe,0.0,57.2,f4:6a:dd:7b:03:0d
1,2025-11-05 21:03:25,msedgewebview2.exe,0.0,57.2,f4:6a:dd:7b:03:0d
1,2025-11-05 21:03:25,python.exe,0.0,57.2,f4:6a:dd:7b:03:0d
1,2025-11-05 21:03:25,svchost.exe,0.0,57.2,f4:6a:dd:7b:03:0d
1,2025-11-05 21:03:25,svchost.exe,0.0,57.2,f4:6a:dd:7b:03:0d
1,2025-11-05 21:03:25,RuntimeBroker.exe,0.6,57.2,f4:6a:dd:7b:03:0d
1,2025-11-05 21:03:25,msedgewebview2.exe,0.0,57.2,f4:6a:dd:7b:03:0d
1,2025-11-05 21:03:25,svchost.exe,0.0,57.2,f4:6a:dd:7b:03:0d
1,2025-11-05 21:03:25,svchost.exe,0.0,57.2,f4:6a:dd:7b:03:0d
1,2025-11-05 21:03:25,msedgewebview2.exe,0.0,57.2,f4:6a:dd:7b:03:0d
1,2025-11-05 21:03:25,taskhostw.exe,0.0,57.2,f4:6a:dd:7b:03:0d
1,2025-11-05 21:03:25,svchost.exe,0.0,57.2,f4:6a:dd:7b:03:0d
1,2025-11-05 21:03:25,PhoneExperienceHost.exe,1.1,57.2,f4:6a:dd:7b:03:0d
1,2025-11-05 21:03:25,msedgewebview2.exe,0.0,57.2,f4:6a:dd:7b:03:0d
1,2025-11-05 21:03:25,bash.exe,0.0,57.2,f4:6a:dd:7b:03:0d
1,2025-11-05 21:03:25,Discord.exe,0.0,57.2,f4:6a:dd:7b:03:0d
1,2025-11-05 21:03:25,msedge.exe,0.0,57.2,f4:6a:dd:7b:03:0d
1,2025-11-05 21:03:25,conhost.exe,0.0,57.2,f4:6a:dd:7b:03:0d
id_empresa,datetime,processo,uso de cpu,uso de gpu,mac_address
1,2025-11-05 21:03:34,System Idle Process,408.7,10.21,f4:6a:dd:7b:03:0d
1,2025-11-05 21:03:34,System,6.7,10.21,f4:6a:dd:7b:03:0d
1,2025-11-05 21:03:34,,0.0,10.21,f4:6a:dd:7b:03:0d
1,2025-11-05 21:03:34,Registry,0.0,10.21,f4:6a:dd:7b:03:0d
1,2025-11-05 21:03:34,smss.exe,0.0,10.21,f4:6a:dd:7b:03:0d
1,2025-11-05 21:03:34,RuntimeBroker.exe,0.0,10.21,f4:6a:dd:7b:03:0d
1,2025-11-05 21:03:34,Code.exe,0.0,10.21,f4:6a:dd:7b:03:0d
1,2025-11-05 21:03:34,bash.exe,0.0,10.21,f4:6a:dd:7b:03:0d
1,2025-11-05 21:03:34,csrss.exe,0.0,10.21,f4:6a:dd:7b:03:0d
1,2025-11-05 21:03:34,FnHotkeyUtility.exe,0.0,10.21,f4:6a:dd:7b:03:0d
1,2025-11-05 21:03:34,wininit.exe,0.0,10.21,f4:6a:dd:7b:03:0d
1,2025-11-05 21:03:34,svchost.exe,0.0,10.21,f4:6a:dd:7b:03:0d
1,2025-11-05 21:03:34,services.exe,0.0,10.21,f4:6a:dd:7b:03:0d
1,2025-11-05 21:03:34,msedgewebview2.exe,0.0,10.21,f4:6a:dd:7b:03:0d
1,2025-11-05 21:03:34,LsaIso.exe,0.0,10.21,f4:6a:dd:7b:03:0d
1,2025-11-05 21:03:34,lsass.exe,0.0,10.21,f4:6a:dd:7b:03:0d
1,2025-11-05 21:03:34,dwm.exe,3.3,10.21,f4:6a:dd:7b:03:0d
1,2025-11-05 21:03:34,svchost.exe,0.0,10.21,f4:6a:dd:7b:03:0d
1,2025-11-05 21:03:34,svchost.exe,0.0,10.21,f4:6a:dd:7b:03:0d
1,2025-11-05 21:03:34,svchost.exe,0.0,10.21,f4:6a:dd:7b:03:0d
1,2025-11-05 21:03:34,fontdrvhost.exe,0.0,10.21,f4:6a:dd:7b:03:0d
1,2025-11-05 21:03:34,WUDFHost.exe,0.0,10.21,f4:6a:dd:7b:03:0d
1,2025-11-05 21:03:34,AppProvisioningPlugin.exe,0.0,10.21,f4:6a:dd:7b:03:0d
1,2025-11-05 21:03:34,svchost.exe,0.0,10.21,f4:6a:dd:7b:03:0d
1,2025-11-05 21:03:34,conhost.exe,0.0,10.21,f4:6a:dd:7b:03:0d
1,2025-11-05 21:03:34,svchost.exe,0.0,10.21,f4:6a:dd:7b:03:0d
1,2025-11-05 21:03:34,WUDFHost.exe,0.0,10.21,f4:6a:dd:7b:03:0d
1,2025-11-05 21:03:34,svchost.exe,0.0,10.21,f4:6a:dd:7b:03:0d
1,2025-11-05 21:03:34,svchost.exe,0.0,10.21,f4:6a:dd:7b:03:0d
1,2025-11-05 21:03:34,svchost.exe,0.0,10.21,f4:6a:dd:7b:03:0d
1,2025-11-05 21:03:34,svchost.exe,0.0,10.21,f4:6a:dd:7b:03:0d
1,2025-11-05 21:03:34,svchost.exe,0.0,10.21,f4:6a:dd:7b:03:0d
1,2025-11-05 21:03:34,svchost.exe,0.0,10.21,f4:6a:dd:7b:03:0d
1,2025-11-05 21:03:34,svchost.exe,0.0,10.21,f4:6a:dd:7b:03:0d
1,2025-11-05 21:03:34,svchost.exe,0.0,10.21,f4:6a:dd:7b:03:0d
1,2025-11-05 21:03:34,svchost.exe,0.0,10.21,f4:6a:dd:7b:03:0d
1,2025-11-05 21:03:34,msedge.exe,0.0,10.21,f4:6a:dd:7b:03:0d
1,2025-11-05 21:03:34,svchost.exe,0.0,10.21,f4:6a:dd:7b:03:0d
1,2025-11-05 21:03:34,svchost.exe,0.0,10.21,f4:6a:dd:7b:03:0d
1,2025-11-05 21:03:34,atiesrxx.exe,0.0,10.21,f4:6a:dd:7b:03:0d
1,2025-11-05 21:03:34,svchost.exe,0.0,10.21,f4:6a:dd:7b:03:0d
1,2025-11-05 21:03:34,svchost.exe,0.0,10.21,f4:6a:dd:7b:03:0d
1,2025-11-05 21:03:34,svchost.exe,0.0,10.21,f4:6a:dd:7b:03:0d
1,2025-11-05 21:03:34,amdfendrsr.exe,0.0,10.21,f4:6a:dd:7b:03:0d
1,2025-11-05 21:03:34,svchost.exe,0.0,10.21,f4:6a:dd:7b:03:0d
1,2025-11-05 21:03:34,svchost.exe,0.0,10.21,f4:6a:dd:7b:03:0d
1,2025-11-05 21:03:34,RuntimeBroker.exe,0.0,10.21,f4:6a:dd:7b:03:0d
1,2025-11-05 21:03:34,Notion.exe,0.7,10.21,f4:6a:dd:7b:03:0d
1,2025-11-05 21:03:34,svchost.exe,0.0,10.21,f4:6a:dd:7b:03:0d
1,2025-11-05 21:03:34,svchost.exe,0.0,10.21,f4:6a:dd:7b:03:0d
1,2025-11-05 21:03:34,msedgewebview2.exe,0.0,10.21,f4:6a:dd:7b:03:0d
1,2025-11-05 21:03:34,svchost.exe,0.0,10.21,f4:6a:dd:7b:03:0d
1,2025-11-05 21:03:34,svchost.exe,0.0,10.21,f4:6a:dd:7b:03:0d
1,2025-11-05 21:03:34,svchost.exe,0.0,10.21,f4:6a:dd:7b:03:0d
1,2025-11-05 21:03:34,svchost.exe,0.0,10.21,f4:6a:dd:7b:03:0d
1,2025-11-05 21:03:34,svchost.exe,0.0,10.21,f4:6a:dd:7b:03:0d
1,2025-11-05 21:03:34,svchost.exe,0.0,10.21,f4:6a:dd:7b:03:0d
1,2025-11-05 21:03:34,svchost.exe,0.0,10.21,f4:6a:dd:7b:03:0d
1,2025-11-05 21:03:34,SearchIndexer.exe,0.0,10.21,f4:6a:dd:7b:03:0d
1,2025-11-05 21:03:34,svchost.exe,0.0,10.21,f4:6a:dd:7b:03:0d
1,2025-11-05 21:03:34,idea64.exe,2.0,10.21,f4:6a:dd:7b:03:0d
1,2025-11-05 21:03:34,svchost.exe,0.0,10.21,f4:6a:dd:7b:03:0d
1,2025-11-05 21:03:34,svchost.exe,0.7,10.21,f4:6a:dd:7b:03:0d
1,2025-11-05 21:03:34,svchost.exe,0.0,10.21,f4:6a:dd:7b:03:0d
1,2025-11-05 21:03:34,WidgetService.exe,0.0,10.21,f4:6a:dd:7b:03:0d
1,2025-11-05 21:03:34,svchost.exe,0.0,10.21,f4:6a:dd:7b:03:0d
1,2025-11-05 21:03:34,svchost.exe,0.0,10.21,f4:6a:dd:7b:03:0d
1,2025-11-05 21:03:34,svchost.exe,0.0,10.21,f4:6a:dd:7b:03:0d
1,2025-11-05 21:03:34,MemCompression,0.0,10.21,f4:6a:dd:7b:03:0d
1,2025-11-05 21:03:34,Code.exe,0.0,10.21,f4:6a:dd:7b:03:0d
1,2025-11-05 21:03:34,svchost.exe,0.0,10.21,f4:6a:dd:7b:03:0d
1,2025-11-05 21:03:34,svchost.exe,0.0,10.21,f4:6a:dd:7b:03:0d
1,2025-11-05 21:03:34,svchost.exe,0.0,10.21,f4:6a:dd:7b:03:0d
1,2025-11-05 21:03:34,svchost.exe,0.0,10.21,f4:6a:dd:7b:03:0d
1,2025-11-05 21:03:34,atieclxx.exe,0.0,10.21,f4:6a:dd:7b:03:0d
1,2025-11-05 21:03:34,svchost.exe,0.0,10.21,f4:6a:dd:7b:03:0d
1,2025-11-05 21:03:34,MpDefenderCoreService.exe,0.0,10.21,f4:6a:dd:7b:03:0d
1,2025-11-05 21:03:34,svchost.exe,0.0,10.21,f4:6a:dd:7b:03:0d
1,2025-11-05 21:03:34,svchost.exe,0.0,10.21,f4:6a:dd:7b:03:0d
1,2025-11-05 21:03:34,svchost.exe,0.0,10.21,f4:6a:dd:7b:03:0d
1,2025-11-05 21:03:34,explorer.exe,0.7,10.21,f4:6a:dd:7b:03:0d
1,2025-11-05 21:03:34,msedgewebview2.exe,0.0,10.21,f4:6a:dd:7b:03:0d
1,2025-11-05 21:03:34,svchost.exe,0.0,10.21,f4:6a:dd:7b:03:0d
1,2025-11-05 21:03:34,msedge.exe,0.0,10.21,f4:6a:dd:7b:03:0d
1,2025-11-05 21:03:34,msedgewebview2.exe,0.0,10.21,f4:6a:dd:7b:03:0d
1,2025-11-05 21:03:34,svchost.exe,0.0,10.21,f4:6a:dd:7b:03:0d
1,2025-11-05 21:03:34,Code.exe,0.0,10.21,f4:6a:dd:7b:03:0d
1,2025-11-05 21:03:34,svchost.exe,0.0,10.21,f4:6a:dd:7b:03:0d
1,2025-11-05 21:03:34,svchost.exe,0.0,10.21,f4:6a:dd:7b:03:0d
1,2025-11-05 21:03:34,UDClientService.exe,0.7,10.21,f4:6a:dd:7b:03:0d
1,2025-11-05 21:03:34,svchost.exe,0.0,10.21,f4:6a:dd:7b:03:0d
1,2025-11-05 21:03:34,spoolsv.exe,0.0,10.21,f4:6a:dd:7b:03:0d
1,2025-11-05 21:03:34,msedge.exe,0.0,10.21,f4:6a:dd:7b:03:0d
1,2025-11-05 21:03:34,svchost.exe,0.0,10.21,f4:6a:dd:7b:03:0d
1,2025-11-05 21:03:34,svchost.exe,0.0,10.21,f4:6a:dd:7b:03:0d
1,2025-11-05 21:03:34,svchost.exe,0.0,10.21,f4:6a:dd:7b:03:0d
1,2025-11-05 21:03:34,msedge.exe,0.0,10.21,f4:6a:dd:7b:03:0d
1,2025-11-05 21:03:34,svchost.exe,0.0,10.21,f4:6a:dd:7b:03:0d
1,2025-11-05 21:03:34,svchost.exe,0.0,10.21,f4:6a:dd:7b:03:0d
1,2025-11-05 21:03:34,svchost.exe,9.9,10.21,f4:6a:dd:7b:03:0d
1,2025-11-05 21:03:34,svchost.exe,0.0,10.21,f4:6a:dd:7b:03:0d
1,2025-11-05 21:03:34,svchost.exe,0.0,10.21,f4:6a:dd:7b:03:0d
1,2025-11-05 21:03:34,DAX3API.exe,0.0,10.21,f4:6a:dd:7b:03:0d
1,2025-11-05 21:03:34,svchost.exe,0.0,10.21,f4:6a:dd:7b:03:0d
1,2025-11-05 21:03:34,Notion.exe,0.7,10.21,f4:6a:dd:7b:03:0d
1,2025-11-05 21:03:34,WmiApSrv.exe,0.0,10.21,f4:6a:dd:7b:03:0d
1,2025-11-05 21:03:34,FMService64.exe,0.0,10.21,f4:6a:dd:7b:03:0d
1,2025-11-05 21:03:34,svchost.exe,0.0,10.21,f4:6a:dd:7b:03:0d
1,2025-11-05 21:03:34,OfficeClickToRun.exe,0.0,10.21,f4:6a:dd:7b:03:0d
1,2025-11-05 21:03:34,Lenovo.Modern.ImController.exe,0.0,10.21,f4:6a:dd:7b:03:0d
1,2025-11-05 21:03:34,svchost.exe,0.0,10.21,f4:6a:dd:7b:03:0d
1,2025-11-05 21:03:34,svchost.exe,0.0,10.21,f4:6a:dd:7b:03:0d
1,2025-11-05 21:03:34,LenovoUtilityService.exe,0.0,10.21,f4:6a:dd:7b:03:0d
1,2025-11-05 21:03:34,LNBITSSvc.exe,0.0,10.21,f4:6a:dd:7b:03:0d
1,2025-11-05 21:03:34,RtkBtManServ.exe,0.0,10.21,f4:6a:dd:7b:03:0d
1,2025-11-05 21:03:34,svchost.exe,0.0,10.21,f4:6a:dd:7b:03:0d
1,2025-11-05 21:03:34,mysqld.exe,0.0,10.21,f4:6a:dd:7b:03:0d
1,2025-11-05 21:03:34,RtkAudUService64.exe,0.0,10.21,f4:6a:dd:7b:03:0d
1,2025-11-05 21:03:34,svchost.exe,0.0,10.21,f4:6a:dd:7b:03:0d
1,2025-11-05 21:03:34,MsMpEng.exe,0.7,10.21,f4:6a:dd:7b:03:0d
1,2025-11-05 21:03:34,wslservice.exe,0.0,10.21,f4:6a:dd:7b:03:0d
1,2025-11-05 21:03:34,RuntimeBroker.exe,0.0,10.21,f4:6a:dd:7b:03:0d
1,2025-11-05 21:03:34,MSPCManagerService.exe,0.7,10.21,f4:6a:dd:7b:03:0d
1,2025-11-05 21:03:34,MSPCManager.exe,0.0,10.21,f4:6a:dd:7b:03:0d
1,2025-11-05 21:03:34,mysqld.exe,1.3,10.21,f4:6a:dd:7b:03:0d
1,2025-11-05 21:03:34,msedge.exe,0.0,10.21,f4:6a:dd:7b:03:0d
1,2025-11-05 21:03:34,conhost.exe,0.0,10.21,f4:6a:dd:7b:03:0d
1,2025-11-05 21:03:34,svchost.exe,0.0,10.21,f4:6a:dd:7b:03:0d
1,2025-11-05 21:03:34,svchost.exe,0.0,10.21,f4:6a:dd:7b:03:0d
1,2025-11-05 21:03:34,svchost.exe,0.0,10.21,f4:6a:dd:7b:03:0d
1,2025-11-05 21:03:34,SearchHost.exe,0.0,10.21,f4:6a:dd:7b:03:0d
1,2025-11-05 21:03:34,WmiPrvSE.exe,0.0,10.21,f4:6a:dd:7b:03:0d
1,2025-11-05 21:03:34,SecurityHealthService.exe,0.0,10.21,f4:6a:dd:7b:03:0d
1,2025-11-05 21:03:34,unsecapp.exe,0.0,10.21,f4:6a:dd:7b:03:0d
1,2025-11-05 21:03:34,Notion.exe,0.7,10.21,f4:6a:dd:7b:03:0d
1,2025-11-05 21:03:34,Notion.exe,0.0,10.21,f4:6a:dd:7b:03:0d
1,2025-11-05 21:03:34,Discord.exe,24.1,10.21,f4:6a:dd:7b:03:0d
1,2025-11-05 21:03:34,svchost.exe,1.4,10.21,f4:6a:dd:7b:03:0d
1,2025-11-05 21:03:34,sihost.exe,0.0,10.21,f4:6a:dd:7b:03:0d
1,2025-11-05 21:03:34,AggregatorHost.exe,0.0,10.21,f4:6a:dd:7b:03:0d
1,2025-11-05 21:03:34,taskhostw.exe,0.0,10.21,f4:6a:dd:7b:03:0d
1,2025-11-05 21:03:34,svchost.exe,0.0,10.21,f4:6a:dd:7b:03:0d
1,2025-11-05 21:03:34,RuntimeBroker.exe,0.0,10.21,f4:6a:dd:7b:03:0d
1,2025-11-05 21:03:34,svchost.exe,0.0,10.21,f4:6a:dd:7b:03:0d
1,2025-11-05 21:03:34,svchost.exe,0.0,10.21,f4:6a:dd:7b:03:0d
1,2025-11-05 21:03:34,msedgewebview2.exe,0.0,10.21,f4:6a:dd:7b:03:0d
1,2025-11-05 21:03:34,msedge.exe,0.0,10.21,f4:6a:dd:7b:03:0d
1,2025-11-05 21:03:34,NisSrv.exe,0.0,10.21,f4:6a:dd:7b:03:0d
1,2025-11-05 21:03:34,svchost.exe,0.0,10.21,f4:6a:dd:7b:03:0d
1,2025-11-05 21:03:34,Code.exe,19.9,10.21,f4:6a:dd:7b:03:0d
1,2025-11-05 21:03:34,svchost.exe,0.0,10.21,f4:6a:dd:7b:03:0d
1,2025-11-05 21:03:34,NgcIso.exe,0.0,10.21,f4:6a:dd:7b:03:0d
1,2025-11-05 21:03:34,svchost.exe,0.0,10.21,f4:6a:dd:7b:03:0d
1,2025-11-05 21:03:34,msedge.exe,0.0,10.21,f4:6a:dd:7b:03:0d
1,2025-11-05 21:03:34,OneDrive.Sync.Service.exe,0.0,10.21,f4:6a:dd:7b:03:0d
1,2025-11-05 21:03:34,Notepad.exe,0.0,10.21,f4:6a:dd:7b:03:0d
1,2025-11-05 21:03:34,pet.exe,0.0,10.21,f4:6a:dd:7b:03:0d
1,2025-11-05 21:03:34,python.exe,55.2,10.21,f4:6a:dd:7b:03:0d
1,2025-11-05 21:03:34,Code.exe,0.0,10.21,f4:6a:dd:7b:03:0d
1,2025-11-05 21:03:34,msedge.exe,0.0,10.21,f4:6a:dd:7b:03:0d
1,2025-11-05 21:03:34,msedge.exe,0.0,10.21,f4:6a:dd:7b:03:0d
1,2025-11-05 21:03:34,svchost.exe,0.0,10.21,f4:6a:dd:7b:03:0d
1,2025-11-05 21:03:34,vmcompute.exe,0.0,10.21,f4:6a:dd:7b:03:0d
1,2025-11-05 21:03:34,svchost.exe,0.0,10.21,f4:6a:dd:7b:03:0d
1,2025-11-05 21:03:34,svchost.exe,0.0,10.21,f4:6a:dd:7b:03:0d
1,2025-11-05 21:03:34,fsnotifier.exe,0.0,10.21,f4:6a:dd:7b:03:0d
1,2025-11-05 21:03:34,winlogon.exe,0.0,10.21,f4:6a:dd:7b:03:0d
1,2025-11-05 21:03:34,Code.exe,5.6,10.21,f4:6a:dd:7b:03:0d
1,2025-11-05 21:03:34,unsecapp.exe,0.0,10.21,f4:6a:dd:7b:03:0d
1,2025-11-05 21:03:34,svchost.exe,0.0,10.21,f4:6a:dd:7b:03:0d
1,2025-11-05 21:03:34,Discord.exe,0.0,10.21,f4:6a:dd:7b:03:0d
1,2025-11-05 21:03:34,ms-teams.exe,0.0,10.21,f4:6a:dd:7b:03:0d
1,2025-11-05 21:03:34,Code.exe,0.0,10.21,f4:6a:dd:7b:03:0d
1,2025-11-05 21:03:34,conhost.exe,0.7,10.21,f4:6a:dd:7b:03:0d
1,2025-11-05 21:03:34,msedgewebview2.exe,0.0,10.21,f4:6a:dd:7b:03:0d
1,2025-11-05 21:03:34,svchost.exe,0.0,10.21,f4:6a:dd:7b:03:0d
1,2025-11-05 21:03:34,Notion.exe,0.0,10.21,f4:6a:dd:7b:03:0d
1,2025-11-05 21:03:34,Notion.exe,0.7,10.21,f4:6a:dd:7b:03:0d
1,2025-11-05 21:03:34,msedge.exe,0.0,10.21,f4:6a:dd:7b:03:0d
1,2025-11-05 21:03:34,Notion.exe,0.0,10.21,f4:6a:dd:7b:03:0d
1,2025-11-05 21:03:34,svchost.exe,0.0,10.21,f4:6a:dd:7b:03:0d
1,2025-11-05 21:03:34,msedge.exe,0.0,10.21,f4:6a:dd:7b:03:0d
1,2025-11-05 21:03:34,svchost.exe,0.0,10.21,f4:6a:dd:7b:03:0d
1,2025-11-05 21:03:34,bash.exe,0.0,10.21,f4:6a:dd:7b:03:0d
1,2025-11-05 21:03:34,StartMenuExperienceHost.exe,0.0,10.21,f4:6a:dd:7b:03:0d
1,2025-11-05 21:03:34,OneDrive.exe,0.0,10.21,f4:6a:dd:7b:03:0d
1,2025-11-05 21:03:34,msedgewebview2.exe,0.0,10.21,f4:6a:dd:7b:03:0d
1,2025-11-05 21:03:34,FnHotkeyCapsLKNumLK.exe,0.0,10.21,f4:6a:dd:7b:03:0d
1,2025-11-05 21:03:34,dllhost.exe,0.0,10.21,f4:6a:dd:7b:03:0d
1,2025-11-05 21:03:34,msedgewebview2.exe,0.0,10.21,f4:6a:dd:7b:03:0d
1,2025-11-05 21:03:34,WhatsApp.Root.exe,0.0,10.21,f4:6a:dd:7b:03:0d
1,2025-11-05 21:03:34,UserOOBEBroker.exe,0.0,10.21,f4:6a:dd:7b:03:0d
1,2025-11-05 21:03:34,RuntimeBroker.exe,0.0,10.21,f4:6a:dd:7b:03:0d
1,2025-11-05 21:03:34,svchost.exe,0.0,10.21,f4:6a:dd:7b:03:0d
1,2025-11-05 21:03:34,msedge.exe,0.0,10.21,f4:6a:dd:7b:03:0d
1,2025-11-05 21:03:34,msedgewebview2.exe,0.0,10.21,f4:6a:dd:7b:03:0d
1,2025-11-05 21:03:34,msedgewebview2.exe,0.0,10.21,f4:6a:dd:7b:03:0d
1,2025-11-05 21:03:34,svchost.exe,0.0,10.21,f4:6a:dd:7b:03:0d
1,2025-11-05 21:03:34,RuntimeBroker.exe,0.0,10.21,f4:6a:dd:7b:03:0d
1,2025-11-05 21:03:34,AutoModeDetect.exe,0.0,10.21,f4:6a:dd:7b:03:0d
1,2025-11-05 21:03:34,msedge.exe,0.0,10.21,f4:6a:dd:7b:03:0d
1,2025-11-05 21:03:34,ShellHost.exe,0.0,10.21,f4:6a:dd:7b:03:0d
1,2025-11-05 21:03:34,FileSyncHelper.exe,0.0,10.21,f4:6a:dd:7b:03:0d
1,2025-11-05 21:03:34,AppActions.exe,0.0,10.21,f4:6a:dd:7b:03:0d
1,2025-11-05 21:03:34,Code.exe,2.1,10.21,f4:6a:dd:7b:03:0d
1,2025-11-05 21:03:34,msedgewebview2.exe,0.0,10.21,f4:6a:dd:7b:03:0d
1,2025-11-05 21:03:34,msedgewebview2.exe,0.0,10.21,f4:6a:dd:7b:03:0d
1,2025-11-05 21:03:34,ShellExperienceHost.exe,0.0,10.21,f4:6a:dd:7b:03:0d
1,2025-11-05 21:03:34,ctfmon.exe,0.0,10.21,f4:6a:dd:7b:03:0d
1,2025-11-05 21:03:34,Code.exe,0.0,10.21,f4:6a:dd:7b:03:0d
1,2025-11-05 21:03:34,jetbrains-toolbox.exe,0.7,10.21,f4:6a:dd:7b:03:0d
1,2025-11-05 21:03:34,svchost.exe,0.0,10.21,f4:6a:dd:7b:03:0d
1,2025-11-05 21:03:34,svchost.exe,0.0,10.21,f4:6a:dd:7b:03:0d
1,2025-11-05 21:03:34,msedge.exe,0.0,10.21,f4:6a:dd:7b:03:0d
1,2025-11-05 21:03:34,msedgewebview2.exe,0.0,10.21,f4:6a:dd:7b:03:0d
1,2025-11-05 21:03:34,bash.exe,0.0,10.21,f4:6a:dd:7b:03:0d
1,2025-11-05 21:03:34,ms-teams.exe,0.0,10.21,f4:6a:dd:7b:03:0d
1,2025-11-05 21:03:34,csrss.exe,0.7,10.21,f4:6a:dd:7b:03:0d
1,2025-11-05 21:03:34,WmiPrvSE.exe,21.0,10.21,f4:6a:dd:7b:03:0d
1,2025-11-05 21:03:34,msedgewebview2.exe,0.0,10.21,f4:6a:dd:7b:03:0d
1,2025-11-05 21:03:34,msedgewebview2.exe,0.0,10.21,f4:6a:dd:7b:03:0d
1,2025-11-05 21:03:34,msedge.exe,0.0,10.21,f4:6a:dd:7b:03:0d
1,2025-11-05 21:03:34,unsecapp.exe,0.0,10.21,f4:6a:dd:7b:03:0d
1,2025-11-05 21:03:34,Discord.exe,0.0,10.21,f4:6a:dd:7b:03:0d
1,2025-11-05 21:03:34,Code.exe,2.1,10.21,f4:6a:dd:7b:03:0d
1,2025-11-05 21:03:34,Discord.exe,0.0,10.21,f4:6a:dd:7b:03:0d
1,2025-11-05 21:03:34,Widgets.exe,0.0,10.21,f4:6a:dd:7b:03:0d
1,2025-11-05 21:03:34,msedgewebview2.exe,0.0,10.21,f4:6a:dd:7b:03:0d
1,2025-11-05 21:03:34,conhost.exe,0.0,10.21,f4:6a:dd:7b:03:0d
1,2025-11-05 21:03:34,TextInputHost.exe,0.0,10.21,f4:6a:dd:7b:03:0d
1,2025-11-05 21:03:34,Code.exe,0.0,10.21,f4:6a:dd:7b:03:0d
1,2025-11-05 21:03:34,msedgewebview2.exe,0.0,10.21,f4:6a:dd:7b:03:0d
1,2025-11-05 21:03:34,msedgewebview2.exe,0.0,10.21,f4:6a:dd:7b:03:0d
1,2025-11-05 21:03:34,MSPCManagerCore.exe,0.7,10.21,f4:6a:dd:7b:03:0d
1,2025-11-05 21:03:34,conhost.exe,0.0,10.21,f4:6a:dd:7b:03:0d
1,2025-11-05 21:03:34,conhost.exe,0.0,10.21,f4:6a:dd:7b:03:0d
1,2025-11-05 21:03:34,svchost.exe,0.0,10.21,f4:6a:dd:7b:03:0d
1,2025-11-05 21:03:34,Notion.exe,0.0,10.21,f4:6a:dd:7b:03:0d
1,2025-11-05 21:03:34,svchost.exe,0.0,10.21,f4:6a:dd:7b:03:0d
1,2025-11-05 21:03:34,msedge.exe,0.7,10.21,f4:6a:dd:7b:03:0d
1,2025-11-05 21:03:34,conhost.exe,0.0,10.21,f4:6a:dd:7b:03:0d
1,2025-11-05 21:03:34,svchost.exe,0.0,10.21,f4:6a:dd:7b:03:0d
1,2025-11-05 21:03:34,RtkAudUService64.exe,0.0,10.21,f4:6a:dd:7b:03:0d
1,2025-11-05 21:03:34,Code.exe,0.0,10.21,f4:6a:dd:7b:03:0d
1,2025-11-05 21:03:34,svchost.exe,0.0,10.21,f4:6a:dd:7b:03:0d
1,2025-11-05 21:03:34,msedgewebview2.exe,0.0,10.21,f4:6a:dd:7b:03:0d
1,2025-11-05 21:03:34,env.exe,0.0,10.21,f4:6a:dd:7b:03:0d
1,2025-11-05 21:03:34,DAX3API.exe,0.0,10.21,f4:6a:dd:7b:03:0d
1,2025-11-05 21:03:34,svchost.exe,0.0,10.21,f4:6a:dd:7b:03:0d
1,2025-11-05 21:03:34,SecurityHealthSystray.exe,0.0,10.21,f4:6a:dd:7b:03:0d
1,2025-11-05 21:03:34,audiodg.exe,5.6,10.21,f4:6a:dd:7b:03:0d
1,2025-11-05 21:03:34,svchost.exe,0.0,10.21,f4:6a:dd:7b:03:0d
1,2025-11-05 21:03:34,msedgewebview2.exe,0.0,10.21,f4:6a:dd:7b:03:0d
1,2025-11-05 21:03:34,Discord.exe,0.0,10.21,f4:6a:dd:7b:03:0d
1,2025-11-05 21:03:34,svchost.exe,0.0,10.21,f4:6a:dd:7b:03:0d
1,2025-11-05 21:03:34,fontdrvhost.exe,0.0,10.21,f4:6a:dd:7b:03:0d
1,2025-11-05 21:03:34,Code.exe,7.7,10.21,f4:6a:dd:7b:03:0d
1,2025-11-05 21:03:34,OneDrive.exe,0.0,10.21,f4:6a:dd:7b:03:0d
1,2025-11-05 21:03:34,msedgewebview2.exe,0.0,10.21,f4:6a:dd:7b:03:0d
1,2025-11-05 21:03:34,RuntimeBroker.exe,0.0,10.21,f4:6a:dd:7b:03:0d
1,2025-11-05 21:03:34,FileCoAuth.exe,0.0,10.21,f4:6a:dd:7b:03:0d
1,2025-11-05 21:03:34,python.exe,0.0,10.21,f4:6a:dd:7b:03:0d
1,2025-11-05 21:03:34,CrossDeviceResume.exe,0.0,10.21,f4:6a:dd:7b:03:0d
1,2025-11-05 21:03:34,Copilot.exe,0.0,10.21,f4:6a:dd:7b:03:0d
1,2025-11-05 21:03:34,backgroundTaskHost.exe,0.0,10.21,f4:6a:dd:7b:03:0d
1,2025-11-05 21:03:34,svchost.exe,0.0,10.21,f4:6a:dd:7b:03:0d
1,2025-11-05 21:03:34,msedgewebview2.exe,0.0,10.21,f4:6a:dd:7b:03:0d
1,2025-11-05 21:03:34,python.exe,0.0,10.21,f4:6a:dd:7b:03:0d
1,2025-11-05 21:03:34,svchost.exe,0.0,10.21,f4:6a:dd:7b:03:0d
1,2025-11-05 21:03:34,svchost.exe,0.0,10.21,f4:6a:dd:7b:03:0d
1,2025-11-05 21:03:34,RuntimeBroker.exe,0.0,10.21,f4:6a:dd:7b:03:0d
1,2025-11-05 21:03:34,msedgewebview2.exe,0.0,10.21,f4:6a:dd:7b:03:0d
1,2025-11-05 21:03:34,svchost.exe,0.0,10.21,f4:6a:dd:7b:03:0d
1,2025-11-05 21:03:34,svchost.exe,0.0,10.21,f4:6a:dd:7b:03:0d
1,2025-11-05 21:03:34,msedgewebview2.exe,0.0,10.21,f4:6a:dd:7b:03:0d
1,2025-11-05 21:03:34,taskhostw.exe,0.0,10.21,f4:6a:dd:7b:03:0d
1,2025-11-05 21:03:34,svchost.exe,0.0,10.21,f4:6a:dd:7b:03:0d
1,2025-11-05 21:03:34,PhoneExperienceHost.exe,0.0,10.21,f4:6a:dd:7b:03:0d
1,2025-11-05 21:03:34,msedgewebview2.exe,0.0,10.21,f4:6a:dd:7b:03:0d
1,2025-11-05 21:03:34,bash.exe,0.0,10.21,f4:6a:dd:7b:03:0d
1,2025-11-05 21:03:34,Discord.exe,0.0,10.21,f4:6a:dd:7b:03:0d
1,2025-11-05 21:03:34,msedge.exe,0.0,10.21,f4:6a:dd:7b:03:0d
1,2025-11-05 21:03:34,conhost.exe,0.0,10.21,f4:6a:dd:7b:03:0d
id_empresa,datetime,processo,uso de cpu,uso de gpu,mac_address
1,2025-11-05 21:03:44,System Idle Process,375.3,30.16,f4:6a:dd:7b:03:0d
1,2025-11-05 21:03:44,System,10.3,30.16,f4:6a:dd:7b:03:0d
1,2025-11-05 21:03:44,,0.0,30.16,f4:6a:dd:7b:03:0d
1,2025-11-05 21:03:44,Registry,0.0,30.16,f4:6a:dd:7b:03:0d
1,2025-11-05 21:03:44,smss.exe,0.0,30.16,f4:6a:dd:7b:03:0d
1,2025-11-05 21:03:44,RuntimeBroker.exe,0.0,30.16,f4:6a:dd:7b:03:0d
1,2025-11-05 21:03:44,Code.exe,0.0,30.16,f4:6a:dd:7b:03:0d
1,2025-11-05 21:03:44,bash.exe,0.0,30.16,f4:6a:dd:7b:03:0d
1,2025-11-05 21:03:44,csrss.exe,0.0,30.16,f4:6a:dd:7b:03:0d
1,2025-11-05 21:03:44,FnHotkeyUtility.exe,0.0,30.16,f4:6a:dd:7b:03:0d
1,2025-11-05 21:03:44,wininit.exe,0.0,30.16,f4:6a:dd:7b:03:0d
1,2025-11-05 21:03:44,svchost.exe,0.0,30.16,f4:6a:dd:7b:03:0d
1,2025-11-05 21:03:44,services.exe,0.0,30.16,f4:6a:dd:7b:03:0d
1,2025-11-05 21:03:44,msedgewebview2.exe,0.0,30.16,f4:6a:dd:7b:03:0d
1,2025-11-05 21:03:44,LsaIso.exe,0.0,30.16,f4:6a:dd:7b:03:0d
1,2025-11-05 21:03:44,lsass.exe,0.0,30.16,f4:6a:dd:7b:03:0d
1,2025-11-05 21:03:44,dwm.exe,7.1,30.16,f4:6a:dd:7b:03:0d
1,2025-11-05 21:03:44,svchost.exe,0.0,30.16,f4:6a:dd:7b:03:0d
1,2025-11-05 21:03:44,svchost.exe,0.0,30.16,f4:6a:dd:7b:03:0d
1,2025-11-05 21:03:44,svchost.exe,0.0,30.16,f4:6a:dd:7b:03:0d
1,2025-11-05 21:03:44,fontdrvhost.exe,0.0,30.16,f4:6a:dd:7b:03:0d
1,2025-11-05 21:03:44,WUDFHost.exe,0.0,30.16,f4:6a:dd:7b:03:0d
1,2025-11-05 21:03:44,AppProvisioningPlugin.exe,0.0,30.16,f4:6a:dd:7b:03:0d
1,2025-11-05 21:03:44,svchost.exe,0.0,30.16,f4:6a:dd:7b:03:0d
1,2025-11-05 21:03:44,conhost.exe,0.0,30.16,f4:6a:dd:7b:03:0d
1,2025-11-05 21:03:44,svchost.exe,0.0,30.16,f4:6a:dd:7b:03:0d
1,2025-11-05 21:03:44,WUDFHost.exe,0.0,30.16,f4:6a:dd:7b:03:0d
1,2025-11-05 21:03:44,svchost.exe,0.0,30.16,f4:6a:dd:7b:03:0d
1,2025-11-05 21:03:44,svchost.exe,0.0,30.16,f4:6a:dd:7b:03:0d
1,2025-11-05 21:03:44,svchost.exe,0.0,30.16,f4:6a:dd:7b:03:0d
1,2025-11-05 21:03:44,svchost.exe,0.0,30.16,f4:6a:dd:7b:03:0d
1,2025-11-05 21:03:44,svchost.exe,0.0,30.16,f4:6a:dd:7b:03:0d
1,2025-11-05 21:03:44,svchost.exe,0.0,30.16,f4:6a:dd:7b:03:0d
1,2025-11-05 21:03:44,svchost.exe,0.0,30.16,f4:6a:dd:7b:03:0d
1,2025-11-05 21:03:44,svchost.exe,0.0,30.16,f4:6a:dd:7b:03:0d
1,2025-11-05 21:03:44,svchost.exe,0.0,30.16,f4:6a:dd:7b:03:0d
1,2025-11-05 21:03:44,msedge.exe,0.0,30.16,f4:6a:dd:7b:03:0d
1,2025-11-05 21:03:44,svchost.exe,0.0,30.16,f4:6a:dd:7b:03:0d
1,2025-11-05 21:03:44,svchost.exe,0.0,30.16,f4:6a:dd:7b:03:0d
1,2025-11-05 21:03:44,atiesrxx.exe,0.0,30.16,f4:6a:dd:7b:03:0d
1,2025-11-05 21:03:44,svchost.exe,0.0,30.16,f4:6a:dd:7b:03:0d
1,2025-11-05 21:03:44,svchost.exe,0.0,30.16,f4:6a:dd:7b:03:0d
1,2025-11-05 21:03:44,svchost.exe,0.0,30.16,f4:6a:dd:7b:03:0d
1,2025-11-05 21:03:44,amdfendrsr.exe,0.0,30.16,f4:6a:dd:7b:03:0d
1,2025-11-05 21:03:44,svchost.exe,0.0,30.16,f4:6a:dd:7b:03:0d
1,2025-11-05 21:03:44,svchost.exe,0.0,30.16,f4:6a:dd:7b:03:0d
1,2025-11-05 21:03:44,RuntimeBroker.exe,0.0,30.16,f4:6a:dd:7b:03:0d
1,2025-11-05 21:03:44,Notion.exe,0.0,30.16,f4:6a:dd:7b:03:0d
1,2025-11-05 21:03:44,svchost.exe,0.0,30.16,f4:6a:dd:7b:03:0d
1,2025-11-05 21:03:44,svchost.exe,0.0,30.16,f4:6a:dd:7b:03:0d
1,2025-11-05 21:03:44,msedgewebview2.exe,0.0,30.16,f4:6a:dd:7b:03:0d
1,2025-11-05 21:03:44,svchost.exe,0.0,30.16,f4:6a:dd:7b:03:0d
1,2025-11-05 21:03:44,svchost.exe,0.0,30.16,f4:6a:dd:7b:03:0d
1,2025-11-05 21:03:44,svchost.exe,0.0,30.16,f4:6a:dd:7b:03:0d
1,2025-11-05 21:03:44,svchost.exe,0.0,30.16,f4:6a:dd:7b:03:0d
1,2025-11-05 21:03:44,svchost.exe,0.0,30.16,f4:6a:dd:7b:03:0d
1,2025-11-05 21:03:44,svchost.exe,0.0,30.16,f4:6a:dd:7b:03:0d
1,2025-11-05 21:03:44,svchost.exe,0.0,30.16,f4:6a:dd:7b:03:0d
1,2025-11-05 21:03:44,SearchIndexer.exe,0.0,30.16,f4:6a:dd:7b:03:0d
1,2025-11-05 21:03:44,svchost.exe,0.0,30.16,f4:6a:dd:7b:03:0d
1,2025-11-05 21:03:44,idea64.exe,0.7,30.16,f4:6a:dd:7b:03:0d
1,2025-11-05 21:03:44,svchost.exe,0.0,30.16,f4:6a:dd:7b:03:0d
1,2025-11-05 21:03:44,svchost.exe,0.0,30.16,f4:6a:dd:7b:03:0d
1,2025-11-05 21:03:44,svchost.exe,0.0,30.16,f4:6a:dd:7b:03:0d
1,2025-11-05 21:03:44,WidgetService.exe,0.0,30.16,f4:6a:dd:7b:03:0d
1,2025-11-05 21:03:44,svchost.exe,0.0,30.16,f4:6a:dd:7b:03:0d
1,2025-11-05 21:03:44,svchost.exe,0.0,30.16,f4:6a:dd:7b:03:0d
1,2025-11-05 21:03:44,svchost.exe,0.0,30.16,f4:6a:dd:7b:03:0d
1,2025-11-05 21:03:44,MemCompression,0.0,30.16,f4:6a:dd:7b:03:0d
1,2025-11-05 21:03:44,Code.exe,0.0,30.16,f4:6a:dd:7b:03:0d
1,2025-11-05 21:03:44,svchost.exe,0.0,30.16,f4:6a:dd:7b:03:0d
1,2025-11-05 21:03:44,svchost.exe,0.0,30.16,f4:6a:dd:7b:03:0d
1,2025-11-05 21:03:44,svchost.exe,0.0,30.16,f4:6a:dd:7b:03:0d
1,2025-11-05 21:03:44,svchost.exe,0.0,30.16,f4:6a:dd:7b:03:0d
1,2025-11-05 21:03:44,atieclxx.exe,0.7,30.16,f4:6a:dd:7b:03:0d
1,2025-11-05 21:03:44,svchost.exe,0.0,30.16,f4:6a:dd:7b:03:0d
1,2025-11-05 21:03:44,MpDefenderCoreService.exe,0.0,30.16,f4:6a:dd:7b:03:0d
1,2025-11-05 21:03:44,svchost.exe,0.0,30.16,f4:6a:dd:7b:03:0d
1,2025-11-05 21:03:44,svchost.exe,0.0,30.16,f4:6a:dd:7b:03:0d
1,2025-11-05 21:03:44,svchost.exe,0.0,30.16,f4:6a:dd:7b:03:0d
1,2025-11-05 21:03:44,explorer.exe,0.0,30.16,f4:6a:dd:7b:03:0d
1,2025-11-05 21:03:44,msedgewebview2.exe,0.0,30.16,f4:6a:dd:7b:03:0d
1,2025-11-05 21:03:44,svchost.exe,0.0,30.16,f4:6a:dd:7b:03:0d
1,2025-11-05 21:03:44,msedge.exe,0.0,30.16,f4:6a:dd:7b:03:0d
1,2025-11-05 21:03:44,msedgewebview2.exe,0.0,30.16,f4:6a:dd:7b:03:0d
1,2025-11-05 21:03:44,svchost.exe,0.0,30.16,f4:6a:dd:7b:03:0d
1,2025-11-05 21:03:44,Code.exe,0.0,30.16,f4:6a:dd:7b:03:0d
1,2025-11-05 21:03:44,svchost.exe,0.0,30.16,f4:6a:dd:7b:03:0d
1,2025-11-05 21:03:44,svchost.exe,0.0,30.16,f4:6a:dd:7b:03:0d
1,2025-11-05 21:03:44,UDClientService.exe,0.0,30.16,f4:6a:dd:7b:03:0d
1,2025-11-05 21:03:44,svchost.exe,0.0,30.16,f4:6a:dd:7b:03:0d
1,2025-11-05 21:03:44,spoolsv.exe,0.0,30.16,f4:6a:dd:7b:03:0d
1,2025-11-05 21:03:44,msedge.exe,0.0,30.16,f4:6a:dd:7b:03:0d
1,2025-11-05 21:03:44,svchost.exe,0.7,30.16,f4:6a:dd:7b:03:0d
1,2025-11-05 21:03:44,svchost.exe,0.0,30.16,f4:6a:dd:7b:03:0d
1,2025-11-05 21:03:44,svchost.exe,0.0,30.16,f4:6a:dd:7b:03:0d
1,2025-11-05 21:03:44,msedge.exe,0.0,30.16,f4:6a:dd:7b:03:0d
1,2025-11-05 21:03:44,svchost.exe,0.0,30.16,f4:6a:dd:7b:03:0d
1,2025-11-05 21:03:44,svchost.exe,0.0,30.16,f4:6a:dd:7b:03:0d
1,2025-11-05 21:03:44,svchost.exe,11.3,30.16,f4:6a:dd:7b:03:0d
1,2025-11-05 21:03:44,svchost.exe,0.0,30.16,f4:6a:dd:7b:03:0d
1,2025-11-05 21:03:44,svchost.exe,0.0,30.16,f4:6a:dd:7b:03:0d
1,2025-11-05 21:03:44,DAX3API.exe,0.0,30.16,f4:6a:dd:7b:03:0d
1,2025-11-05 21:03:44,svchost.exe,1.3,30.16,f4:6a:dd:7b:03:0d
1,2025-11-05 21:03:44,Notion.exe,0.0,30.16,f4:6a:dd:7b:03:0d
1,2025-11-05 21:03:44,WmiApSrv.exe,0.0,30.16,f4:6a:dd:7b:03:0d
1,2025-11-05 21:03:44,FMService64.exe,0.0,30.16,f4:6a:dd:7b:03:0d
1,2025-11-05 21:03:44,svchost.exe,0.0,30.16,f4:6a:dd:7b:03:0d
1,2025-11-05 21:03:44,OfficeClickToRun.exe,0.0,30.16,f4:6a:dd:7b:03:0d
1,2025-11-05 21:03:44,Lenovo.Modern.ImController.exe,0.0,30.16,f4:6a:dd:7b:03:0d
1,2025-11-05 21:03:44,svchost.exe,0.0,30.16,f4:6a:dd:7b:03:0d
1,2025-11-05 21:03:44,svchost.exe,0.0,30.16,f4:6a:dd:7b:03:0d
1,2025-11-05 21:03:44,LenovoUtilityService.exe,0.0,30.16,f4:6a:dd:7b:03:0d
1,2025-11-05 21:03:44,LNBITSSvc.exe,0.0,30.16,f4:6a:dd:7b:03:0d
1,2025-11-05 21:03:44,RtkBtManServ.exe,0.0,30.16,f4:6a:dd:7b:03:0d
1,2025-11-05 21:03:44,svchost.exe,0.0,30.16,f4:6a:dd:7b:03:0d
1,2025-11-05 21:03:44,mysqld.exe,0.0,30.16,f4:6a:dd:7b:03:0d
1,2025-11-05 21:03:44,RtkAudUService64.exe,0.0,30.16,f4:6a:dd:7b:03:0d
1,2025-11-05 21:03:44,svchost.exe,0.0,30.16,f4:6a:dd:7b:03:0d
1,2025-11-05 21:03:44,MsMpEng.exe,2.6,30.16,f4:6a:dd:7b:03:0d
1,2025-11-05 21:03:44,wslservice.exe,0.0,30.16,f4:6a:dd:7b:03:0d
1,2025-11-05 21:03:44,RuntimeBroker.exe,0.0,30.16,f4:6a:dd:7b:03:0d
1,2025-11-05 21:03:44,MSPCManagerService.exe,0.0,30.16,f4:6a:dd:7b:03:0d
1,2025-11-05 21:03:44,MSPCManager.exe,0.0,30.16,f4:6a:dd:7b:03:0d
1,2025-11-05 21:03:44,mysqld.exe,0.0,30.16,f4:6a:dd:7b:03:0d
1,2025-11-05 21:03:44,msedge.exe,0.0,30.16,f4:6a:dd:7b:03:0d
1,2025-11-05 21:03:44,conhost.exe,0.0,30.16,f4:6a:dd:7b:03:0d
1,2025-11-05 21:03:44,svchost.exe,0.0,30.16,f4:6a:dd:7b:03:0d
1,2025-11-05 21:03:44,svchost.exe,0.0,30.16,f4:6a:dd:7b:03:0d
1,2025-11-05 21:03:44,svchost.exe,0.0,30.16,f4:6a:dd:7b:03:0d
1,2025-11-05 21:03:44,SearchHost.exe,0.0,30.16,f4:6a:dd:7b:03:0d
1,2025-11-05 21:03:44,WmiPrvSE.exe,0.0,30.16,f4:6a:dd:7b:03:0d
1,2025-11-05 21:03:44,SecurityHealthService.exe,0.0,30.16,f4:6a:dd:7b:03:0d
1,2025-11-05 21:03:44,unsecapp.exe,0.7,30.16,f4:6a:dd:7b:03:0d
1,2025-11-05 21:03:44,Notion.exe,0.7,30.16,f4:6a:dd:7b:03:0d
1,2025-11-05 21:03:44,Notion.exe,0.7,30.16,f4:6a:dd:7b:03:0d
1,2025-11-05 21:03:44,Discord.exe,23.5,30.16,f4:6a:dd:7b:03:0d
1,2025-11-05 21:03:44,svchost.exe,0.0,30.16,f4:6a:dd:7b:03:0d
1,2025-11-05 21:03:44,sihost.exe,0.0,30.16,f4:6a:dd:7b:03:0d
1,2025-11-05 21:03:44,AggregatorHost.exe,0.0,30.16,f4:6a:dd:7b:03:0d
1,2025-11-05 21:03:44,taskhostw.exe,0.0,30.16,f4:6a:dd:7b:03:0d
1,2025-11-05 21:03:44,svchost.exe,0.0,30.16,f4:6a:dd:7b:03:0d
1,2025-11-05 21:03:44,RuntimeBroker.exe,0.0,30.16,f4:6a:dd:7b:03:0d
1,2025-11-05 21:03:44,svchost.exe,0.0,30.16,f4:6a:dd:7b:03:0d
1,2025-11-05 21:03:44,svchost.exe,0.0,30.16,f4:6a:dd:7b:03:0d
1,2025-11-05 21:03:44,msedgewebview2.exe,0.0,30.16,f4:6a:dd:7b:03:0d
1,2025-11-05 21:03:44,msedge.exe,0.0,30.16,f4:6a:dd:7b:03:0d
1,2025-11-05 21:03:44,NisSrv.exe,0.0,30.16,f4:6a:dd:7b:03:0d
1,2025-11-05 21:03:44,svchost.exe,0.0,30.16,f4:6a:dd:7b:03:0d
1,2025-11-05 21:03:44,Code.exe,45.7,30.16,f4:6a:dd:7b:03:0d
1,2025-11-05 21:03:44,svchost.exe,0.0,30.16,f4:6a:dd:7b:03:0d
1,2025-11-05 21:03:44,NgcIso.exe,0.0,30.16,f4:6a:dd:7b:03:0d
1,2025-11-05 21:03:44,svchost.exe,0.0,30.16,f4:6a:dd:7b:03:0d
1,2025-11-05 21:03:44,msedge.exe,0.0,30.16,f4:6a:dd:7b:03:0d
1,2025-11-05 21:03:44,OneDrive.Sync.Service.exe,0.0,30.16,f4:6a:dd:7b:03:0d
1,2025-11-05 21:03:44,Notepad.exe,0.0,30.16,f4:6a:dd:7b:03:0d
1,2025-11-05 21:03:44,pet.exe,0.0,30.16,f4:6a:dd:7b:03:0d
1,2025-11-05 21:03:44,python.exe,54.9,30.16,f4:6a:dd:7b:03:0d
1,2025-11-05 21:03:44,Code.exe,0.0,30.16,f4:6a:dd:7b:03:0d
1,2025-11-05 21:03:44,msedge.exe,0.0,30.16,f4:6a:dd:7b:03:0d
1,2025-11-05 21:03:44,msedge.exe,0.0,30.16,f4:6a:dd:7b:03:0d
1,2025-11-05 21:03:44,svchost.exe,0.0,30.16,f4:6a:dd:7b:03:0d
1,2025-11-05 21:03:44,vmcompute.exe,0.0,30.16,f4:6a:dd:7b:03:0d
1,2025-11-05 21:03:44,svchost.exe,0.0,30.16,f4:6a:dd:7b:03:0d
1,2025-11-05 21:03:44,svchost.exe,0.0,30.16,f4:6a:dd:7b:03:0d
1,2025-11-05 21:03:44,fsnotifier.exe,0.0,30.16,f4:6a:dd:7b:03:0d
1,2025-11-05 21:03:44,winlogon.exe,0.0,30.16,f4:6a:dd:7b:03:0d
1,2025-11-05 21:03:44,Code.exe,11.1,30.16,f4:6a:dd:7b:03:0d
1,2025-11-05 21:03:44,unsecapp.exe,0.0,30.16,f4:6a:dd:7b:03:0d
1,2025-11-05 21:03:44,svchost.exe,0.0,30.16,f4:6a:dd:7b:03:0d
1,2025-11-05 21:03:44,Discord.exe,2.0,30.16,f4:6a:dd:7b:03:0d
1,2025-11-05 21:03:44,ms-teams.exe,0.0,30.16,f4:6a:dd:7b:03:0d
1,2025-11-05 21:03:44,Code.exe,0.0,30.16,f4:6a:dd:7b:03:0d
1,2025-11-05 21:03:44,conhost.exe,2.0,30.16,f4:6a:dd:7b:03:0d
1,2025-11-05 21:03:44,msedgewebview2.exe,0.0,30.16,f4:6a:dd:7b:03:0d
1,2025-11-05 21:03:44,svchost.exe,0.0,30.16,f4:6a:dd:7b:03:0d
1,2025-11-05 21:03:44,Notion.exe,0.0,30.16,f4:6a:dd:7b:03:0d
1,2025-11-05 21:03:44,Notion.exe,0.0,30.16,f4:6a:dd:7b:03:0d
1,2025-11-05 21:03:44,msedge.exe,0.0,30.16,f4:6a:dd:7b:03:0d
1,2025-11-05 21:03:44,Notion.exe,0.0,30.16,f4:6a:dd:7b:03:0d
1,2025-11-05 21:03:44,svchost.exe,0.0,30.16,f4:6a:dd:7b:03:0d
1,2025-11-05 21:03:44,msedge.exe,0.0,30.16,f4:6a:dd:7b:03:0d
1,2025-11-05 21:03:44,svchost.exe,0.0,30.16,f4:6a:dd:7b:03:0d
1,2025-11-05 21:03:44,bash.exe,0.0,30.16,f4:6a:dd:7b:03:0d
1,2025-11-05 21:03:44,StartMenuExperienceHost.exe,0.0,30.16,f4:6a:dd:7b:03:0d
1,2025-11-05 21:03:44,OneDrive.exe,0.7,30.16,f4:6a:dd:7b:03:0d
1,2025-11-05 21:03:44,msedgewebview2.exe,0.0,30.16,f4:6a:dd:7b:03:0d
1,2025-11-05 21:03:44,FnHotkeyCapsLKNumLK.exe,0.0,30.16,f4:6a:dd:7b:03:0d
1,2025-11-05 21:03:44,dllhost.exe,0.0,30.16,f4:6a:dd:7b:03:0d
1,2025-11-05 21:03:44,msedgewebview2.exe,0.0,30.16,f4:6a:dd:7b:03:0d
1,2025-11-05 21:03:44,WhatsApp.Root.exe,0.7,30.16,f4:6a:dd:7b:03:0d
1,2025-11-05 21:03:44,UserOOBEBroker.exe,0.0,30.16,f4:6a:dd:7b:03:0d
1,2025-11-05 21:03:44,RuntimeBroker.exe,0.0,30.16,f4:6a:dd:7b:03:0d
1,2025-11-05 21:03:44,svchost.exe,0.0,30.16,f4:6a:dd:7b:03:0d
1,2025-11-05 21:03:44,msedge.exe,0.0,30.16,f4:6a:dd:7b:03:0d
1,2025-11-05 21:03:44,msedgewebview2.exe,0.0,30.16,f4:6a:dd:7b:03:0d
1,2025-11-05 21:03:44,msedgewebview2.exe,0.0,30.16,f4:6a:dd:7b:03:0d
1,2025-11-05 21:03:44,svchost.exe,0.0,30.16,f4:6a:dd:7b:03:0d
1,2025-11-05 21:03:44,RuntimeBroker.exe,0.0,30.16,f4:6a:dd:7b:03:0d
1,2025-11-05 21:03:44,AutoModeDetect.exe,0.0,30.16,f4:6a:dd:7b:03:0d
1,2025-11-05 21:03:44,msedge.exe,0.0,30.16,f4:6a:dd:7b:03:0d
1,2025-11-05 21:03:44,ShellHost.exe,0.0,30.16,f4:6a:dd:7b:03:0d
1,2025-11-05 21:03:44,FileSyncHelper.exe,0.0,30.16,f4:6a:dd:7b:03:0d
1,2025-11-05 21:03:44,AppActions.exe,0.0,30.16,f4:6a:dd:7b:03:0d
1,2025-11-05 21:03:44,Code.exe,0.0,30.16,f4:6a:dd:7b:03:0d
1,2025-11-05 21:03:44,msedgewebview2.exe,0.0,30.16,f4:6a:dd:7b:03:0d
1,2025-11-05 21:03:44,msedgewebview2.exe,0.0,30.16,f4:6a:dd:7b:03:0d
1,2025-11-05 21:03:44,ShellExperienceHost.exe,0.0,30.16,f4:6a:dd:7b:03:0d
1,2025-11-05 21:03:44,ctfmon.exe,0.0,30.16,f4:6a:dd:7b:03:0d
1,2025-11-05 21:03:44,Code.exe,0.0,30.16,f4:6a:dd:7b:03:0d
1,2025-11-05 21:03:44,jetbrains-toolbox.exe,0.0,30.16,f4:6a:dd:7b:03:0d
1,2025-11-05 21:03:44,svchost.exe,0.0,30.16,f4:6a:dd:7b:03:0d
1,2025-11-05 21:03:44,svchost.exe,0.0,30.16,f4:6a:dd:7b:03:0d
1,2025-11-05 21:03:44,msedge.exe,1.3,30.16,f4:6a:dd:7b:03:0d
1,2025-11-05 21:03:44,msedgewebview2.exe,0.0,30.16,f4:6a:dd:7b:03:0d
1,2025-11-05 21:03:44,bash.exe,0.0,30.16,f4:6a:dd:7b:03:0d
1,2025-11-05 21:03:44,ms-teams.exe,0.0,30.16,f4:6a:dd:7b:03:0d
1,2025-11-05 21:03:44,csrss.exe,0.7,30.16,f4:6a:dd:7b:03:0d
1,2025-11-05 21:03:44,WmiPrvSE.exe,17.0,30.16,f4:6a:dd:7b:03:0d
1,2025-11-05 21:03:44,msedgewebview2.exe,0.0,30.16,f4:6a:dd:7b:03:0d
1,2025-11-05 21:03:44,msedgewebview2.exe,0.0,30.16,f4:6a:dd:7b:03:0d
1,2025-11-05 21:03:44,msedge.exe,0.0,30.16,f4:6a:dd:7b:03:0d
1,2025-11-05 21:03:44,unsecapp.exe,0.0,30.16,f4:6a:dd:7b:03:0d
1,2025-11-05 21:03:44,Discord.exe,0.0,30.16,f4:6a:dd:7b:03:0d
1,2025-11-05 21:03:44,Code.exe,0.7,30.16,f4:6a:dd:7b:03:0d
1,2025-11-05 21:03:44,Discord.exe,0.0,30.16,f4:6a:dd:7b:03:0d
1,2025-11-05 21:03:44,Widgets.exe,0.0,30.16,f4:6a:dd:7b:03:0d
1,2025-11-05 21:03:44,msedgewebview2.exe,0.0,30.16,f4:6a:dd:7b:03:0d
1,2025-11-05 21:03:44,conhost.exe,0.0,30.16,f4:6a:dd:7b:03:0d
1,2025-11-05 21:03:44,TextInputHost.exe,0.0,30.16,f4:6a:dd:7b:03:0d
1,2025-11-05 21:03:44,Code.exe,0.0,30.16,f4:6a:dd:7b:03:0d
1,2025-11-05 21:03:44,msedgewebview2.exe,0.0,30.16,f4:6a:dd:7b:03:0d
1,2025-11-05 21:03:44,msedgewebview2.exe,0.0,30.16,f4:6a:dd:7b:03:0d
1,2025-11-05 21:03:44,MSPCManagerCore.exe,0.0,30.16,f4:6a:dd:7b:03:0d
1,2025-11-05 21:03:44,conhost.exe,0.0,30.16,f4:6a:dd:7b:03:0d
1,2025-11-05 21:03:44,conhost.exe,0.0,30.16,f4:6a:dd:7b:03:0d
1,2025-11-05 21:03:44,svchost.exe,0.0,30.16,f4:6a:dd:7b:03:0d
1,2025-11-05 21:03:44,Notion.exe,0.7,30.16,f4:6a:dd:7b:03:0d
1,2025-11-05 21:03:44,svchost.exe,0.0,30.16,f4:6a:dd:7b:03:0d
1,2025-11-05 21:03:44,msedge.exe,0.0,30.16,f4:6a:dd:7b:03:0d
1,2025-11-05 21:03:44,conhost.exe,0.0,30.16,f4:6a:dd:7b:03:0d
1,2025-11-05 21:03:44,svchost.exe,0.0,30.16,f4:6a:dd:7b:03:0d
1,2025-11-05 21:03:44,RtkAudUService64.exe,0.0,30.16,f4:6a:dd:7b:03:0d
1,2025-11-05 21:03:44,Code.exe,0.0,30.16,f4:6a:dd:7b:03:0d
1,2025-11-05 21:03:44,svchost.exe,0.0,30.16,f4:6a:dd:7b:03:0d
1,2025-11-05 21:03:44,msedgewebview2.exe,0.0,30.16,f4:6a:dd:7b:03:0d
1,2025-11-05 21:03:44,env.exe,0.0,30.16,f4:6a:dd:7b:03:0d
1,2025-11-05 21:03:44,DAX3API.exe,0.0,30.16,f4:6a:dd:7b:03:0d
1,2025-11-05 21:03:44,svchost.exe,0.0,30.16,f4:6a:dd:7b:03:0d
1,2025-11-05 21:03:44,SecurityHealthSystray.exe,0.0,30.16,f4:6a:dd:7b:03:0d
1,2025-11-05 21:03:44,audiodg.exe,6.6,30.16,f4:6a:dd:7b:03:0d
1,2025-11-05 21:03:44,svchost.exe,0.0,30.16,f4:6a:dd:7b:03:0d
1,2025-11-05 21:03:44,msedgewebview2.exe,0.0,30.16,f4:6a:dd:7b:03:0d
1,2025-11-05 21:03:44,Discord.exe,0.0,30.16,f4:6a:dd:7b:03:0d
1,2025-11-05 21:03:44,svchost.exe,0.0,30.16,f4:6a:dd:7b:03:0d
1,2025-11-05 21:03:44,fontdrvhost.exe,0.0,30.16,f4:6a:dd:7b:03:0d
1,2025-11-05 21:03:44,Code.exe,15.1,30.16,f4:6a:dd:7b:03:0d
1,2025-11-05 21:03:44,OneDrive.exe,0.0,30.16,f4:6a:dd:7b:03:0d
1,2025-11-05 21:03:44,msedgewebview2.exe,0.0,30.16,f4:6a:dd:7b:03:0d
1,2025-11-05 21:03:44,RuntimeBroker.exe,0.0,30.16,f4:6a:dd:7b:03:0d
1,2025-11-05 21:03:44,FileCoAuth.exe,0.0,30.16,f4:6a:dd:7b:03:0d
1,2025-11-05 21:03:44,python.exe,0.0,30.16,f4:6a:dd:7b:03:0d
1,2025-11-05 21:03:44,CrossDeviceResume.exe,0.0,30.16,f4:6a:dd:7b:03:0d
1,2025-11-05 21:03:44,Copilot.exe,0.0,30.16,f4:6a:dd:7b:03:0d
1,2025-11-05 21:03:44,backgroundTaskHost.exe,0.0,30.16,f4:6a:dd:7b:03:0d
1,2025-11-05 21:03:44,svchost.exe,0.0,30.16,f4:6a:dd:7b:03:0d
1,2025-11-05 21:03:44,msedgewebview2.exe,0.0,30.16,f4:6a:dd:7b:03:0d
1,2025-11-05 21:03:44,python.exe,0.7,30.16,f4:6a:dd:7b:03:0d
1,2025-11-05 21:03:44,svchost.exe,0.0,30.16,f4:6a:dd:7b:03:0d
1,2025-11-05 21:03:44,svchost.exe,0.0,30.16,f4:6a:dd:7b:03:0d
1,2025-11-05 21:03:44,RuntimeBroker.exe,0.0,30.16,f4:6a:dd:7b:03:0d
1,2025-11-05 21:03:44,msedgewebview2.exe,0.0,30.16,f4:6a:dd:7b:03:0d
1,2025-11-05 21:03:44,svchost.exe,0.0,30.16,f4:6a:dd:7b:03:0d
1,2025-11-05 21:03:44,svchost.exe,0.0,30.16,f4:6a:dd:7b:03:0d
1,2025-11-05 21:03:44,msedgewebview2.exe,0.0,30.16,f4:6a:dd:7b:03:0d
1,2025-11-05 21:03:44,taskhostw.exe,0.0,30.16,f4:6a:dd:7b:03:0d
1,2025-11-05 21:03:44,svchost.exe,0.0,30.16,f4:6a:dd:7b:03:0d
1,2025-11-05 21:03:44,PhoneExperienceHost.exe,0.0,30.16,f4:6a:dd:7b:03:0d
1,2025-11-05 21:03:44,msedgewebview2.exe,0.0,30.16,f4:6a:dd:7b:03:0d
1,2025-11-05 21:03:44,bash.exe,0.0,30.16,f4:6a:dd:7b:03:0d
1,2025-11-05 21:03:44,Discord.exe,0.0,30.16,f4:6a:dd:7b:03:0d
1,2025-11-05 21:03:44,msedge.exe,0.0,30.16,f4:6a:dd:7b:03:0d
1,2025-11-05 21:03:44,conhost.exe,0.0,30.16,f4:6a:dd:7b:03:0d
id_empresa,datetime,processo,uso de cpu,uso de gpu,mac_address
1,2025-11-05 21:03:55,System Idle Process,344.8,26.94,f4:6a:dd:7b:03:0d
1,2025-11-05 21:03:55,System,18.9,26.94,f4:6a:dd:7b:03:0d
1,2025-11-05 21:03:55,,0.0,26.94,f4:6a:dd:7b:03:0d
1,2025-11-05 21:03:55,Registry,0.0,26.94,f4:6a:dd:7b:03:0d
1,2025-11-05 21:03:55,smss.exe,0.0,26.94,f4:6a:dd:7b:03:0d
1,2025-11-05 21:03:55,RuntimeBroker.exe,0.0,26.94,f4:6a:dd:7b:03:0d
1,2025-11-05 21:03:55,Code.exe,0.0,26.94,f4:6a:dd:7b:03:0d
1,2025-11-05 21:03:55,bash.exe,1.3,26.94,f4:6a:dd:7b:03:0d
1,2025-11-05 21:03:55,csrss.exe,0.0,26.94,f4:6a:dd:7b:03:0d
1,2025-11-05 21:03:55,FnHotkeyUtility.exe,0.0,26.94,f4:6a:dd:7b:03:0d
1,2025-11-05 21:03:55,wininit.exe,0.0,26.94,f4:6a:dd:7b:03:0d
1,2025-11-05 21:03:55,svchost.exe,0.0,26.94,f4:6a:dd:7b:03:0d
1,2025-11-05 21:03:55,services.exe,0.0,26.94,f4:6a:dd:7b:03:0d
1,2025-11-05 21:03:55,msedgewebview2.exe,0.0,26.94,f4:6a:dd:7b:03:0d
1,2025-11-05 21:03:55,LsaIso.exe,0.0,26.94,f4:6a:dd:7b:03:0d
1,2025-11-05 21:03:55,lsass.exe,0.0,26.94,f4:6a:dd:7b:03:0d
1,2025-11-05 21:03:55,dwm.exe,3.2,26.94,f4:6a:dd:7b:03:0d
1,2025-11-05 21:03:55,svchost.exe,0.0,26.94,f4:6a:dd:7b:03:0d
1,2025-11-05 21:03:55,svchost.exe,0.0,26.94,f4:6a:dd:7b:03:0d
1,2025-11-05 21:03:55,svchost.exe,0.0,26.94,f4:6a:dd:7b:03:0d
1,2025-11-05 21:03:55,fontdrvhost.exe,0.0,26.94,f4:6a:dd:7b:03:0d
1,2025-11-05 21:03:55,WUDFHost.exe,0.0,26.94,f4:6a:dd:7b:03:0d
1,2025-11-05 21:03:55,AppProvisioningPlugin.exe,0.0,26.94,f4:6a:dd:7b:03:0d
1,2025-11-05 21:03:55,svchost.exe,0.7,26.94,f4:6a:dd:7b:03:0d
1,2025-11-05 21:03:55,conhost.exe,0.0,26.94,f4:6a:dd:7b:03:0d
1,2025-11-05 21:03:55,svchost.exe,0.0,26.94,f4:6a:dd:7b:03:0d
1,2025-11-05 21:03:55,WUDFHost.exe,0.0,26.94,f4:6a:dd:7b:03:0d
1,2025-11-05 21:03:55,svchost.exe,0.0,26.94,f4:6a:dd:7b:03:0d
1,2025-11-05 21:03:55,svchost.exe,0.0,26.94,f4:6a:dd:7b:03:0d
1,2025-11-05 21:03:55,svchost.exe,0.0,26.94,f4:6a:dd:7b:03:0d
1,2025-11-05 21:03:55,svchost.exe,0.0,26.94,f4:6a:dd:7b:03:0d
1,2025-11-05 21:03:55,svchost.exe,0.0,26.94,f4:6a:dd:7b:03:0d
1,2025-11-05 21:03:55,svchost.exe,0.0,26.94,f4:6a:dd:7b:03:0d
1,2025-11-05 21:03:55,svchost.exe,0.0,26.94,f4:6a:dd:7b:03:0d
1,2025-11-05 21:03:55,svchost.exe,0.0,26.94,f4:6a:dd:7b:03:0d
1,2025-11-05 21:03:55,svchost.exe,0.0,26.94,f4:6a:dd:7b:03:0d
1,2025-11-05 21:03:55,msedge.exe,0.7,26.94,f4:6a:dd:7b:03:0d
1,2025-11-05 21:03:55,svchost.exe,0.0,26.94,f4:6a:dd:7b:03:0d
1,2025-11-05 21:03:55,svchost.exe,0.0,26.94,f4:6a:dd:7b:03:0d
1,2025-11-05 21:03:55,atiesrxx.exe,0.0,26.94,f4:6a:dd:7b:03:0d
1,2025-11-05 21:03:55,svchost.exe,0.0,26.94,f4:6a:dd:7b:03:0d
1,2025-11-05 21:03:55,svchost.exe,0.0,26.94,f4:6a:dd:7b:03:0d
1,2025-11-05 21:03:55,svchost.exe,0.0,26.94,f4:6a:dd:7b:03:0d
1,2025-11-05 21:03:55,amdfendrsr.exe,0.0,26.94,f4:6a:dd:7b:03:0d
1,2025-11-05 21:03:55,svchost.exe,0.0,26.94,f4:6a:dd:7b:03:0d
1,2025-11-05 21:03:55,svchost.exe,0.0,26.94,f4:6a:dd:7b:03:0d
1,2025-11-05 21:03:55,RuntimeBroker.exe,0.0,26.94,f4:6a:dd:7b:03:0d
1,2025-11-05 21:03:55,Notion.exe,0.7,26.94,f4:6a:dd:7b:03:0d
1,2025-11-05 21:03:55,svchost.exe,0.0,26.94,f4:6a:dd:7b:03:0d
1,2025-11-05 21:03:55,svchost.exe,0.0,26.94,f4:6a:dd:7b:03:0d
1,2025-11-05 21:03:55,msedgewebview2.exe,0.0,26.94,f4:6a:dd:7b:03:0d
1,2025-11-05 21:03:55,svchost.exe,0.0,26.94,f4:6a:dd:7b:03:0d
1,2025-11-05 21:03:55,svchost.exe,0.0,26.94,f4:6a:dd:7b:03:0d
1,2025-11-05 21:03:55,svchost.exe,0.0,26.94,f4:6a:dd:7b:03:0d
1,2025-11-05 21:03:55,svchost.exe,0.0,26.94,f4:6a:dd:7b:03:0d
1,2025-11-05 21:03:55,svchost.exe,0.0,26.94,f4:6a:dd:7b:03:0d
1,2025-11-05 21:03:55,svchost.exe,0.0,26.94,f4:6a:dd:7b:03:0d
1,2025-11-05 21:03:55,svchost.exe,0.0,26.94,f4:6a:dd:7b:03:0d
1,2025-11-05 21:03:55,SearchIndexer.exe,0.7,26.94,f4:6a:dd:7b:03:0d
1,2025-11-05 21:03:55,svchost.exe,0.0,26.94,f4:6a:dd:7b:03:0d
1,2025-11-05 21:03:55,idea64.exe,0.0,26.94,f4:6a:dd:7b:03:0d
1,2025-11-05 21:03:55,svchost.exe,0.0,26.94,f4:6a:dd:7b:03:0d
1,2025-11-05 21:03:55,svchost.exe,0.0,26.94,f4:6a:dd:7b:03:0d
1,2025-11-05 21:03:55,svchost.exe,0.0,26.94,f4:6a:dd:7b:03:0d
1,2025-11-05 21:03:55,WidgetService.exe,0.0,26.94,f4:6a:dd:7b:03:0d
1,2025-11-05 21:03:55,svchost.exe,0.0,26.94,f4:6a:dd:7b:03:0d
1,2025-11-05 21:03:55,svchost.exe,0.0,26.94,f4:6a:dd:7b:03:0d
1,2025-11-05 21:03:55,svchost.exe,0.0,26.94,f4:6a:dd:7b:03:0d
1,2025-11-05 21:03:55,MemCompression,18.0,26.94,f4:6a:dd:7b:03:0d
1,2025-11-05 21:03:55,Code.exe,0.0,26.94,f4:6a:dd:7b:03:0d
1,2025-11-05 21:03:55,svchost.exe,0.0,26.94,f4:6a:dd:7b:03:0d
1,2025-11-05 21:03:55,svchost.exe,0.0,26.94,f4:6a:dd:7b:03:0d
1,2025-11-05 21:03:55,svchost.exe,0.0,26.94,f4:6a:dd:7b:03:0d
1,2025-11-05 21:03:55,svchost.exe,0.0,26.94,f4:6a:dd:7b:03:0d
1,2025-11-05 21:03:55,atieclxx.exe,1.4,26.94,f4:6a:dd:7b:03:0d
1,2025-11-05 21:03:55,svchost.exe,0.0,26.94,f4:6a:dd:7b:03:0d
1,2025-11-05 21:03:55,MpDefenderCoreService.exe,0.0,26.94,f4:6a:dd:7b:03:0d
1,2025-11-05 21:03:55,svchost.exe,0.0,26.94,f4:6a:dd:7b:03:0d
1,2025-11-05 21:03:55,svchost.exe,0.0,26.94,f4:6a:dd:7b:03:0d
1,2025-11-05 21:03:55,svchost.exe,0.0,26.94,f4:6a:dd:7b:03:0d
1,2025-11-05 21:03:55,explorer.exe,0.0,26.94,f4:6a:dd:7b:03:0d
1,2025-11-05 21:03:55,msedgewebview2.exe,0.0,26.94,f4:6a:dd:7b:03:0d
1,2025-11-05 21:03:55,svchost.exe,0.0,26.94,f4:6a:dd:7b:03:0d
1,2025-11-05 21:03:55,msedge.exe,0.0,26.94,f4:6a:dd:7b:03:0d
1,2025-11-05 21:03:55,msedgewebview2.exe,0.0,26.94,f4:6a:dd:7b:03:0d
1,2025-11-05 21:03:55,svchost.exe,0.7,26.94,f4:6a:dd:7b:03:0d
1,2025-11-05 21:03:55,Code.exe,0.0,26.94,f4:6a:dd:7b:03:0d
1,2025-11-05 21:03:55,svchost.exe,0.0,26.94,f4:6a:dd:7b:03:0d
1,2025-11-05 21:03:55,svchost.exe,0.0,26.94,f4:6a:dd:7b:03:0d
1,2025-11-05 21:03:55,UDClientService.exe,0.7,26.94,f4:6a:dd:7b:03:0d
1,2025-11-05 21:03:55,svchost.exe,0.0,26.94,f4:6a:dd:7b:03:0d
1,2025-11-05 21:03:55,spoolsv.exe,0.0,26.94,f4:6a:dd:7b:03:0d
1,2025-11-05 21:03:55,msedge.exe,0.0,26.94,f4:6a:dd:7b:03:0d
1,2025-11-05 21:03:55,svchost.exe,0.0,26.94,f4:6a:dd:7b:03:0d
1,2025-11-05 21:03:55,svchost.exe,0.0,26.94,f4:6a:dd:7b:03:0d
1,2025-11-05 21:03:55,svchost.exe,0.0,26.94,f4:6a:dd:7b:03:0d
1,2025-11-05 21:03:55,msedge.exe,0.0,26.94,f4:6a:dd:7b:03:0d
1,2025-11-05 21:03:55,svchost.exe,0.0,26.94,f4:6a:dd:7b:03:0d
1,2025-11-05 21:03:55,svchost.exe,0.0,26.94,f4:6a:dd:7b:03:0d
1,2025-11-05 21:03:55,svchost.exe,7.6,26.94,f4:6a:dd:7b:03:0d
1,2025-11-05 21:03:55,svchost.exe,0.0,26.94,f4:6a:dd:7b:03:0d
1,2025-11-05 21:03:55,svchost.exe,0.0,26.94,f4:6a:dd:7b:03:0d
1,2025-11-05 21:03:55,DAX3API.exe,0.0,26.94,f4:6a:dd:7b:03:0d
1,2025-11-05 21:03:55,svchost.exe,0.0,26.94,f4:6a:dd:7b:03:0d
1,2025-11-05 21:03:55,Notion.exe,1.4,26.94,f4:6a:dd:7b:03:0d
1,2025-11-05 21:03:55,WmiApSrv.exe,0.0,26.94,f4:6a:dd:7b:03:0d
1,2025-11-05 21:03:55,FMService64.exe,0.0,26.94,f4:6a:dd:7b:03:0d
1,2025-11-05 21:03:55,svchost.exe,0.0,26.94,f4:6a:dd:7b:03:0d
1,2025-11-05 21:03:55,OfficeClickToRun.exe,0.0,26.94,f4:6a:dd:7b:03:0d
1,2025-11-05 21:03:55,Lenovo.Modern.ImController.exe,0.0,26.94,f4:6a:dd:7b:03:0d
1,2025-11-05 21:03:55,svchost.exe,0.0,26.94,f4:6a:dd:7b:03:0d
1,2025-11-05 21:03:55,svchost.exe,0.0,26.94,f4:6a:dd:7b:03:0d
1,2025-11-05 21:03:55,LenovoUtilityService.exe,0.0,26.94,f4:6a:dd:7b:03:0d
1,2025-11-05 21:03:55,LNBITSSvc.exe,0.7,26.94,f4:6a:dd:7b:03:0d
1,2025-11-05 21:03:55,RtkBtManServ.exe,0.0,26.94,f4:6a:dd:7b:03:0d
1,2025-11-05 21:03:55,svchost.exe,0.0,26.94,f4:6a:dd:7b:03:0d
1,2025-11-05 21:03:55,mysqld.exe,0.0,26.94,f4:6a:dd:7b:03:0d
1,2025-11-05 21:03:55,RtkAudUService64.exe,0.0,26.94,f4:6a:dd:7b:03:0d
1,2025-11-05 21:03:55,svchost.exe,0.0,26.94,f4:6a:dd:7b:03:0d
1,2025-11-05 21:03:55,MsMpEng.exe,4.1,26.94,f4:6a:dd:7b:03:0d
1,2025-11-05 21:03:55,wslservice.exe,0.0,26.94,f4:6a:dd:7b:03:0d
1,2025-11-05 21:03:55,RuntimeBroker.exe,0.0,26.94,f4:6a:dd:7b:03:0d
1,2025-11-05 21:03:55,MSPCManagerService.exe,1.4,26.94,f4:6a:dd:7b:03:0d
1,2025-11-05 21:03:55,MSPCManager.exe,1.4,26.94,f4:6a:dd:7b:03:0d
1,2025-11-05 21:03:55,mysqld.exe,1.4,26.94,f4:6a:dd:7b:03:0d
1,2025-11-05 21:03:55,msedge.exe,0.0,26.94,f4:6a:dd:7b:03:0d
1,2025-11-05 21:03:55,conhost.exe,0.0,26.94,f4:6a:dd:7b:03:0d
1,2025-11-05 21:03:55,svchost.exe,0.0,26.94,f4:6a:dd:7b:03:0d
1,2025-11-05 21:03:55,svchost.exe,0.0,26.94,f4:6a:dd:7b:03:0d
1,2025-11-05 21:03:55,svchost.exe,0.0,26.94,f4:6a:dd:7b:03:0d
1,2025-11-05 21:03:55,SearchHost.exe,0.0,26.94,f4:6a:dd:7b:03:0d
1,2025-11-05 21:03:55,WmiPrvSE.exe,0.0,26.94,f4:6a:dd:7b:03:0d
1,2025-11-05 21:03:55,SecurityHealthService.exe,0.0,26.94,f4:6a:dd:7b:03:0d
1,2025-11-05 21:03:55,unsecapp.exe,0.7,26.94,f4:6a:dd:7b:03:0d
1,2025-11-05 21:03:55,Notion.exe,2.8,26.94,f4:6a:dd:7b:03:0d
1,2025-11-05 21:03:55,Notion.exe,0.7,26.94,f4:6a:dd:7b:03:0d
1,2025-11-05 21:03:55,Discord.exe,19.3,26.94,f4:6a:dd:7b:03:0d
1,2025-11-05 21:03:55,svchost.exe,0.0,26.94,f4:6a:dd:7b:03:0d
1,2025-11-05 21:03:55,sihost.exe,0.0,26.94,f4:6a:dd:7b:03:0d
1,2025-11-05 21:03:55,AggregatorHost.exe,0.0,26.94,f4:6a:dd:7b:03:0d
1,2025-11-05 21:03:55,taskhostw.exe,0.0,26.94,f4:6a:dd:7b:03:0d
1,2025-11-05 21:03:55,svchost.exe,0.0,26.94,f4:6a:dd:7b:03:0d
1,2025-11-05 21:03:55,RuntimeBroker.exe,0.0,26.94,f4:6a:dd:7b:03:0d
1,2025-11-05 21:03:55,svchost.exe,0.0,26.94,f4:6a:dd:7b:03:0d
1,2025-11-05 21:03:55,svchost.exe,0.0,26.94,f4:6a:dd:7b:03:0d
1,2025-11-05 21:03:55,msedgewebview2.exe,0.0,26.94,f4:6a:dd:7b:03:0d
1,2025-11-05 21:03:55,msedge.exe,0.0,26.94,f4:6a:dd:7b:03:0d
1,2025-11-05 21:03:55,NisSrv.exe,2.1,26.94,f4:6a:dd:7b:03:0d
1,2025-11-05 21:03:55,svchost.exe,0.0,26.94,f4:6a:dd:7b:03:0d
1,2025-11-05 21:03:55,Code.exe,14.4,26.94,f4:6a:dd:7b:03:0d
1,2025-11-05 21:03:55,svchost.exe,0.0,26.94,f4:6a:dd:7b:03:0d
1,2025-11-05 21:03:55,NgcIso.exe,0.0,26.94,f4:6a:dd:7b:03:0d
1,2025-11-05 21:03:55,svchost.exe,0.0,26.94,f4:6a:dd:7b:03:0d
1,2025-11-05 21:03:55,msedge.exe,0.0,26.94,f4:6a:dd:7b:03:0d
1,2025-11-05 21:03:55,OneDrive.Sync.Service.exe,0.0,26.94,f4:6a:dd:7b:03:0d
1,2025-11-05 21:03:55,Notepad.exe,0.0,26.94,f4:6a:dd:7b:03:0d
1,2025-11-05 21:03:55,pet.exe,0.0,26.94,f4:6a:dd:7b:03:0d
1,2025-11-05 21:03:55,python.exe,54.6,26.94,f4:6a:dd:7b:03:0d
1,2025-11-05 21:03:55,Code.exe,0.0,26.94,f4:6a:dd:7b:03:0d
1,2025-11-05 21:03:55,msedge.exe,0.0,26.94,f4:6a:dd:7b:03:0d
1,2025-11-05 21:03:55,msedge.exe,0.0,26.94,f4:6a:dd:7b:03:0d
1,2025-11-05 21:03:55,svchost.exe,0.0,26.94,f4:6a:dd:7b:03:0d
1,2025-11-05 21:03:55,vmcompute.exe,0.0,26.94,f4:6a:dd:7b:03:0d
1,2025-11-05 21:03:55,svchost.exe,0.0,26.94,f4:6a:dd:7b:03:0d
1,2025-11-05 21:03:55,svchost.exe,0.0,26.94,f4:6a:dd:7b:03:0d
1,2025-11-05 21:03:55,fsnotifier.exe,0.0,26.94,f4:6a:dd:7b:03:0d
1,2025-11-05 21:03:55,winlogon.exe,0.0,26.94,f4:6a:dd:7b:03:0d
1,2025-11-05 21:03:55,Code.exe,10.4,26.94,f4:6a:dd:7b:03:0d
1,2025-11-05 21:03:55,unsecapp.exe,0.0,26.94,f4:6a:dd:7b:03:0d
1,2025-11-05 21:03:55,svchost.exe,0.0,26.94,f4:6a:dd:7b:03:0d
1,2025-11-05 21:03:55,Discord.exe,1.4,26.94,f4:6a:dd:7b:03:0d
1,2025-11-05 21:03:55,ms-teams.exe,0.0,26.94,f4:6a:dd:7b:03:0d
1,2025-11-05 21:03:55,Code.exe,0.0,26.94,f4:6a:dd:7b:03:0d
1,2025-11-05 21:03:55,conhost.exe,0.0,26.94,f4:6a:dd:7b:03:0d
1,2025-11-05 21:03:55,msedgewebview2.exe,0.0,26.94,f4:6a:dd:7b:03:0d
1,2025-11-05 21:03:55,svchost.exe,0.0,26.94,f4:6a:dd:7b:03:0d
1,2025-11-05 21:03:55,Notion.exe,0.0,26.94,f4:6a:dd:7b:03:0d
1,2025-11-05 21:03:55,Notion.exe,0.0,26.94,f4:6a:dd:7b:03:0d
1,2025-11-05 21:03:55,msedge.exe,0.0,26.94,f4:6a:dd:7b:03:0d
1,2025-11-05 21:03:55,Notion.exe,0.0,26.94,f4:6a:dd:7b:03:0d
1,2025-11-05 21:03:55,svchost.exe,0.0,26.94,f4:6a:dd:7b:03:0d
1,2025-11-05 21:03:55,msedge.exe,0.0,26.94,f4:6a:dd:7b:03:0d
1,2025-11-05 21:03:55,svchost.exe,0.0,26.94,f4:6a:dd:7b:03:0d
1,2025-11-05 21:03:55,bash.exe,0.0,26.94,f4:6a:dd:7b:03:0d
1,2025-11-05 21:03:55,StartMenuExperienceHost.exe,0.0,26.94,f4:6a:dd:7b:03:0d
1,2025-11-05 21:03:55,OneDrive.exe,0.0,26.94,f4:6a:dd:7b:03:0d
1,2025-11-05 21:03:55,msedgewebview2.exe,0.0,26.94,f4:6a:dd:7b:03:0d
1,2025-11-05 21:03:55,FnHotkeyCapsLKNumLK.exe,0.0,26.94,f4:6a:dd:7b:03:0d
1,2025-11-05 21:03:55,dllhost.exe,0.0,26.94,f4:6a:dd:7b:03:0d
1,2025-11-05 21:03:55,msedgewebview2.exe,0.0,26.94,f4:6a:dd:7b:03:0d
1,2025-11-05 21:03:55,WhatsApp.Root.exe,0.0,26.94,f4:6a:dd:7b:03:0d
1,2025-11-05 21:03:55,UserOOBEBroker.exe,0.0,26.94,f4:6a:dd:7b:03:0d
1,2025-11-05 21:03:55,RuntimeBroker.exe,0.0,26.94,f4:6a:dd:7b:03:0d
1,2025-11-05 21:03:55,svchost.exe,0.0,26.94,f4:6a:dd:7b:03:0d
1,2025-11-05 21:03:55,msedge.exe,0.0,26.94,f4:6a:dd:7b:03:0d
1,2025-11-05 21:03:55,msedgewebview2.exe,0.0,26.94,f4:6a:dd:7b:03:0d
1,2025-11-05 21:03:55,msedgewebview2.exe,0.0,26.94,f4:6a:dd:7b:03:0d
1,2025-11-05 21:03:55,svchost.exe,0.0,26.94,f4:6a:dd:7b:03:0d
1,2025-11-05 21:03:55,RuntimeBroker.exe,0.0,26.94,f4:6a:dd:7b:03:0d
1,2025-11-05 21:03:55,AutoModeDetect.exe,0.0,26.94,f4:6a:dd:7b:03:0d
1,2025-11-05 21:03:55,msedge.exe,0.0,26.94,f4:6a:dd:7b:03:0d
1,2025-11-05 21:03:55,ShellHost.exe,0.0,26.94,f4:6a:dd:7b:03:0d
1,2025-11-05 21:03:55,FileSyncHelper.exe,0.0,26.94,f4:6a:dd:7b:03:0d
1,2025-11-05 21:03:55,AppActions.exe,0.0,26.94,f4:6a:dd:7b:03:0d
1,2025-11-05 21:03:55,Code.exe,0.0,26.94,f4:6a:dd:7b:03:0d
1,2025-11-05 21:03:55,msedgewebview2.exe,0.0,26.94,f4:6a:dd:7b:03:0d
1,2025-11-05 21:03:55,msedgewebview2.exe,0.0,26.94,f4:6a:dd:7b:03:0d
1,2025-11-05 21:03:55,ShellExperienceHost.exe,0.0,26.94,f4:6a:dd:7b:03:0d
1,2025-11-05 21:03:55,ctfmon.exe,0.0,26.94,f4:6a:dd:7b:03:0d
1,2025-11-05 21:03:55,Code.exe,0.0,26.94,f4:6a:dd:7b:03:0d
1,2025-11-05 21:03:55,jetbrains-toolbox.exe,1.4,26.94,f4:6a:dd:7b:03:0d
1,2025-11-05 21:03:55,svchost.exe,0.0,26.94,f4:6a:dd:7b:03:0d
1,2025-11-05 21:03:55,svchost.exe,0.0,26.94,f4:6a:dd:7b:03:0d
1,2025-11-05 21:03:55,msedge.exe,0.7,26.94,f4:6a:dd:7b:03:0d
1,2025-11-05 21:03:55,msedgewebview2.exe,0.0,26.94,f4:6a:dd:7b:03:0d
1,2025-11-05 21:03:55,bash.exe,0.0,26.94,f4:6a:dd:7b:03:0d
1,2025-11-05 21:03:55,ms-teams.exe,0.0,26.94,f4:6a:dd:7b:03:0d
1,2025-11-05 21:03:55,csrss.exe,0.0,26.94,f4:6a:dd:7b:03:0d
1,2025-11-05 21:03:55,WmiPrvSE.exe,23.5,26.94,f4:6a:dd:7b:03:0d
1,2025-11-05 21:03:55,msedgewebview2.exe,0.0,26.94,f4:6a:dd:7b:03:0d
1,2025-11-05 21:03:55,msedgewebview2.exe,0.0,26.94,f4:6a:dd:7b:03:0d
1,2025-11-05 21:03:55,msedge.exe,0.0,26.94,f4:6a:dd:7b:03:0d
1,2025-11-05 21:03:55,unsecapp.exe,0.0,26.94,f4:6a:dd:7b:03:0d
1,2025-11-05 21:03:55,Discord.exe,0.0,26.94,f4:6a:dd:7b:03:0d
1,2025-11-05 21:03:55,Code.exe,0.0,26.94,f4:6a:dd:7b:03:0d
1,2025-11-05 21:03:55,Discord.exe,0.0,26.94,f4:6a:dd:7b:03:0d
1,2025-11-05 21:03:55,Widgets.exe,0.0,26.94,f4:6a:dd:7b:03:0d
1,2025-11-05 21:03:55,msedgewebview2.exe,0.0,26.94,f4:6a:dd:7b:03:0d
1,2025-11-05 21:03:55,conhost.exe,0.0,26.94,f4:6a:dd:7b:03:0d
1,2025-11-05 21:03:55,TextInputHost.exe,0.0,26.94,f4:6a:dd:7b:03:0d
1,2025-11-05 21:03:55,Code.exe,0.0,26.94,f4:6a:dd:7b:03:0d
1,2025-11-05 21:03:55,msedgewebview2.exe,0.0,26.94,f4:6a:dd:7b:03:0d
1,2025-11-05 21:03:55,msedgewebview2.exe,0.0,26.94,f4:6a:dd:7b:03:0d
1,2025-11-05 21:03:55,MSPCManagerCore.exe,0.0,26.94,f4:6a:dd:7b:03:0d
1,2025-11-05 21:03:55,conhost.exe,0.0,26.94,f4:6a:dd:7b:03:0d
1,2025-11-05 21:03:55,conhost.exe,0.0,26.94,f4:6a:dd:7b:03:0d
1,2025-11-05 21:03:55,svchost.exe,0.0,26.94,f4:6a:dd:7b:03:0d
1,2025-11-05 21:03:55,Notion.exe,0.7,26.94,f4:6a:dd:7b:03:0d
1,2025-11-05 21:03:55,svchost.exe,0.0,26.94,f4:6a:dd:7b:03:0d
1,2025-11-05 21:03:55,msedge.exe,0.0,26.94,f4:6a:dd:7b:03:0d
1,2025-11-05 21:03:55,conhost.exe,0.0,26.94,f4:6a:dd:7b:03:0d
1,2025-11-05 21:03:55,svchost.exe,0.0,26.94,f4:6a:dd:7b:03:0d
1,2025-11-05 21:03:55,RtkAudUService64.exe,0.0,26.94,f4:6a:dd:7b:03:0d
1,2025-11-05 21:03:55,Code.exe,0.0,26.94,f4:6a:dd:7b:03:0d
1,2025-11-05 21:03:55,svchost.exe,0.0,26.94,f4:6a:dd:7b:03:0d
1,2025-11-05 21:03:55,msedgewebview2.exe,0.0,26.94,f4:6a:dd:7b:03:0d
1,2025-11-05 21:03:55,env.exe,0.0,26.94,f4:6a:dd:7b:03:0d
1,2025-11-05 21:03:55,DAX3API.exe,0.0,26.94,f4:6a:dd:7b:03:0d
1,2025-11-05 21:03:55,svchost.exe,0.0,26.94,f4:6a:dd:7b:03:0d
1,2025-11-05 21:03:55,SecurityHealthSystray.exe,0.0,26.94,f4:6a:dd:7b:03:0d
1,2025-11-05 21:03:55,audiodg.exe,4.2,26.94,f4:6a:dd:7b:03:0d
1,2025-11-05 21:03:55,svchost.exe,0.0,26.94,f4:6a:dd:7b:03:0d
1,2025-11-05 21:03:55,msedgewebview2.exe,0.0,26.94,f4:6a:dd:7b:03:0d
1,2025-11-05 21:03:55,Discord.exe,0.0,26.94,f4:6a:dd:7b:03:0d
1,2025-11-05 21:03:55,svchost.exe,0.0,26.94,f4:6a:dd:7b:03:0d
1,2025-11-05 21:03:55,fontdrvhost.exe,0.0,26.94,f4:6a:dd:7b:03:0d
1,2025-11-05 21:03:55,Code.exe,7.7,26.94,f4:6a:dd:7b:03:0d
1,2025-11-05 21:03:55,OneDrive.exe,0.0,26.94,f4:6a:dd:7b:03:0d
1,2025-11-05 21:03:55,msedgewebview2.exe,0.0,26.94,f4:6a:dd:7b:03:0d
1,2025-11-05 21:03:55,RuntimeBroker.exe,0.0,26.94,f4:6a:dd:7b:03:0d
1,2025-11-05 21:03:55,FileCoAuth.exe,0.0,26.94,f4:6a:dd:7b:03:0d
1,2025-11-05 21:03:55,python.exe,0.0,26.94,f4:6a:dd:7b:03:0d
1,2025-11-05 21:03:55,CrossDeviceResume.exe,0.0,26.94,f4:6a:dd:7b:03:0d
1,2025-11-05 21:03:55,Copilot.exe,0.0,26.94,f4:6a:dd:7b:03:0d
1,2025-11-05 21:03:55,backgroundTaskHost.exe,0.0,26.94,f4:6a:dd:7b:03:0d
1,2025-11-05 21:03:55,svchost.exe,0.0,26.94,f4:6a:dd:7b:03:0d
1,2025-11-05 21:03:55,msedgewebview2.exe,0.0,26.94,f4:6a:dd:7b:03:0d
1,2025-11-05 21:03:55,python.exe,0.0,26.94,f4:6a:dd:7b:03:0d
1,2025-11-05 21:03:55,svchost.exe,0.0,26.94,f4:6a:dd:7b:03:0d
1,2025-11-05 21:03:55,svchost.exe,0.0,26.94,f4:6a:dd:7b:03:0d
1,2025-11-05 21:03:55,RuntimeBroker.exe,0.0,26.94,f4:6a:dd:7b:03:0d
1,2025-11-05 21:03:55,msedgewebview2.exe,0.0,26.94,f4:6a:dd:7b:03:0d
1,2025-11-05 21:03:55,svchost.exe,0.0,26.94,f4:6a:dd:7b:03:0d
1,2025-11-05 21:03:55,svchost.exe,0.0,26.94,f4:6a:dd:7b:03:0d
1,2025-11-05 21:03:55,msedgewebview2.exe,0.0,26.94,f4:6a:dd:7b:03:0d
1,2025-11-05 21:03:55,taskhostw.exe,0.0,26.94,f4:6a:dd:7b:03:0d
1,2025-11-05 21:03:55,svchost.exe,0.0,26.94,f4:6a:dd:7b:03:0d
1,2025-11-05 21:03:55,PhoneExperienceHost.exe,1.4,26.94,f4:6a:dd:7b:03:0d
1,2025-11-05 21:03:55,msedgewebview2.exe,0.0,26.94,f4:6a:dd:7b:03:0d
1,2025-11-05 21:03:55,bash.exe,0.0,26.94,f4:6a:dd:7b:03:0d
1,2025-11-05 21:03:55,Discord.exe,0.0,26.94,f4:6a:dd:7b:03:0d
1,2025-11-05 21:03:55,msedge.exe,0.0,26.94,f4:6a:dd:7b:03:0d
1,2025-11-05 21:03:55,conhost.exe,0.0,26.94,f4:6a:dd:7b:03:0d
id_empresa,datetime,processo,uso de cpu,uso de gpu,mac_address
1,2025-11-08 13:12:49,System Idle Process,353.8,43.55,f4:6a:dd:7b:03:0d
1,2025-11-08 13:12:49,System,21.4,43.55,f4:6a:dd:7b:03:0d
1,2025-11-08 13:12:49,,0.0,43.55,f4:6a:dd:7b:03:0d
1,2025-11-08 13:12:49,Registry,0.0,43.55,f4:6a:dd:7b:03:0d
1,2025-11-08 13:12:49,smss.exe,0.0,43.55,f4:6a:dd:7b:03:0d
1,2025-11-08 13:12:49,msedge.exe,0.0,43.55,f4:6a:dd:7b:03:0d
1,2025-11-08 13:12:49,svchost.exe,0.0,43.55,f4:6a:dd:7b:03:0d
1,2025-11-08 13:12:49,csrss.exe,0.0,43.55,f4:6a:dd:7b:03:0d
1,2025-11-08 13:12:49,svchost.exe,0.0,43.55,f4:6a:dd:7b:03:0d
1,2025-11-08 13:12:49,wininit.exe,0.0,43.55,f4:6a:dd:7b:03:0d
1,2025-11-08 13:12:49,svchost.exe,0.0,43.55,f4:6a:dd:7b:03:0d
1,2025-11-08 13:12:49,svchost.exe,0.0,43.55,f4:6a:dd:7b:03:0d
1,2025-11-08 13:12:49,services.exe,0.0,43.55,f4:6a:dd:7b:03:0d
1,2025-11-08 13:12:49,LsaIso.exe,0.0,43.55,f4:6a:dd:7b:03:0d
1,2025-11-08 13:12:49,lsass.exe,0.0,43.55,f4:6a:dd:7b:03:0d
1,2025-11-08 13:12:49,Code.exe,0.0,43.55,f4:6a:dd:7b:03:0d
1,2025-11-08 13:12:49,svchost.exe,0.0,43.55,f4:6a:dd:7b:03:0d
1,2025-11-08 13:12:49,fontdrvhost.exe,0.0,43.55,f4:6a:dd:7b:03:0d
1,2025-11-08 13:12:49,msedgewebview2.exe,0.0,43.55,f4:6a:dd:7b:03:0d
1,2025-11-08 13:12:49,svchost.exe,0.0,43.55,f4:6a:dd:7b:03:0d
1,2025-11-08 13:12:49,svchost.exe,0.0,43.55,f4:6a:dd:7b:03:0d
1,2025-11-08 13:12:49,WUDFHost.exe,0.0,43.55,f4:6a:dd:7b:03:0d
1,2025-11-08 13:12:49,svchost.exe,0.0,43.55,f4:6a:dd:7b:03:0d
1,2025-11-08 13:12:49,msedgewebview2.exe,0.0,43.55,f4:6a:dd:7b:03:0d
1,2025-11-08 13:12:49,AppProvisioningPlugin.exe,0.0,43.55,f4:6a:dd:7b:03:0d
1,2025-11-08 13:12:49,WUDFHost.exe,0.0,43.55,f4:6a:dd:7b:03:0d
1,2025-11-08 13:12:49,conhost.exe,0.0,43.55,f4:6a:dd:7b:03:0d
1,2025-11-08 13:12:49,OneDrive.exe,0.0,43.55,f4:6a:dd:7b:03:0d
1,2025-11-08 13:12:49,svchost.exe,0.0,43.55,f4:6a:dd:7b:03:0d
1,2025-11-08 13:12:49,svchost.exe,0.0,43.55,f4:6a:dd:7b:03:0d
1,2025-11-08 13:12:49,svchost.exe,0.0,43.55,f4:6a:dd:7b:03:0d
1,2025-11-08 13:12:49,svchost.exe,0.0,43.55,f4:6a:dd:7b:03:0d
1,2025-11-08 13:12:49,svchost.exe,0.0,43.55,f4:6a:dd:7b:03:0d
1,2025-11-08 13:12:49,svchost.exe,0.0,43.55,f4:6a:dd:7b:03:0d
1,2025-11-08 13:12:49,msedge.exe,0.0,43.55,f4:6a:dd:7b:03:0d
1,2025-11-08 13:12:49,svchost.exe,0.0,43.55,f4:6a:dd:7b:03:0d
1,2025-11-08 13:12:49,svchost.exe,0.0,43.55,f4:6a:dd:7b:03:0d
1,2025-11-08 13:12:49,svchost.exe,0.0,43.55,f4:6a:dd:7b:03:0d
1,2025-11-08 13:12:49,chrome.exe,0.0,43.55,f4:6a:dd:7b:03:0d
1,2025-11-08 13:12:49,svchost.exe,0.0,43.55,f4:6a:dd:7b:03:0d
1,2025-11-08 13:12:49,Discord.exe,0.0,43.55,f4:6a:dd:7b:03:0d
1,2025-11-08 13:12:49,svchost.exe,0.0,43.55,f4:6a:dd:7b:03:0d
1,2025-11-08 13:12:49,svchost.exe,0.0,43.55,f4:6a:dd:7b:03:0d
1,2025-11-08 13:12:49,svchost.exe,0.0,43.55,f4:6a:dd:7b:03:0d
1,2025-11-08 13:12:49,msedgewebview2.exe,0.0,43.55,f4:6a:dd:7b:03:0d
1,2025-11-08 13:12:49,msedgewebview2.exe,0.0,43.55,f4:6a:dd:7b:03:0d
1,2025-11-08 13:12:49,RuntimeBroker.exe,0.0,43.55,f4:6a:dd:7b:03:0d
1,2025-11-08 13:12:49,svchost.exe,0.0,43.55,f4:6a:dd:7b:03:0d
1,2025-11-08 13:12:49,svchost.exe,0.0,43.55,f4:6a:dd:7b:03:0d
1,2025-11-08 13:12:49,svchost.exe,0.0,43.55,f4:6a:dd:7b:03:0d
1,2025-11-08 13:12:49,svchost.exe,0.0,43.55,f4:6a:dd:7b:03:0d
1,2025-11-08 13:12:49,amdfendrsr.exe,0.0,43.55,f4:6a:dd:7b:03:0d
1,2025-11-08 13:12:49,svchost.exe,0.0,43.55,f4:6a:dd:7b:03:0d
1,2025-11-08 13:12:49,atiesrxx.exe,0.0,43.55,f4:6a:dd:7b:03:0d
1,2025-11-08 13:12:49,svchost.exe,0.0,43.55,f4:6a:dd:7b:03:0d
1,2025-11-08 13:12:49,svchost.exe,0.0,43.55,f4:6a:dd:7b:03:0d
1,2025-11-08 13:12:49,sihost.exe,0.0,43.55,f4:6a:dd:7b:03:0d
1,2025-11-08 13:12:49,svchost.exe,0.0,43.55,f4:6a:dd:7b:03:0d
1,2025-11-08 13:12:49,msedge.exe,0.0,43.55,f4:6a:dd:7b:03:0d
1,2025-11-08 13:12:49,svchost.exe,0.0,43.55,f4:6a:dd:7b:03:0d
1,2025-11-08 13:12:49,msedgewebview2.exe,0.0,43.55,f4:6a:dd:7b:03:0d
1,2025-11-08 13:12:49,msedge.exe,0.0,43.55,f4:6a:dd:7b:03:0d
1,2025-11-08 13:12:49,LockApp.exe,0.0,43.55,f4:6a:dd:7b:03:0d
1,2025-11-08 13:12:49,NisSrv.exe,0.0,43.55,f4:6a:dd:7b:03:0d
1,2025-11-08 13:12:49,svchost.exe,0.0,43.55,f4:6a:dd:7b:03:0d
1,2025-11-08 13:12:49,svchost.exe,0.0,43.55,f4:6a:dd:7b:03:0d
1,2025-11-08 13:12:49,svchost.exe,0.0,43.55,f4:6a:dd:7b:03:0d
1,2025-11-08 13:12:49,svchost.exe,0.0,43.55,f4:6a:dd:7b:03:0d
1,2025-11-08 13:12:49,svchost.exe,0.0,43.55,f4:6a:dd:7b:03:0d
1,2025-11-08 13:12:49,svchost.exe,0.0,43.55,f4:6a:dd:7b:03:0d
1,2025-11-08 13:12:49,MemCompression,4.0,43.55,f4:6a:dd:7b:03:0d
1,2025-11-08 13:12:49,svchost.exe,0.0,43.55,f4:6a:dd:7b:03:0d
1,2025-11-08 13:12:49,svchost.exe,0.0,43.55,f4:6a:dd:7b:03:0d
1,2025-11-08 13:12:49,svchost.exe,0.0,43.55,f4:6a:dd:7b:03:0d
1,2025-11-08 13:12:49,svchost.exe,0.0,43.55,f4:6a:dd:7b:03:0d
1,2025-11-08 13:12:49,svchost.exe,0.0,43.55,f4:6a:dd:7b:03:0d
1,2025-11-08 13:12:49,RuntimeBroker.exe,0.0,43.55,f4:6a:dd:7b:03:0d
1,2025-11-08 13:12:49,PhoneExperienceHost.exe,0.0,43.55,f4:6a:dd:7b:03:0d
1,2025-11-08 13:12:49,svchost.exe,0.0,43.55,f4:6a:dd:7b:03:0d
1,2025-11-08 13:12:49,svchost.exe,0.0,43.55,f4:6a:dd:7b:03:0d
1,2025-11-08 13:12:49,svchost.exe,0.0,43.55,f4:6a:dd:7b:03:0d
1,2025-11-08 13:12:49,svchost.exe,0.0,43.55,f4:6a:dd:7b:03:0d
1,2025-11-08 13:12:49,svchost.exe,0.0,43.55,f4:6a:dd:7b:03:0d
1,2025-11-08 13:12:49,svchost.exe,0.0,43.55,f4:6a:dd:7b:03:0d
1,2025-11-08 13:12:49,svchost.exe,0.0,43.55,f4:6a:dd:7b:03:0d
1,2025-11-08 13:12:49,OpenConsole.exe,0.0,43.55,f4:6a:dd:7b:03:0d
1,2025-11-08 13:12:49,audiodg.exe,2.0,43.55,f4:6a:dd:7b:03:0d
1,2025-11-08 13:12:49,svchost.exe,0.0,43.55,f4:6a:dd:7b:03:0d
1,2025-11-08 13:12:49,spoolsv.exe,0.0,43.55,f4:6a:dd:7b:03:0d
1,2025-11-08 13:12:49,svchost.exe,0.0,43.55,f4:6a:dd:7b:03:0d
1,2025-11-08 13:12:49,SearchIndexer.exe,0.0,43.55,f4:6a:dd:7b:03:0d
1,2025-11-08 13:12:49,NgcIso.exe,0.0,43.55,f4:6a:dd:7b:03:0d
1,2025-11-08 13:12:49,svchost.exe,0.0,43.55,f4:6a:dd:7b:03:0d
1,2025-11-08 13:12:49,svchost.exe,0.0,43.55,f4:6a:dd:7b:03:0d
1,2025-11-08 13:12:49,svchost.exe,0.0,43.55,f4:6a:dd:7b:03:0d
1,2025-11-08 13:12:49,LenovoUtilityService.exe,0.0,43.55,f4:6a:dd:7b:03:0d
1,2025-11-08 13:12:49,svchost.exe,0.0,43.55,f4:6a:dd:7b:03:0d
1,2025-11-08 13:12:49,svchost.exe,0.0,43.55,f4:6a:dd:7b:03:0d
1,2025-11-08 13:12:49,FMService64.exe,0.0,43.55,f4:6a:dd:7b:03:0d
1,2025-11-08 13:12:49,DAX3API.exe,0.0,43.55,f4:6a:dd:7b:03:0d
1,2025-11-08 13:12:49,svchost.exe,0.0,43.55,f4:6a:dd:7b:03:0d
1,2025-11-08 13:12:49,svchost.exe,0.0,43.55,f4:6a:dd:7b:03:0d
1,2025-11-08 13:12:49,svchost.exe,0.0,43.55,f4:6a:dd:7b:03:0d
1,2025-11-08 13:12:49,svchost.exe,0.0,43.55,f4:6a:dd:7b:03:0d
1,2025-11-08 13:12:49,LNBITSSvc.exe,0.7,43.55,f4:6a:dd:7b:03:0d
1,2025-11-08 13:12:49,Lenovo.Modern.ImController.exe,0.0,43.55,f4:6a:dd:7b:03:0d
1,2025-11-08 13:12:49,svchost.exe,0.0,43.55,f4:6a:dd:7b:03:0d
1,2025-11-08 13:12:49,MpDefenderCoreService.exe,0.0,43.55,f4:6a:dd:7b:03:0d
1,2025-11-08 13:12:49,RtkBtManServ.exe,0.0,43.55,f4:6a:dd:7b:03:0d
1,2025-11-08 13:12:49,svchost.exe,0.0,43.55,f4:6a:dd:7b:03:0d
1,2025-11-08 13:12:49,RtkAudUService64.exe,0.0,43.55,f4:6a:dd:7b:03:0d
1,2025-11-08 13:12:49,OfficeClickToRun.exe,0.0,43.55,f4:6a:dd:7b:03:0d
1,2025-11-08 13:12:49,svchost.exe,0.0,43.55,f4:6a:dd:7b:03:0d
1,2025-11-08 13:12:49,svchost.exe,0.0,43.55,f4:6a:dd:7b:03:0d
1,2025-11-08 13:12:49,UDClientService.exe,0.7,43.55,f4:6a:dd:7b:03:0d
1,2025-11-08 13:12:49,svchost.exe,0.0,43.55,f4:6a:dd:7b:03:0d
1,2025-11-08 13:12:49,mysqld.exe,0.0,43.55,f4:6a:dd:7b:03:0d
1,2025-11-08 13:12:49,MsMpEng.exe,2.1,43.55,f4:6a:dd:7b:03:0d
1,2025-11-08 13:12:49,svchost.exe,0.0,43.55,f4:6a:dd:7b:03:0d
1,2025-11-08 13:12:49,svchost.exe,9.9,43.55,f4:6a:dd:7b:03:0d
1,2025-11-08 13:12:49,wslservice.exe,0.0,43.55,f4:6a:dd:7b:03:0d
1,2025-11-08 13:12:49,msedgewebview2.exe,0.0,43.55,f4:6a:dd:7b:03:0d
1,2025-11-08 13:12:49,mysqld.exe,0.0,43.55,f4:6a:dd:7b:03:0d
1,2025-11-08 13:12:49,ShellExperienceHost.exe,0.0,43.55,f4:6a:dd:7b:03:0d
1,2025-11-08 13:12:49,WmiPrvSE.exe,0.0,43.55,f4:6a:dd:7b:03:0d
1,2025-11-08 13:12:49,conhost.exe,0.0,43.55,f4:6a:dd:7b:03:0d
1,2025-11-08 13:12:49,RuntimeBroker.exe,0.0,43.55,f4:6a:dd:7b:03:0d
1,2025-11-08 13:12:49,svchost.exe,0.0,43.55,f4:6a:dd:7b:03:0d
1,2025-11-08 13:12:49,msedge.exe,0.0,43.55,f4:6a:dd:7b:03:0d
1,2025-11-08 13:12:49,msedge.exe,0.0,43.55,f4:6a:dd:7b:03:0d
1,2025-11-08 13:12:49,msedge.exe,0.0,43.55,f4:6a:dd:7b:03:0d
1,2025-11-08 13:12:49,svchost.exe,0.0,43.55,f4:6a:dd:7b:03:0d
1,2025-11-08 13:12:49,unsecapp.exe,0.0,43.55,f4:6a:dd:7b:03:0d
1,2025-11-08 13:12:49,msedgewebview2.exe,0.0,43.55,f4:6a:dd:7b:03:0d
1,2025-11-08 13:12:49,DAX3API.exe,0.0,43.55,f4:6a:dd:7b:03:0d
1,2025-11-08 13:12:49,MSPCManagerService.exe,0.0,43.55,f4:6a:dd:7b:03:0d
1,2025-11-08 13:12:49,chrome.exe,0.0,43.55,f4:6a:dd:7b:03:0d
1,2025-11-08 13:12:49,svchost.exe,0.0,43.55,f4:6a:dd:7b:03:0d
1,2025-11-08 13:12:49,svchost.exe,0.0,43.55,f4:6a:dd:7b:03:0d
1,2025-11-08 13:12:49,svchost.exe,0.0,43.55,f4:6a:dd:7b:03:0d
1,2025-11-08 13:12:49,svchost.exe,0.0,43.55,f4:6a:dd:7b:03:0d
1,2025-11-08 13:12:49,svchost.exe,0.0,43.55,f4:6a:dd:7b:03:0d
1,2025-11-08 13:12:49,AggregatorHost.exe,0.0,43.55,f4:6a:dd:7b:03:0d
1,2025-11-08 13:12:49,svchost.exe,0.0,43.55,f4:6a:dd:7b:03:0d
1,2025-11-08 13:12:49,svchost.exe,0.7,43.55,f4:6a:dd:7b:03:0d
1,2025-11-08 13:12:49,msedgewebview2.exe,0.0,43.55,f4:6a:dd:7b:03:0d
1,2025-11-08 13:12:49,svchost.exe,0.0,43.55,f4:6a:dd:7b:03:0d
1,2025-11-08 13:12:49,svchost.exe,0.0,43.55,f4:6a:dd:7b:03:0d
1,2025-11-08 13:12:49,svchost.exe,0.0,43.55,f4:6a:dd:7b:03:0d
1,2025-11-08 13:12:49,chrome.exe,0.0,43.55,f4:6a:dd:7b:03:0d
1,2025-11-08 13:12:49,RtkAudUService64.exe,0.0,43.55,f4:6a:dd:7b:03:0d
1,2025-11-08 13:12:49,Code.exe,0.0,43.55,f4:6a:dd:7b:03:0d
1,2025-11-08 13:12:49,env.exe,0.0,43.55,f4:6a:dd:7b:03:0d
1,2025-11-08 13:12:49,svchost.exe,0.0,43.55,f4:6a:dd:7b:03:0d
1,2025-11-08 13:12:49,bash.exe,0.0,43.55,f4:6a:dd:7b:03:0d
1,2025-11-08 13:12:49,Code.exe,0.0,43.55,f4:6a:dd:7b:03:0d
1,2025-11-08 13:12:49,OneDrive.Sync.Service.exe,0.0,43.55,f4:6a:dd:7b:03:0d
1,2025-11-08 13:12:49,Notion.exe,2.1,43.55,f4:6a:dd:7b:03:0d
1,2025-11-08 13:12:49,Code.exe,0.0,43.55,f4:6a:dd:7b:03:0d
1,2025-11-08 13:12:49,svchost.exe,0.0,43.55,f4:6a:dd:7b:03:0d
1,2025-11-08 13:12:49,Notion.exe,0.0,43.55,f4:6a:dd:7b:03:0d
1,2025-11-08 13:12:49,OneDrive.exe,0.0,43.55,f4:6a:dd:7b:03:0d
1,2025-11-08 13:12:49,Code.exe,0.0,43.55,f4:6a:dd:7b:03:0d
1,2025-11-08 13:12:49,unsecapp.exe,0.0,43.55,f4:6a:dd:7b:03:0d
1,2025-11-08 13:12:49,Notion.exe,1.4,43.55,f4:6a:dd:7b:03:0d
1,2025-11-08 13:12:49,msedge.exe,0.0,43.55,f4:6a:dd:7b:03:0d
1,2025-11-08 13:12:49,MSPCManagerCore.exe,1.4,43.55,f4:6a:dd:7b:03:0d
1,2025-11-08 13:12:49,WidgetService.exe,0.0,43.55,f4:6a:dd:7b:03:0d
1,2025-11-08 13:12:49,WhatsApp.Root.exe,0.0,43.55,f4:6a:dd:7b:03:0d
1,2025-11-08 13:12:49,svchost.exe,0.0,43.55,f4:6a:dd:7b:03:0d
1,2025-11-08 13:12:49,svchost.exe,0.0,43.55,f4:6a:dd:7b:03:0d
1,2025-11-08 13:12:49,taskhostw.exe,0.0,43.55,f4:6a:dd:7b:03:0d
1,2025-11-08 13:12:49,FnHotkeyCapsLKNumLK.exe,0.0,43.55,f4:6a:dd:7b:03:0d
1,2025-11-08 13:12:49,MSPCManager.exe,0.7,43.55,f4:6a:dd:7b:03:0d
1,2025-11-08 13:12:49,Notion.exe,0.0,43.55,f4:6a:dd:7b:03:0d
1,2025-11-08 13:12:49,RuntimeBroker.exe,0.0,43.55,f4:6a:dd:7b:03:0d
1,2025-11-08 13:12:49,msedgewebview2.exe,0.0,43.55,f4:6a:dd:7b:03:0d
1,2025-11-08 13:12:49,msedgewebview2.exe,0.0,43.55,f4:6a:dd:7b:03:0d
1,2025-11-08 13:12:49,Code.exe,0.0,43.55,f4:6a:dd:7b:03:0d
1,2025-11-08 13:12:49,msedgewebview2.exe,0.0,43.55,f4:6a:dd:7b:03:0d
1,2025-11-08 13:12:49,msedgewebview2.exe,0.0,43.55,f4:6a:dd:7b:03:0d
1,2025-11-08 13:12:49,svchost.exe,0.0,43.55,f4:6a:dd:7b:03:0d
1,2025-11-08 13:12:49,svchost.exe,0.0,43.55,f4:6a:dd:7b:03:0d
1,2025-11-08 13:12:49,msedge.exe,0.0,43.55,f4:6a:dd:7b:03:0d
1,2025-11-08 13:12:49,msedgewebview2.exe,0.0,43.55,f4:6a:dd:7b:03:0d
1,2025-11-08 13:12:49,msedge.exe,0.0,43.55,f4:6a:dd:7b:03:0d
1,2025-11-08 13:12:49,python.exe,50.9,43.55,f4:6a:dd:7b:03:0d
1,2025-11-08 13:12:49,AutoModeDetect.exe,0.0,43.55,f4:6a:dd:7b:03:0d
1,2025-11-08 13:12:49,Discord.exe,30.1,43.55,f4:6a:dd:7b:03:0d
1,2025-11-08 13:12:49,ms-teams.exe,0.0,43.55,f4:6a:dd:7b:03:0d
1,2025-11-08 13:12:49,WmiPrvSE.exe,14.3,43.55,f4:6a:dd:7b:03:0d
1,2025-11-08 13:12:49,Widgets.exe,0.0,43.55,f4:6a:dd:7b:03:0d
1,2025-11-08 13:12:49,jetbrains-toolbox.exe,0.0,43.55,f4:6a:dd:7b:03:0d
1,2025-11-08 13:12:49,conhost.exe,0.0,43.55,f4:6a:dd:7b:03:0d
1,2025-11-08 13:12:49,Code.exe,0.0,43.55,f4:6a:dd:7b:03:0d
1,2025-11-08 13:12:49,svchost.exe,0.0,43.55,f4:6a:dd:7b:03:0d
1,2025-11-08 13:12:49,msedgewebview2.exe,0.0,43.55,f4:6a:dd:7b:03:0d
1,2025-11-08 13:12:49,RuntimeBroker.exe,0.0,43.55,f4:6a:dd:7b:03:0d
1,2025-11-08 13:12:49,Discord.exe,0.0,43.55,f4:6a:dd:7b:03:0d
1,2025-11-08 13:12:49,Taskmgr.exe,11.5,43.55,f4:6a:dd:7b:03:0d
1,2025-11-08 13:12:49,svchost.exe,0.0,43.55,f4:6a:dd:7b:03:0d
1,2025-11-08 13:12:49,msedgewebview2.exe,0.0,43.55,f4:6a:dd:7b:03:0d
1,2025-11-08 13:12:49,winlogon.exe,0.0,43.55,f4:6a:dd:7b:03:0d
1,2025-11-08 13:12:49,csrss.exe,1.4,43.55,f4:6a:dd:7b:03:0d
1,2025-11-08 13:12:49,Code.exe,0.0,43.55,f4:6a:dd:7b:03:0d
1,2025-11-08 13:12:49,Notion.exe,0.0,43.55,f4:6a:dd:7b:03:0d
1,2025-11-08 13:12:49,ShellHost.exe,0.0,43.55,f4:6a:dd:7b:03:0d
1,2025-11-08 13:12:49,RuntimeBroker.exe,0.0,43.55,f4:6a:dd:7b:03:0d
1,2025-11-08 13:12:49,svchost.exe,0.0,43.55,f4:6a:dd:7b:03:0d
1,2025-11-08 13:12:49,msedgewebview2.exe,0.0,43.55,f4:6a:dd:7b:03:0d
1,2025-11-08 13:12:49,SecurityHealthService.exe,0.0,43.55,f4:6a:dd:7b:03:0d
1,2025-11-08 13:12:49,chrome.exe,0.0,43.55,f4:6a:dd:7b:03:0d
1,2025-11-08 13:12:49,msedge.exe,0.0,43.55,f4:6a:dd:7b:03:0d
1,2025-11-08 13:12:49,powershell.exe,0.0,43.55,f4:6a:dd:7b:03:0d
1,2025-11-08 13:12:49,python.exe,0.0,43.55,f4:6a:dd:7b:03:0d
1,2025-11-08 13:12:49,FileSyncHelper.exe,0.0,43.55,f4:6a:dd:7b:03:0d
1,2025-11-08 13:12:49,msedgewebview2.exe,0.0,43.55,f4:6a:dd:7b:03:0d
1,2025-11-08 13:12:49,fsnotifier.exe,0.0,43.55,f4:6a:dd:7b:03:0d
1,2025-11-08 13:12:49,ctfmon.exe,0.0,43.55,f4:6a:dd:7b:03:0d
1,2025-11-08 13:12:49,Notion.exe,0.0,43.55,f4:6a:dd:7b:03:0d
1,2025-11-08 13:12:49,taskhostw.exe,0.0,43.55,f4:6a:dd:7b:03:0d
1,2025-11-08 13:12:49,svchost.exe,0.0,43.55,f4:6a:dd:7b:03:0d
1,2025-11-08 13:12:49,dllhost.exe,0.0,43.55,f4:6a:dd:7b:03:0d
1,2025-11-08 13:12:49,FnHotkeyUtility.exe,0.0,43.55,f4:6a:dd:7b:03:0d
1,2025-11-08 13:12:49,msedgewebview2.exe,0.0,43.55,f4:6a:dd:7b:03:0d
1,2025-11-08 13:12:49,chrome.exe,0.0,43.55,f4:6a:dd:7b:03:0d
1,2025-11-08 13:12:49,msedgewebview2.exe,0.0,43.55,f4:6a:dd:7b:03:0d
1,2025-11-08 13:12:49,ms-teams.exe,0.0,43.55,f4:6a:dd:7b:03:0d
1,2025-11-08 13:12:49,msedgewebview2.exe,0.0,43.55,f4:6a:dd:7b:03:0d
1,2025-11-08 13:12:49,UserOOBEBroker.exe,0.0,43.55,f4:6a:dd:7b:03:0d
1,2025-11-08 13:12:49,msedge.exe,0.0,43.55,f4:6a:dd:7b:03:0d
1,2025-11-08 13:12:49,Copilot.exe,0.0,43.55,f4:6a:dd:7b:03:0d
1,2025-11-08 13:12:49,Code.exe,0.0,43.55,f4:6a:dd:7b:03:0d
1,2025-11-08 13:12:49,conhost.exe,0.0,43.55,f4:6a:dd:7b:03:0d
1,2025-11-08 13:12:49,Discord.exe,0.0,43.55,f4:6a:dd:7b:03:0d
1,2025-11-08 13:12:49,msedgewebview2.exe,0.0,43.55,f4:6a:dd:7b:03:0d
1,2025-11-08 13:12:49,SearchHost.exe,0.0,43.55,f4:6a:dd:7b:03:0d
1,2025-11-08 13:12:49,msedgewebview2.exe,0.0,43.55,f4:6a:dd:7b:03:0d
1,2025-11-08 13:12:49,Code.exe,0.0,43.55,f4:6a:dd:7b:03:0d
1,2025-11-08 13:12:49,atieclxx.exe,0.0,43.55,f4:6a:dd:7b:03:0d
1,2025-11-08 13:12:49,msedgewebview2.exe,0.0,43.55,f4:6a:dd:7b:03:0d
1,2025-11-08 13:12:49,msedgewebview2.exe,0.0,43.55,f4:6a:dd:7b:03:0d
1,2025-11-08 13:12:49,chrome.exe,0.0,43.55,f4:6a:dd:7b:03:0d
1,2025-11-08 13:12:49,svchost.exe,0.0,43.55,f4:6a:dd:7b:03:0d
1,2025-11-08 13:12:49,FileCoAuth.exe,0.0,43.55,f4:6a:dd:7b:03:0d
1,2025-11-08 13:12:49,TextInputHost.exe,0.0,43.55,f4:6a:dd:7b:03:0d
1,2025-11-08 13:12:49,explorer.exe,0.0,43.55,f4:6a:dd:7b:03:0d
1,2025-11-08 13:12:49,Notion.exe,0.0,43.55,f4:6a:dd:7b:03:0d
1,2025-11-08 13:12:49,AppActions.exe,0.0,43.55,f4:6a:dd:7b:03:0d
1,2025-11-08 13:12:49,SecurityHealthSystray.exe,0.0,43.55,f4:6a:dd:7b:03:0d
1,2025-11-08 13:12:49,msedge.exe,0.0,43.55,f4:6a:dd:7b:03:0d
1,2025-11-08 13:12:49,Code.exe,0.0,43.55,f4:6a:dd:7b:03:0d
1,2025-11-08 13:12:49,StartMenuExperienceHost.exe,0.0,43.55,f4:6a:dd:7b:03:0d
1,2025-11-08 13:12:49,conhost.exe,0.0,43.55,f4:6a:dd:7b:03:0d
1,2025-11-08 13:12:49,dwm.exe,0.0,43.55,f4:6a:dd:7b:03:0d
1,2025-11-08 13:12:49,msedge.exe,0.0,43.55,f4:6a:dd:7b:03:0d
1,2025-11-08 13:12:49,msedgewebview2.exe,0.7,43.55,f4:6a:dd:7b:03:0d
1,2025-11-08 13:12:49,svchost.exe,0.0,43.55,f4:6a:dd:7b:03:0d
1,2025-11-08 13:12:49,ApplicationFrameHost.exe,0.0,43.55,f4:6a:dd:7b:03:0d
1,2025-11-08 13:12:49,RuntimeBroker.exe,0.0,43.55,f4:6a:dd:7b:03:0d
1,2025-11-08 13:12:49,Notion.exe,0.0,43.55,f4:6a:dd:7b:03:0d
1,2025-11-08 13:12:49,fontdrvhost.exe,0.0,43.55,f4:6a:dd:7b:03:0d
1,2025-11-08 13:12:49,RuntimeBroker.exe,0.0,43.55,f4:6a:dd:7b:03:0d
1,2025-11-08 13:12:49,svchost.exe,0.0,43.55,f4:6a:dd:7b:03:0d
1,2025-11-08 13:12:49,svchost.exe,0.0,43.55,f4:6a:dd:7b:03:0d
1,2025-11-08 13:12:49,Discord.exe,0.0,43.55,f4:6a:dd:7b:03:0d
1,2025-11-08 13:12:49,svchost.exe,0.0,43.55,f4:6a:dd:7b:03:0d
1,2025-11-08 13:12:49,idea64.exe,2.2,43.55,f4:6a:dd:7b:03:0d
1,2025-11-08 13:12:49,conhost.exe,0.7,43.55,f4:6a:dd:7b:03:0d
1,2025-11-08 13:12:49,msedgewebview2.exe,0.0,43.55,f4:6a:dd:7b:03:0d
1,2025-11-08 13:12:49,RuntimeBroker.exe,0.0,43.55,f4:6a:dd:7b:03:0d
1,2025-11-08 13:12:49,Discord.exe,2.2,43.55,f4:6a:dd:7b:03:0d
1,2025-11-08 13:12:49,CrossDeviceResume.exe,0.0,43.55,f4:6a:dd:7b:03:0d
1,2025-11-08 13:12:49,Code.exe,0.0,43.55,f4:6a:dd:7b:03:0d
1,2025-11-08 13:12:49,conhost.exe,0.0,43.55,f4:6a:dd:7b:03:0d
1,2025-11-08 13:12:49,bash.exe,0.7,43.55,f4:6a:dd:7b:03:0d
1,2025-11-08 13:12:49,chrome.exe,0.0,43.55,f4:6a:dd:7b:03:0d
1,2025-11-08 13:12:49,svchost.exe,0.0,43.55,f4:6a:dd:7b:03:0d
1,2025-11-08 13:12:49,pet.exe,0.0,43.55,f4:6a:dd:7b:03:0d
1,2025-11-08 13:12:49,bash.exe,0.0,43.55,f4:6a:dd:7b:03:0d
1,2025-11-08 13:12:49,conhost.exe,0.0,43.55,f4:6a:dd:7b:03:0d
1,2025-11-08 13:12:49,Code.exe,0.0,43.55,f4:6a:dd:7b:03:0d
1,2025-11-08 13:12:49,chrome.exe,0.0,43.55,f4:6a:dd:7b:03:0d
1,2025-11-08 13:12:49,svchost.exe,0.0,43.55,f4:6a:dd:7b:03:0d
1,2025-11-08 13:12:49,smartscreen.exe,0.0,43.55,f4:6a:dd:7b:03:0d
1,2025-11-08 13:12:49,unsecapp.exe,0.0,43.55,f4:6a:dd:7b:03:0d
1,2025-11-08 13:12:49,bash.exe,0.0,43.55,f4:6a:dd:7b:03:0d
1,2025-11-08 13:12:49,chrome.exe,0.0,43.55,f4:6a:dd:7b:03:0d
1,2025-11-08 13:12:49,python.exe,0.0,43.55,f4:6a:dd:7b:03:0d
1,2025-11-08 13:12:49,backgroundTaskHost.exe,0.0,43.55,f4:6a:dd:7b:03:0d
1,2025-11-08 13:12:49,chrome.exe,0.0,43.55,f4:6a:dd:7b:03:0d
id_empresa,datetime,processo,uso de cpu,uso de gpu,mac_address
1,2025-11-08 13:12:58,System Idle Process,369.1,40.56,f4:6a:dd:7b:03:0d
1,2025-11-08 13:12:58,System,21.9,40.56,f4:6a:dd:7b:03:0d
1,2025-11-08 13:12:58,,0.0,40.56,f4:6a:dd:7b:03:0d
1,2025-11-08 13:12:58,Registry,0.0,40.56,f4:6a:dd:7b:03:0d
1,2025-11-08 13:12:58,smss.exe,0.0,40.56,f4:6a:dd:7b:03:0d
1,2025-11-08 13:12:58,msedge.exe,0.0,40.56,f4:6a:dd:7b:03:0d
1,2025-11-08 13:12:58,svchost.exe,0.0,40.56,f4:6a:dd:7b:03:0d
1,2025-11-08 13:12:58,csrss.exe,0.0,40.56,f4:6a:dd:7b:03:0d
1,2025-11-08 13:12:58,svchost.exe,0.0,40.56,f4:6a:dd:7b:03:0d
1,2025-11-08 13:12:58,wininit.exe,0.0,40.56,f4:6a:dd:7b:03:0d
1,2025-11-08 13:12:58,svchost.exe,0.0,40.56,f4:6a:dd:7b:03:0d
1,2025-11-08 13:12:58,svchost.exe,0.0,40.56,f4:6a:dd:7b:03:0d
1,2025-11-08 13:12:58,services.exe,0.0,40.56,f4:6a:dd:7b:03:0d
1,2025-11-08 13:12:58,LsaIso.exe,0.0,40.56,f4:6a:dd:7b:03:0d
1,2025-11-08 13:12:58,lsass.exe,0.7,40.56,f4:6a:dd:7b:03:0d
1,2025-11-08 13:12:58,Code.exe,0.0,40.56,f4:6a:dd:7b:03:0d
1,2025-11-08 13:12:58,svchost.exe,0.0,40.56,f4:6a:dd:7b:03:0d
1,2025-11-08 13:12:58,fontdrvhost.exe,0.0,40.56,f4:6a:dd:7b:03:0d
1,2025-11-08 13:12:58,msedgewebview2.exe,0.0,40.56,f4:6a:dd:7b:03:0d
1,2025-11-08 13:12:58,svchost.exe,0.0,40.56,f4:6a:dd:7b:03:0d
1,2025-11-08 13:12:58,svchost.exe,0.0,40.56,f4:6a:dd:7b:03:0d
1,2025-11-08 13:12:58,WUDFHost.exe,0.0,40.56,f4:6a:dd:7b:03:0d
1,2025-11-08 13:12:58,svchost.exe,0.0,40.56,f4:6a:dd:7b:03:0d
1,2025-11-08 13:12:58,msedgewebview2.exe,0.0,40.56,f4:6a:dd:7b:03:0d
1,2025-11-08 13:12:58,AppProvisioningPlugin.exe,0.0,40.56,f4:6a:dd:7b:03:0d
1,2025-11-08 13:12:58,WUDFHost.exe,0.0,40.56,f4:6a:dd:7b:03:0d
1,2025-11-08 13:12:58,conhost.exe,0.0,40.56,f4:6a:dd:7b:03:0d
1,2025-11-08 13:12:58,OneDrive.exe,0.0,40.56,f4:6a:dd:7b:03:0d
1,2025-11-08 13:12:58,svchost.exe,0.0,40.56,f4:6a:dd:7b:03:0d
1,2025-11-08 13:12:58,svchost.exe,0.0,40.56,f4:6a:dd:7b:03:0d
1,2025-11-08 13:12:58,svchost.exe,0.0,40.56,f4:6a:dd:7b:03:0d
1,2025-11-08 13:12:58,svchost.exe,0.0,40.56,f4:6a:dd:7b:03:0d
1,2025-11-08 13:12:58,svchost.exe,0.0,40.56,f4:6a:dd:7b:03:0d
1,2025-11-08 13:12:58,svchost.exe,0.0,40.56,f4:6a:dd:7b:03:0d
1,2025-11-08 13:12:58,msedge.exe,0.0,40.56,f4:6a:dd:7b:03:0d
1,2025-11-08 13:12:58,svchost.exe,0.0,40.56,f4:6a:dd:7b:03:0d
1,2025-11-08 13:12:58,svchost.exe,0.0,40.56,f4:6a:dd:7b:03:0d
1,2025-11-08 13:12:58,svchost.exe,0.0,40.56,f4:6a:dd:7b:03:0d
1,2025-11-08 13:12:58,chrome.exe,0.0,40.56,f4:6a:dd:7b:03:0d
1,2025-11-08 13:12:58,svchost.exe,0.7,40.56,f4:6a:dd:7b:03:0d
1,2025-11-08 13:12:58,Discord.exe,0.0,40.56,f4:6a:dd:7b:03:0d
1,2025-11-08 13:12:58,svchost.exe,0.0,40.56,f4:6a:dd:7b:03:0d
1,2025-11-08 13:12:58,svchost.exe,0.0,40.56,f4:6a:dd:7b:03:0d
1,2025-11-08 13:12:58,svchost.exe,0.0,40.56,f4:6a:dd:7b:03:0d
1,2025-11-08 13:12:58,msedgewebview2.exe,0.0,40.56,f4:6a:dd:7b:03:0d
1,2025-11-08 13:12:58,msedgewebview2.exe,0.0,40.56,f4:6a:dd:7b:03:0d
1,2025-11-08 13:12:58,RuntimeBroker.exe,0.0,40.56,f4:6a:dd:7b:03:0d
1,2025-11-08 13:12:58,svchost.exe,0.7,40.56,f4:6a:dd:7b:03:0d
1,2025-11-08 13:12:58,svchost.exe,0.0,40.56,f4:6a:dd:7b:03:0d
1,2025-11-08 13:12:58,svchost.exe,0.0,40.56,f4:6a:dd:7b:03:0d
1,2025-11-08 13:12:58,svchost.exe,0.0,40.56,f4:6a:dd:7b:03:0d
1,2025-11-08 13:12:58,amdfendrsr.exe,0.0,40.56,f4:6a:dd:7b:03:0d
1,2025-11-08 13:12:58,svchost.exe,0.0,40.56,f4:6a:dd:7b:03:0d
1,2025-11-08 13:12:58,atiesrxx.exe,0.0,40.56,f4:6a:dd:7b:03:0d
1,2025-11-08 13:12:58,svchost.exe,0.0,40.56,f4:6a:dd:7b:03:0d
1,2025-11-08 13:12:58,svchost.exe,0.0,40.56,f4:6a:dd:7b:03:0d
1,2025-11-08 13:12:58,sihost.exe,0.0,40.56,f4:6a:dd:7b:03:0d
1,2025-11-08 13:12:58,svchost.exe,0.0,40.56,f4:6a:dd:7b:03:0d
1,2025-11-08 13:12:58,msedge.exe,0.0,40.56,f4:6a:dd:7b:03:0d
1,2025-11-08 13:12:58,svchost.exe,0.0,40.56,f4:6a:dd:7b:03:0d
1,2025-11-08 13:12:58,msedgewebview2.exe,0.0,40.56,f4:6a:dd:7b:03:0d
1,2025-11-08 13:12:58,msedge.exe,0.0,40.56,f4:6a:dd:7b:03:0d
1,2025-11-08 13:12:58,LockApp.exe,0.0,40.56,f4:6a:dd:7b:03:0d
1,2025-11-08 13:12:58,NisSrv.exe,0.0,40.56,f4:6a:dd:7b:03:0d
1,2025-11-08 13:12:58,svchost.exe,0.0,40.56,f4:6a:dd:7b:03:0d
1,2025-11-08 13:12:58,svchost.exe,0.0,40.56,f4:6a:dd:7b:03:0d
1,2025-11-08 13:12:58,svchost.exe,0.0,40.56,f4:6a:dd:7b:03:0d
1,2025-11-08 13:12:58,svchost.exe,0.0,40.56,f4:6a:dd:7b:03:0d
1,2025-11-08 13:12:58,svchost.exe,0.0,40.56,f4:6a:dd:7b:03:0d
1,2025-11-08 13:12:58,svchost.exe,0.0,40.56,f4:6a:dd:7b:03:0d
1,2025-11-08 13:12:58,MemCompression,2.0,40.56,f4:6a:dd:7b:03:0d
1,2025-11-08 13:12:58,svchost.exe,0.0,40.56,f4:6a:dd:7b:03:0d
1,2025-11-08 13:12:58,svchost.exe,0.0,40.56,f4:6a:dd:7b:03:0d
1,2025-11-08 13:12:58,svchost.exe,0.0,40.56,f4:6a:dd:7b:03:0d
1,2025-11-08 13:12:58,svchost.exe,0.0,40.56,f4:6a:dd:7b:03:0d
1,2025-11-08 13:12:58,svchost.exe,0.0,40.56,f4:6a:dd:7b:03:0d
1,2025-11-08 13:12:58,RuntimeBroker.exe,0.0,40.56,f4:6a:dd:7b:03:0d
1,2025-11-08 13:12:58,PhoneExperienceHost.exe,0.0,40.56,f4:6a:dd:7b:03:0d
1,2025-11-08 13:12:58,svchost.exe,0.0,40.56,f4:6a:dd:7b:03:0d
1,2025-11-08 13:12:58,svchost.exe,0.0,40.56,f4:6a:dd:7b:03:0d
1,2025-11-08 13:12:58,svchost.exe,0.0,40.56,f4:6a:dd:7b:03:0d
1,2025-11-08 13:12:58,svchost.exe,0.0,40.56,f4:6a:dd:7b:03:0d
1,2025-11-08 13:12:58,svchost.exe,0.0,40.56,f4:6a:dd:7b:03:0d
1,2025-11-08 13:12:58,svchost.exe,0.0,40.56,f4:6a:dd:7b:03:0d
1,2025-11-08 13:12:58,svchost.exe,0.0,40.56,f4:6a:dd:7b:03:0d
1,2025-11-08 13:12:58,OpenConsole.exe,0.0,40.56,f4:6a:dd:7b:03:0d
1,2025-11-08 13:12:58,audiodg.exe,5.3,40.56,f4:6a:dd:7b:03:0d
1,2025-11-08 13:12:58,svchost.exe,0.0,40.56,f4:6a:dd:7b:03:0d
1,2025-11-08 13:12:58,spoolsv.exe,0.0,40.56,f4:6a:dd:7b:03:0d
1,2025-11-08 13:12:58,svchost.exe,0.0,40.56,f4:6a:dd:7b:03:0d
1,2025-11-08 13:12:58,SearchIndexer.exe,0.7,40.56,f4:6a:dd:7b:03:0d
1,2025-11-08 13:12:58,NgcIso.exe,0.0,40.56,f4:6a:dd:7b:03:0d
1,2025-11-08 13:12:58,svchost.exe,0.0,40.56,f4:6a:dd:7b:03:0d
1,2025-11-08 13:12:58,svchost.exe,0.0,40.56,f4:6a:dd:7b:03:0d
1,2025-11-08 13:12:58,svchost.exe,0.0,40.56,f4:6a:dd:7b:03:0d
1,2025-11-08 13:12:58,LenovoUtilityService.exe,0.0,40.56,f4:6a:dd:7b:03:0d
1,2025-11-08 13:12:58,svchost.exe,0.0,40.56,f4:6a:dd:7b:03:0d
1,2025-11-08 13:12:58,svchost.exe,0.0,40.56,f4:6a:dd:7b:03:0d
1,2025-11-08 13:12:58,FMService64.exe,0.0,40.56,f4:6a:dd:7b:03:0d
1,2025-11-08 13:12:58,DAX3API.exe,0.0,40.56,f4:6a:dd:7b:03:0d
1,2025-11-08 13:12:58,svchost.exe,0.0,40.56,f4:6a:dd:7b:03:0d
1,2025-11-08 13:12:58,svchost.exe,0.0,40.56,f4:6a:dd:7b:03:0d
1,2025-11-08 13:12:58,svchost.exe,0.0,40.56,f4:6a:dd:7b:03:0d
1,2025-11-08 13:12:58,svchost.exe,0.0,40.56,f4:6a:dd:7b:03:0d
1,2025-11-08 13:12:58,LNBITSSvc.exe,0.0,40.56,f4:6a:dd:7b:03:0d
1,2025-11-08 13:12:58,Lenovo.Modern.ImController.exe,0.0,40.56,f4:6a:dd:7b:03:0d
1,2025-11-08 13:12:58,svchost.exe,0.0,40.56,f4:6a:dd:7b:03:0d
1,2025-11-08 13:12:58,MpDefenderCoreService.exe,0.0,40.56,f4:6a:dd:7b:03:0d
1,2025-11-08 13:12:58,RtkBtManServ.exe,0.0,40.56,f4:6a:dd:7b:03:0d
1,2025-11-08 13:12:58,svchost.exe,0.0,40.56,f4:6a:dd:7b:03:0d
1,2025-11-08 13:12:58,RtkAudUService64.exe,0.0,40.56,f4:6a:dd:7b:03:0d
1,2025-11-08 13:12:58,OfficeClickToRun.exe,0.0,40.56,f4:6a:dd:7b:03:0d
1,2025-11-08 13:12:58,svchost.exe,0.0,40.56,f4:6a:dd:7b:03:0d
1,2025-11-08 13:12:58,svchost.exe,0.0,40.56,f4:6a:dd:7b:03:0d
1,2025-11-08 13:12:58,UDClientService.exe,0.7,40.56,f4:6a:dd:7b:03:0d
1,2025-11-08 13:12:58,svchost.exe,0.0,40.56,f4:6a:dd:7b:03:0d
1,2025-11-08 13:12:58,mysqld.exe,0.0,40.56,f4:6a:dd:7b:03:0d
1,2025-11-08 13:12:58,MsMpEng.exe,2.0,40.56,f4:6a:dd:7b:03:0d
1,2025-11-08 13:12:58,svchost.exe,0.0,40.56,f4:6a:dd:7b:03:0d
1,2025-11-08 13:12:58,svchost.exe,8.8,40.56,f4:6a:dd:7b:03:0d
1,2025-11-08 13:12:58,wslservice.exe,0.0,40.56,f4:6a:dd:7b:03:0d
1,2025-11-08 13:12:58,msedgewebview2.exe,0.0,40.56,f4:6a:dd:7b:03:0d
1,2025-11-08 13:12:58,mysqld.exe,0.0,40.56,f4:6a:dd:7b:03:0d
1,2025-11-08 13:12:58,ShellExperienceHost.exe,0.0,40.56,f4:6a:dd:7b:03:0d
1,2025-11-08 13:12:58,WmiPrvSE.exe,0.0,40.56,f4:6a:dd:7b:03:0d
1,2025-11-08 13:12:58,conhost.exe,0.0,40.56,f4:6a:dd:7b:03:0d
1,2025-11-08 13:12:58,svchost.exe,0.0,40.56,f4:6a:dd:7b:03:0d
1,2025-11-08 13:12:58,msedge.exe,0.0,40.56,f4:6a:dd:7b:03:0d
1,2025-11-08 13:12:58,msedge.exe,0.0,40.56,f4:6a:dd:7b:03:0d
1,2025-11-08 13:12:58,msedge.exe,0.0,40.56,f4:6a:dd:7b:03:0d
1,2025-11-08 13:12:58,svchost.exe,0.0,40.56,f4:6a:dd:7b:03:0d
1,2025-11-08 13:12:58,unsecapp.exe,0.0,40.56,f4:6a:dd:7b:03:0d
1,2025-11-08 13:12:58,msedgewebview2.exe,0.0,40.56,f4:6a:dd:7b:03:0d
1,2025-11-08 13:12:58,DAX3API.exe,0.0,40.56,f4:6a:dd:7b:03:0d
1,2025-11-08 13:12:58,MSPCManagerService.exe,2.7,40.56,f4:6a:dd:7b:03:0d
1,2025-11-08 13:12:58,chrome.exe,0.0,40.56,f4:6a:dd:7b:03:0d
1,2025-11-08 13:12:58,svchost.exe,0.7,40.56,f4:6a:dd:7b:03:0d
1,2025-11-08 13:12:58,svchost.exe,0.0,40.56,f4:6a:dd:7b:03:0d
1,2025-11-08 13:12:58,svchost.exe,0.0,40.56,f4:6a:dd:7b:03:0d
1,2025-11-08 13:12:58,svchost.exe,0.0,40.56,f4:6a:dd:7b:03:0d
1,2025-11-08 13:12:58,svchost.exe,0.0,40.56,f4:6a:dd:7b:03:0d
1,2025-11-08 13:12:58,AggregatorHost.exe,0.0,40.56,f4:6a:dd:7b:03:0d
1,2025-11-08 13:12:58,svchost.exe,0.0,40.56,f4:6a:dd:7b:03:0d
1,2025-11-08 13:12:58,svchost.exe,0.0,40.56,f4:6a:dd:7b:03:0d
1,2025-11-08 13:12:58,msedgewebview2.exe,0.0,40.56,f4:6a:dd:7b:03:0d
1,2025-11-08 13:12:58,svchost.exe,0.0,40.56,f4:6a:dd:7b:03:0d
1,2025-11-08 13:12:58,svchost.exe,0.0,40.56,f4:6a:dd:7b:03:0d
1,2025-11-08 13:12:58,svchost.exe,0.0,40.56,f4:6a:dd:7b:03:0d
1,2025-11-08 13:12:58,chrome.exe,0.0,40.56,f4:6a:dd:7b:03:0d
1,2025-11-08 13:12:58,RtkAudUService64.exe,0.0,40.56,f4:6a:dd:7b:03:0d
1,2025-11-08 13:12:58,Code.exe,0.0,40.56,f4:6a:dd:7b:03:0d
1,2025-11-08 13:12:58,env.exe,0.0,40.56,f4:6a:dd:7b:03:0d
1,2025-11-08 13:12:58,svchost.exe,0.0,40.56,f4:6a:dd:7b:03:0d
1,2025-11-08 13:12:58,bash.exe,0.0,40.56,f4:6a:dd:7b:03:0d
1,2025-11-08 13:12:58,Code.exe,0.0,40.56,f4:6a:dd:7b:03:0d
1,2025-11-08 13:12:58,OneDrive.Sync.Service.exe,0.0,40.56,f4:6a:dd:7b:03:0d
1,2025-11-08 13:12:58,Notion.exe,0.7,40.56,f4:6a:dd:7b:03:0d
1,2025-11-08 13:12:58,Code.exe,0.0,40.56,f4:6a:dd:7b:03:0d
1,2025-11-08 13:12:58,svchost.exe,0.0,40.56,f4:6a:dd:7b:03:0d
1,2025-11-08 13:12:58,Notion.exe,0.0,40.56,f4:6a:dd:7b:03:0d
1,2025-11-08 13:12:58,OneDrive.exe,0.0,40.56,f4:6a:dd:7b:03:0d
1,2025-11-08 13:12:58,Code.exe,0.0,40.56,f4:6a:dd:7b:03:0d
1,2025-11-08 13:12:58,unsecapp.exe,0.0,40.56,f4:6a:dd:7b:03:0d
1,2025-11-08 13:12:58,Notion.exe,1.4,40.56,f4:6a:dd:7b:03:0d
1,2025-11-08 13:12:58,msedge.exe,0.0,40.56,f4:6a:dd:7b:03:0d
1,2025-11-08 13:12:58,MSPCManagerCore.exe,0.7,40.56,f4:6a:dd:7b:03:0d
1,2025-11-08 13:12:58,WidgetService.exe,0.0,40.56,f4:6a:dd:7b:03:0d
1,2025-11-08 13:12:58,WhatsApp.Root.exe,0.0,40.56,f4:6a:dd:7b:03:0d
1,2025-11-08 13:12:58,svchost.exe,0.0,40.56,f4:6a:dd:7b:03:0d
1,2025-11-08 13:12:58,svchost.exe,0.0,40.56,f4:6a:dd:7b:03:0d
1,2025-11-08 13:12:58,taskhostw.exe,0.0,40.56,f4:6a:dd:7b:03:0d
1,2025-11-08 13:12:58,FnHotkeyCapsLKNumLK.exe,0.0,40.56,f4:6a:dd:7b:03:0d
1,2025-11-08 13:12:58,MSPCManager.exe,0.0,40.56,f4:6a:dd:7b:03:0d
1,2025-11-08 13:12:58,Notion.exe,0.0,40.56,f4:6a:dd:7b:03:0d
1,2025-11-08 13:12:58,RuntimeBroker.exe,0.0,40.56,f4:6a:dd:7b:03:0d
1,2025-11-08 13:12:58,msedgewebview2.exe,0.0,40.56,f4:6a:dd:7b:03:0d
1,2025-11-08 13:12:58,msedgewebview2.exe,1.4,40.56,f4:6a:dd:7b:03:0d
1,2025-11-08 13:12:58,Code.exe,0.0,40.56,f4:6a:dd:7b:03:0d
1,2025-11-08 13:12:58,msedgewebview2.exe,0.7,40.56,f4:6a:dd:7b:03:0d
1,2025-11-08 13:12:58,msedgewebview2.exe,0.0,40.56,f4:6a:dd:7b:03:0d
1,2025-11-08 13:12:58,svchost.exe,0.0,40.56,f4:6a:dd:7b:03:0d
1,2025-11-08 13:12:58,svchost.exe,0.0,40.56,f4:6a:dd:7b:03:0d
1,2025-11-08 13:12:58,msedge.exe,0.0,40.56,f4:6a:dd:7b:03:0d
1,2025-11-08 13:12:58,msedgewebview2.exe,0.0,40.56,f4:6a:dd:7b:03:0d
1,2025-11-08 13:12:58,msedge.exe,1.4,40.56,f4:6a:dd:7b:03:0d
1,2025-11-08 13:12:58,python.exe,50.8,40.56,f4:6a:dd:7b:03:0d
1,2025-11-08 13:12:58,AutoModeDetect.exe,0.7,40.56,f4:6a:dd:7b:03:0d
1,2025-11-08 13:12:58,Discord.exe,23.3,40.56,f4:6a:dd:7b:03:0d
1,2025-11-08 13:12:58,ms-teams.exe,0.0,40.56,f4:6a:dd:7b:03:0d
1,2025-11-08 13:12:58,WmiPrvSE.exe,15.1,40.56,f4:6a:dd:7b:03:0d
1,2025-11-08 13:12:58,Widgets.exe,0.0,40.56,f4:6a:dd:7b:03:0d
1,2025-11-08 13:12:58,jetbrains-toolbox.exe,1.4,40.56,f4:6a:dd:7b:03:0d
1,2025-11-08 13:12:58,conhost.exe,0.0,40.56,f4:6a:dd:7b:03:0d
1,2025-11-08 13:12:58,Code.exe,0.0,40.56,f4:6a:dd:7b:03:0d
1,2025-11-08 13:12:58,svchost.exe,0.0,40.56,f4:6a:dd:7b:03:0d
1,2025-11-08 13:12:58,msedgewebview2.exe,0.0,40.56,f4:6a:dd:7b:03:0d
1,2025-11-08 13:12:58,RuntimeBroker.exe,0.0,40.56,f4:6a:dd:7b:03:0d
1,2025-11-08 13:12:58,Discord.exe,0.0,40.56,f4:6a:dd:7b:03:0d
1,2025-11-08 13:12:58,Taskmgr.exe,11.7,40.56,f4:6a:dd:7b:03:0d
1,2025-11-08 13:12:58,svchost.exe,0.0,40.56,f4:6a:dd:7b:03:0d
1,2025-11-08 13:12:58,msedgewebview2.exe,0.0,40.56,f4:6a:dd:7b:03:0d
1,2025-11-08 13:12:58,winlogon.exe,0.0,40.56,f4:6a:dd:7b:03:0d
1,2025-11-08 13:12:58,csrss.exe,0.7,40.56,f4:6a:dd:7b:03:0d
1,2025-11-08 13:12:58,Code.exe,0.0,40.56,f4:6a:dd:7b:03:0d
1,2025-11-08 13:12:58,Notion.exe,0.0,40.56,f4:6a:dd:7b:03:0d
1,2025-11-08 13:12:58,ShellHost.exe,0.0,40.56,f4:6a:dd:7b:03:0d
1,2025-11-08 13:12:58,RuntimeBroker.exe,0.0,40.56,f4:6a:dd:7b:03:0d
1,2025-11-08 13:12:58,svchost.exe,0.0,40.56,f4:6a:dd:7b:03:0d
1,2025-11-08 13:12:58,msedgewebview2.exe,0.0,40.56,f4:6a:dd:7b:03:0d
1,2025-11-08 13:12:58,SecurityHealthService.exe,0.0,40.56,f4:6a:dd:7b:03:0d
1,2025-11-08 13:12:58,chrome.exe,0.0,40.56,f4:6a:dd:7b:03:0d
1,2025-11-08 13:12:58,msedge.exe,0.0,40.56,f4:6a:dd:7b:03:0d
1,2025-11-08 13:12:58,powershell.exe,0.0,40.56,f4:6a:dd:7b:03:0d
1,2025-11-08 13:12:58,python.exe,0.0,40.56,f4:6a:dd:7b:03:0d
1,2025-11-08 13:12:58,FileSyncHelper.exe,0.0,40.56,f4:6a:dd:7b:03:0d
1,2025-11-08 13:12:58,msedgewebview2.exe,0.0,40.56,f4:6a:dd:7b:03:0d
1,2025-11-08 13:12:58,fsnotifier.exe,0.0,40.56,f4:6a:dd:7b:03:0d
1,2025-11-08 13:12:58,ctfmon.exe,0.0,40.56,f4:6a:dd:7b:03:0d
1,2025-11-08 13:12:58,Notion.exe,0.7,40.56,f4:6a:dd:7b:03:0d
1,2025-11-08 13:12:58,taskhostw.exe,0.0,40.56,f4:6a:dd:7b:03:0d
1,2025-11-08 13:12:58,svchost.exe,0.0,40.56,f4:6a:dd:7b:03:0d
1,2025-11-08 13:12:58,dllhost.exe,0.0,40.56,f4:6a:dd:7b:03:0d
1,2025-11-08 13:12:58,FnHotkeyUtility.exe,0.0,40.56,f4:6a:dd:7b:03:0d
1,2025-11-08 13:12:58,msedgewebview2.exe,0.0,40.56,f4:6a:dd:7b:03:0d
1,2025-11-08 13:12:58,chrome.exe,0.0,40.56,f4:6a:dd:7b:03:0d
1,2025-11-08 13:12:58,msedgewebview2.exe,0.0,40.56,f4:6a:dd:7b:03:0d
1,2025-11-08 13:12:58,ms-teams.exe,0.0,40.56,f4:6a:dd:7b:03:0d
1,2025-11-08 13:12:58,msedgewebview2.exe,0.0,40.56,f4:6a:dd:7b:03:0d
1,2025-11-08 13:12:58,UserOOBEBroker.exe,0.0,40.56,f4:6a:dd:7b:03:0d
1,2025-11-08 13:12:58,msedge.exe,0.0,40.56,f4:6a:dd:7b:03:0d
1,2025-11-08 13:12:58,Copilot.exe,0.0,40.56,f4:6a:dd:7b:03:0d
1,2025-11-08 13:12:58,Code.exe,0.0,40.56,f4:6a:dd:7b:03:0d
1,2025-11-08 13:12:58,conhost.exe,0.0,40.56,f4:6a:dd:7b:03:0d
1,2025-11-08 13:12:58,Discord.exe,0.0,40.56,f4:6a:dd:7b:03:0d
1,2025-11-08 13:12:58,msedgewebview2.exe,0.7,40.56,f4:6a:dd:7b:03:0d
1,2025-11-08 13:12:58,SearchHost.exe,0.0,40.56,f4:6a:dd:7b:03:0d
1,2025-11-08 13:12:58,msedgewebview2.exe,0.0,40.56,f4:6a:dd:7b:03:0d
1,2025-11-08 13:12:58,Code.exe,0.0,40.56,f4:6a:dd:7b:03:0d
1,2025-11-08 13:12:58,atieclxx.exe,0.0,40.56,f4:6a:dd:7b:03:0d
1,2025-11-08 13:12:58,msedgewebview2.exe,0.0,40.56,f4:6a:dd:7b:03:0d
1,2025-11-08 13:12:58,msedgewebview2.exe,0.0,40.56,f4:6a:dd:7b:03:0d
1,2025-11-08 13:12:58,chrome.exe,0.0,40.56,f4:6a:dd:7b:03:0d
1,2025-11-08 13:12:58,svchost.exe,0.0,40.56,f4:6a:dd:7b:03:0d
1,2025-11-08 13:12:58,FileCoAuth.exe,0.0,40.56,f4:6a:dd:7b:03:0d
1,2025-11-08 13:12:58,TextInputHost.exe,0.0,40.56,f4:6a:dd:7b:03:0d
1,2025-11-08 13:12:58,explorer.exe,0.0,40.56,f4:6a:dd:7b:03:0d
1,2025-11-08 13:12:58,Notion.exe,0.0,40.56,f4:6a:dd:7b:03:0d
1,2025-11-08 13:12:58,AppActions.exe,0.0,40.56,f4:6a:dd:7b:03:0d
1,2025-11-08 13:12:58,SecurityHealthSystray.exe,0.0,40.56,f4:6a:dd:7b:03:0d
1,2025-11-08 13:12:58,msedge.exe,0.0,40.56,f4:6a:dd:7b:03:0d
1,2025-11-08 13:12:58,Code.exe,0.0,40.56,f4:6a:dd:7b:03:0d
1,2025-11-08 13:12:58,StartMenuExperienceHost.exe,0.0,40.56,f4:6a:dd:7b:03:0d
1,2025-11-08 13:12:58,conhost.exe,0.0,40.56,f4:6a:dd:7b:03:0d
1,2025-11-08 13:12:58,dwm.exe,2.1,40.56,f4:6a:dd:7b:03:0d
1,2025-11-08 13:12:58,msedge.exe,0.0,40.56,f4:6a:dd:7b:03:0d
1,2025-11-08 13:12:58,msedgewebview2.exe,0.0,40.56,f4:6a:dd:7b:03:0d
1,2025-11-08 13:12:58,svchost.exe,0.0,40.56,f4:6a:dd:7b:03:0d
1,2025-11-08 13:12:58,ApplicationFrameHost.exe,0.0,40.56,f4:6a:dd:7b:03:0d
1,2025-11-08 13:12:58,RuntimeBroker.exe,0.0,40.56,f4:6a:dd:7b:03:0d
1,2025-11-08 13:12:58,Notion.exe,0.0,40.56,f4:6a:dd:7b:03:0d
1,2025-11-08 13:12:58,fontdrvhost.exe,0.0,40.56,f4:6a:dd:7b:03:0d
1,2025-11-08 13:12:58,RuntimeBroker.exe,0.0,40.56,f4:6a:dd:7b:03:0d
1,2025-11-08 13:12:58,svchost.exe,0.0,40.56,f4:6a:dd:7b:03:0d
1,2025-11-08 13:12:58,svchost.exe,0.0,40.56,f4:6a:dd:7b:03:0d
1,2025-11-08 13:12:58,Discord.exe,0.0,40.56,f4:6a:dd:7b:03:0d
1,2025-11-08 13:12:58,svchost.exe,0.0,40.56,f4:6a:dd:7b:03:0d
1,2025-11-08 13:12:58,idea64.exe,54.9,40.56,f4:6a:dd:7b:03:0d
1,2025-11-08 13:12:58,conhost.exe,0.7,40.56,f4:6a:dd:7b:03:0d
1,2025-11-08 13:12:58,msedgewebview2.exe,0.0,40.56,f4:6a:dd:7b:03:0d
1,2025-11-08 13:12:58,RuntimeBroker.exe,0.0,40.56,f4:6a:dd:7b:03:0d
1,2025-11-08 13:12:58,Discord.exe,0.7,40.56,f4:6a:dd:7b:03:0d
1,2025-11-08 13:12:58,CrossDeviceResume.exe,0.0,40.56,f4:6a:dd:7b:03:0d
1,2025-11-08 13:12:58,Code.exe,0.0,40.56,f4:6a:dd:7b:03:0d
1,2025-11-08 13:12:58,conhost.exe,0.0,40.56,f4:6a:dd:7b:03:0d
1,2025-11-08 13:12:58,bash.exe,1.4,40.56,f4:6a:dd:7b:03:0d
1,2025-11-08 13:12:58,chrome.exe,0.0,40.56,f4:6a:dd:7b:03:0d
1,2025-11-08 13:12:58,svchost.exe,0.0,40.56,f4:6a:dd:7b:03:0d
1,2025-11-08 13:12:58,pet.exe,0.0,40.56,f4:6a:dd:7b:03:0d
1,2025-11-08 13:12:58,bash.exe,0.0,40.56,f4:6a:dd:7b:03:0d
1,2025-11-08 13:12:58,conhost.exe,0.0,40.56,f4:6a:dd:7b:03:0d
1,2025-11-08 13:12:58,Code.exe,0.0,40.56,f4:6a:dd:7b:03:0d
1,2025-11-08 13:12:58,chrome.exe,1.4,40.56,f4:6a:dd:7b:03:0d
1,2025-11-08 13:12:58,svchost.exe,0.0,40.56,f4:6a:dd:7b:03:0d
1,2025-11-08 13:12:58,smartscreen.exe,0.0,40.56,f4:6a:dd:7b:03:0d
1,2025-11-08 13:12:58,unsecapp.exe,0.0,40.56,f4:6a:dd:7b:03:0d
1,2025-11-08 13:12:58,bash.exe,0.0,40.56,f4:6a:dd:7b:03:0d
1,2025-11-08 13:12:58,chrome.exe,0.0,40.56,f4:6a:dd:7b:03:0d
1,2025-11-08 13:12:58,python.exe,0.0,40.56,f4:6a:dd:7b:03:0d
1,2025-11-08 13:12:58,backgroundTaskHost.exe,0.0,40.56,f4:6a:dd:7b:03:0d
1,2025-11-08 13:12:58,chrome.exe,0.0,40.56,f4:6a:dd:7b:03:0d
id_empresa,datetime,processo,uso de cpu,uso de gpu,mac_address
1,2025-11-08 13:13:08,System Idle Process,49.3,55.03,f4:6a:dd:7b:03:0d
1,2025-11-08 13:13:08,System,97.9,55.03,f4:6a:dd:7b:03:0d
1,2025-11-08 13:13:08,,0.0,55.03,f4:6a:dd:7b:03:0d
1,2025-11-08 13:13:08,Registry,0.0,55.03,f4:6a:dd:7b:03:0d
1,2025-11-08 13:13:08,smss.exe,0.0,55.03,f4:6a:dd:7b:03:0d
1,2025-11-08 13:13:08,msedge.exe,0.0,55.03,f4:6a:dd:7b:03:0d
1,2025-11-08 13:13:08,svchost.exe,0.0,55.03,f4:6a:dd:7b:03:0d
1,2025-11-08 13:13:08,csrss.exe,0.0,55.03,f4:6a:dd:7b:03:0d
1,2025-11-08 13:13:08,svchost.exe,0.0,55.03,f4:6a:dd:7b:03:0d
1,2025-11-08 13:13:08,wininit.exe,0.0,55.03,f4:6a:dd:7b:03:0d
1,2025-11-08 13:13:08,svchost.exe,0.0,55.03,f4:6a:dd:7b:03:0d
1,2025-11-08 13:13:08,svchost.exe,0.0,55.03,f4:6a:dd:7b:03:0d
1,2025-11-08 13:13:08,services.exe,0.0,55.03,f4:6a:dd:7b:03:0d
1,2025-11-08 13:13:08,LsaIso.exe,0.0,55.03,f4:6a:dd:7b:03:0d
1,2025-11-08 13:13:08,lsass.exe,0.4,55.03,f4:6a:dd:7b:03:0d
1,2025-11-08 13:13:08,Code.exe,0.0,55.03,f4:6a:dd:7b:03:0d
1,2025-11-08 13:13:08,svchost.exe,3.1,55.03,f4:6a:dd:7b:03:0d
1,2025-11-08 13:13:08,fontdrvhost.exe,0.0,55.03,f4:6a:dd:7b:03:0d
1,2025-11-08 13:13:08,msedgewebview2.exe,0.0,55.03,f4:6a:dd:7b:03:0d
1,2025-11-08 13:13:08,svchost.exe,0.0,55.03,f4:6a:dd:7b:03:0d
1,2025-11-08 13:13:08,svchost.exe,0.0,55.03,f4:6a:dd:7b:03:0d
1,2025-11-08 13:13:08,WUDFHost.exe,0.0,55.03,f4:6a:dd:7b:03:0d
1,2025-11-08 13:13:08,svchost.exe,0.0,55.03,f4:6a:dd:7b:03:0d
1,2025-11-08 13:13:08,msedgewebview2.exe,0.0,55.03,f4:6a:dd:7b:03:0d
1,2025-11-08 13:13:08,AppProvisioningPlugin.exe,0.0,55.03,f4:6a:dd:7b:03:0d
1,2025-11-08 13:13:08,WUDFHost.exe,0.0,55.03,f4:6a:dd:7b:03:0d
1,2025-11-08 13:13:08,conhost.exe,0.0,55.03,f4:6a:dd:7b:03:0d
1,2025-11-08 13:13:08,OneDrive.exe,0.0,55.03,f4:6a:dd:7b:03:0d
1,2025-11-08 13:13:08,svchost.exe,0.0,55.03,f4:6a:dd:7b:03:0d
1,2025-11-08 13:13:08,svchost.exe,0.0,55.03,f4:6a:dd:7b:03:0d
1,2025-11-08 13:13:08,svchost.exe,0.0,55.03,f4:6a:dd:7b:03:0d
1,2025-11-08 13:13:08,svchost.exe,0.0,55.03,f4:6a:dd:7b:03:0d
1,2025-11-08 13:13:08,svchost.exe,0.0,55.03,f4:6a:dd:7b:03:0d
1,2025-11-08 13:13:08,svchost.exe,0.0,55.03,f4:6a:dd:7b:03:0d
1,2025-11-08 13:13:08,msedge.exe,0.0,55.03,f4:6a:dd:7b:03:0d
1,2025-11-08 13:13:08,svchost.exe,0.0,55.03,f4:6a:dd:7b:03:0d
1,2025-11-08 13:13:08,svchost.exe,0.0,55.03,f4:6a:dd:7b:03:0d
1,2025-11-08 13:13:08,svchost.exe,0.0,55.03,f4:6a:dd:7b:03:0d
1,2025-11-08 13:13:08,chrome.exe,0.0,55.03,f4:6a:dd:7b:03:0d
1,2025-11-08 13:13:08,svchost.exe,0.0,55.03,f4:6a:dd:7b:03:0d
1,2025-11-08 13:13:08,Discord.exe,0.0,55.03,f4:6a:dd:7b:03:0d
1,2025-11-08 13:13:08,svchost.exe,0.0,55.03,f4:6a:dd:7b:03:0d
1,2025-11-08 13:13:08,svchost.exe,0.0,55.03,f4:6a:dd:7b:03:0d
1,2025-11-08 13:13:08,svchost.exe,0.0,55.03,f4:6a:dd:7b:03:0d
1,2025-11-08 13:13:08,msedgewebview2.exe,0.0,55.03,f4:6a:dd:7b:03:0d
1,2025-11-08 13:13:08,msedgewebview2.exe,0.0,55.03,f4:6a:dd:7b:03:0d
1,2025-11-08 13:13:08,RuntimeBroker.exe,0.0,55.03,f4:6a:dd:7b:03:0d
1,2025-11-08 13:13:08,svchost.exe,0.0,55.03,f4:6a:dd:7b:03:0d
1,2025-11-08 13:13:08,svchost.exe,0.0,55.03,f4:6a:dd:7b:03:0d
1,2025-11-08 13:13:08,svchost.exe,0.0,55.03,f4:6a:dd:7b:03:0d
1,2025-11-08 13:13:08,svchost.exe,0.0,55.03,f4:6a:dd:7b:03:0d
1,2025-11-08 13:13:08,amdfendrsr.exe,0.0,55.03,f4:6a:dd:7b:03:0d
1,2025-11-08 13:13:08,svchost.exe,0.0,55.03,f4:6a:dd:7b:03:0d
1,2025-11-08 13:13:08,atiesrxx.exe,0.0,55.03,f4:6a:dd:7b:03:0d
1,2025-11-08 13:13:08,svchost.exe,0.0,55.03,f4:6a:dd:7b:03:0d
1,2025-11-08 13:13:08,svchost.exe,0.0,55.03,f4:6a:dd:7b:03:0d
1,2025-11-08 13:13:08,sihost.exe,0.0,55.03,f4:6a:dd:7b:03:0d
1,2025-11-08 13:13:08,svchost.exe,0.0,55.03,f4:6a:dd:7b:03:0d
1,2025-11-08 13:13:08,msedge.exe,0.0,55.03,f4:6a:dd:7b:03:0d
1,2025-11-08 13:13:08,svchost.exe,0.0,55.03,f4:6a:dd:7b:03:0d
1,2025-11-08 13:13:08,msedgewebview2.exe,0.0,55.03,f4:6a:dd:7b:03:0d
1,2025-11-08 13:13:08,msedge.exe,0.0,55.03,f4:6a:dd:7b:03:0d
1,2025-11-08 13:13:08,LockApp.exe,0.0,55.03,f4:6a:dd:7b:03:0d
1,2025-11-08 13:13:08,NisSrv.exe,0.0,55.03,f4:6a:dd:7b:03:0d
1,2025-11-08 13:13:08,svchost.exe,0.0,55.03,f4:6a:dd:7b:03:0d
1,2025-11-08 13:13:08,svchost.exe,0.0,55.03,f4:6a:dd:7b:03:0d
1,2025-11-08 13:13:08,svchost.exe,0.0,55.03,f4:6a:dd:7b:03:0d
1,2025-11-08 13:13:08,svchost.exe,0.0,55.03,f4:6a:dd:7b:03:0d
1,2025-11-08 13:13:08,svchost.exe,0.0,55.03,f4:6a:dd:7b:03:0d
1,2025-11-08 13:13:08,svchost.exe,0.0,55.03,f4:6a:dd:7b:03:0d
1,2025-11-08 13:13:08,MemCompression,21.2,55.03,f4:6a:dd:7b:03:0d
1,2025-11-08 13:13:08,svchost.exe,0.0,55.03,f4:6a:dd:7b:03:0d
1,2025-11-08 13:13:08,svchost.exe,0.0,55.03,f4:6a:dd:7b:03:0d
1,2025-11-08 13:13:08,svchost.exe,0.0,55.03,f4:6a:dd:7b:03:0d
1,2025-11-08 13:13:08,svchost.exe,0.0,55.03,f4:6a:dd:7b:03:0d
1,2025-11-08 13:13:08,svchost.exe,0.0,55.03,f4:6a:dd:7b:03:0d
1,2025-11-08 13:13:08,RuntimeBroker.exe,0.0,55.03,f4:6a:dd:7b:03:0d
1,2025-11-08 13:13:08,PhoneExperienceHost.exe,0.0,55.03,f4:6a:dd:7b:03:0d
1,2025-11-08 13:13:08,svchost.exe,0.0,55.03,f4:6a:dd:7b:03:0d
1,2025-11-08 13:13:08,svchost.exe,0.0,55.03,f4:6a:dd:7b:03:0d
1,2025-11-08 13:13:08,svchost.exe,0.0,55.03,f4:6a:dd:7b:03:0d
1,2025-11-08 13:13:08,svchost.exe,0.0,55.03,f4:6a:dd:7b:03:0d
1,2025-11-08 13:13:08,svchost.exe,0.0,55.03,f4:6a:dd:7b:03:0d
1,2025-11-08 13:13:08,svchost.exe,0.0,55.03,f4:6a:dd:7b:03:0d
1,2025-11-08 13:13:08,svchost.exe,0.0,55.03,f4:6a:dd:7b:03:0d
1,2025-11-08 13:13:08,OpenConsole.exe,0.0,55.03,f4:6a:dd:7b:03:0d
1,2025-11-08 13:13:08,audiodg.exe,3.9,55.03,f4:6a:dd:7b:03:0d
1,2025-11-08 13:13:08,svchost.exe,0.0,55.03,f4:6a:dd:7b:03:0d
1,2025-11-08 13:13:08,spoolsv.exe,0.0,55.03,f4:6a:dd:7b:03:0d
1,2025-11-08 13:13:08,svchost.exe,0.0,55.03,f4:6a:dd:7b:03:0d
1,2025-11-08 13:13:08,SearchIndexer.exe,0.0,55.03,f4:6a:dd:7b:03:0d
1,2025-11-08 13:13:08,NgcIso.exe,0.0,55.03,f4:6a:dd:7b:03:0d
1,2025-11-08 13:13:08,svchost.exe,0.0,55.03,f4:6a:dd:7b:03:0d
1,2025-11-08 13:13:08,svchost.exe,0.0,55.03,f4:6a:dd:7b:03:0d
1,2025-11-08 13:13:08,svchost.exe,0.0,55.03,f4:6a:dd:7b:03:0d
1,2025-11-08 13:13:08,LenovoUtilityService.exe,0.0,55.03,f4:6a:dd:7b:03:0d
1,2025-11-08 13:13:08,svchost.exe,0.0,55.03,f4:6a:dd:7b:03:0d
1,2025-11-08 13:13:08,svchost.exe,0.0,55.03,f4:6a:dd:7b:03:0d
1,2025-11-08 13:13:08,FMService64.exe,0.0,55.03,f4:6a:dd:7b:03:0d
1,2025-11-08 13:13:08,DAX3API.exe,0.0,55.03,f4:6a:dd:7b:03:0d
1,2025-11-08 13:13:08,svchost.exe,0.0,55.03,f4:6a:dd:7b:03:0d
1,2025-11-08 13:13:08,svchost.exe,0.0,55.03,f4:6a:dd:7b:03:0d
1,2025-11-08 13:13:08,svchost.exe,0.0,55.03,f4:6a:dd:7b:03:0d
1,2025-11-08 13:13:08,svchost.exe,0.0,55.03,f4:6a:dd:7b:03:0d
1,2025-11-08 13:13:08,LNBITSSvc.exe,0.0,55.03,f4:6a:dd:7b:03:0d
1,2025-11-08 13:13:08,Lenovo.Modern.ImController.exe,0.0,55.03,f4:6a:dd:7b:03:0d
1,2025-11-08 13:13:08,svchost.exe,0.0,55.03,f4:6a:dd:7b:03:0d
1,2025-11-08 13:13:08,MpDefenderCoreService.exe,0.0,55.03,f4:6a:dd:7b:03:0d
1,2025-11-08 13:13:08,RtkBtManServ.exe,0.0,55.03,f4:6a:dd:7b:03:0d
1,2025-11-08 13:13:08,svchost.exe,0.0,55.03,f4:6a:dd:7b:03:0d
1,2025-11-08 13:13:08,RtkAudUService64.exe,0.0,55.03,f4:6a:dd:7b:03:0d
1,2025-11-08 13:13:08,OfficeClickToRun.exe,0.0,55.03,f4:6a:dd:7b:03:0d
1,2025-11-08 13:13:08,svchost.exe,0.0,55.03,f4:6a:dd:7b:03:0d
1,2025-11-08 13:13:08,svchost.exe,0.0,55.03,f4:6a:dd:7b:03:0d
1,2025-11-08 13:13:08,UDClientService.exe,1.6,55.03,f4:6a:dd:7b:03:0d
1,2025-11-08 13:13:08,svchost.exe,0.0,55.03,f4:6a:dd:7b:03:0d
1,2025-11-08 13:13:08,mysqld.exe,0.0,55.03,f4:6a:dd:7b:03:0d
1,2025-11-08 13:13:08,MsMpEng.exe,3.1,55.03,f4:6a:dd:7b:03:0d
1,2025-11-08 13:13:08,svchost.exe,0.0,55.03,f4:6a:dd:7b:03:0d
1,2025-11-08 13:13:08,svchost.exe,5.8,55.03,f4:6a:dd:7b:03:0d
1,2025-11-08 13:13:08,wslservice.exe,0.0,55.03,f4:6a:dd:7b:03:0d
1,2025-11-08 13:13:08,msedgewebview2.exe,0.8,55.03,f4:6a:dd:7b:03:0d
1,2025-11-08 13:13:08,mysqld.exe,0.4,55.03,f4:6a:dd:7b:03:0d
1,2025-11-08 13:13:08,ShellExperienceHost.exe,0.0,55.03,f4:6a:dd:7b:03:0d
1,2025-11-08 13:13:08,WmiPrvSE.exe,0.0,55.03,f4:6a:dd:7b:03:0d
1,2025-11-08 13:13:08,conhost.exe,0.0,55.03,f4:6a:dd:7b:03:0d
1,2025-11-08 13:13:08,svchost.exe,0.0,55.03,f4:6a:dd:7b:03:0d
1,2025-11-08 13:13:08,msedge.exe,0.0,55.03,f4:6a:dd:7b:03:0d
1,2025-11-08 13:13:08,msedge.exe,0.0,55.03,f4:6a:dd:7b:03:0d
1,2025-11-08 13:13:08,msedge.exe,0.0,55.03,f4:6a:dd:7b:03:0d
1,2025-11-08 13:13:08,svchost.exe,0.0,55.03,f4:6a:dd:7b:03:0d
1,2025-11-08 13:13:08,unsecapp.exe,0.0,55.03,f4:6a:dd:7b:03:0d
1,2025-11-08 13:13:08,msedgewebview2.exe,0.0,55.03,f4:6a:dd:7b:03:0d
1,2025-11-08 13:13:08,DAX3API.exe,0.0,55.03,f4:6a:dd:7b:03:0d
1,2025-11-08 13:13:08,MSPCManagerService.exe,0.4,55.03,f4:6a:dd:7b:03:0d
1,2025-11-08 13:13:08,chrome.exe,0.0,55.03,f4:6a:dd:7b:03:0d
1,2025-11-08 13:13:08,svchost.exe,0.7,55.03,f4:6a:dd:7b:03:0d
1,2025-11-08 13:13:08,svchost.exe,0.0,55.03,f4:6a:dd:7b:03:0d
1,2025-11-08 13:13:08,svchost.exe,0.0,55.03,f4:6a:dd:7b:03:0d
1,2025-11-08 13:13:08,svchost.exe,0.0,55.03,f4:6a:dd:7b:03:0d
1,2025-11-08 13:13:08,svchost.exe,0.0,55.03,f4:6a:dd:7b:03:0d
1,2025-11-08 13:13:08,AggregatorHost.exe,0.0,55.03,f4:6a:dd:7b:03:0d
1,2025-11-08 13:13:08,svchost.exe,0.0,55.03,f4:6a:dd:7b:03:0d
1,2025-11-08 13:13:08,svchost.exe,0.0,55.03,f4:6a:dd:7b:03:0d
1,2025-11-08 13:13:08,msedgewebview2.exe,0.0,55.03,f4:6a:dd:7b:03:0d
1,2025-11-08 13:13:08,svchost.exe,0.0,55.03,f4:6a:dd:7b:03:0d
1,2025-11-08 13:13:08,svchost.exe,0.0,55.03,f4:6a:dd:7b:03:0d
1,2025-11-08 13:13:08,svchost.exe,0.0,55.03,f4:6a:dd:7b:03:0d
1,2025-11-08 13:13:08,chrome.exe,0.0,55.03,f4:6a:dd:7b:03:0d
1,2025-11-08 13:13:08,RtkAudUService64.exe,0.4,55.03,f4:6a:dd:7b:03:0d
1,2025-11-08 13:13:08,Code.exe,0.0,55.03,f4:6a:dd:7b:03:0d
1,2025-11-08 13:13:08,env.exe,0.0,55.03,f4:6a:dd:7b:03:0d
1,2025-11-08 13:13:08,svchost.exe,0.0,55.03,f4:6a:dd:7b:03:0d
1,2025-11-08 13:13:08,bash.exe,0.0,55.03,f4:6a:dd:7b:03:0d
1,2025-11-08 13:13:08,Code.exe,0.0,55.03,f4:6a:dd:7b:03:0d
1,2025-11-08 13:13:08,OneDrive.Sync.Service.exe,0.0,55.03,f4:6a:dd:7b:03:0d
1,2025-11-08 13:13:08,Notion.exe,0.4,55.03,f4:6a:dd:7b:03:0d
1,2025-11-08 13:13:08,Code.exe,0.0,55.03,f4:6a:dd:7b:03:0d
1,2025-11-08 13:13:08,svchost.exe,0.0,55.03,f4:6a:dd:7b:03:0d
1,2025-11-08 13:13:08,Notion.exe,0.0,55.03,f4:6a:dd:7b:03:0d
1,2025-11-08 13:13:08,OneDrive.exe,1.1,55.03,f4:6a:dd:7b:03:0d
1,2025-11-08 13:13:08,Code.exe,0.0,55.03,f4:6a:dd:7b:03:0d
1,2025-11-08 13:13:08,unsecapp.exe,0.0,55.03,f4:6a:dd:7b:03:0d
1,2025-11-08 13:13:08,Notion.exe,0.7,55.03,f4:6a:dd:7b:03:0d
1,2025-11-08 13:13:08,msedge.exe,3.3,55.03,f4:6a:dd:7b:03:0d
1,2025-11-08 13:13:08,MSPCManagerCore.exe,0.7,55.03,f4:6a:dd:7b:03:0d
1,2025-11-08 13:13:08,WidgetService.exe,0.0,55.03,f4:6a:dd:7b:03:0d
1,2025-11-08 13:13:08,WhatsApp.Root.exe,0.0,55.03,f4:6a:dd:7b:03:0d
1,2025-11-08 13:13:08,svchost.exe,0.0,55.03,f4:6a:dd:7b:03:0d
1,2025-11-08 13:13:08,svchost.exe,0.0,55.03,f4:6a:dd:7b:03:0d
1,2025-11-08 13:13:08,taskhostw.exe,0.0,55.03,f4:6a:dd:7b:03:0d
1,2025-11-08 13:13:08,FnHotkeyCapsLKNumLK.exe,0.0,55.03,f4:6a:dd:7b:03:0d
1,2025-11-08 13:13:08,MSPCManager.exe,0.0,55.03,f4:6a:dd:7b:03:0d
1,2025-11-08 13:13:08,Notion.exe,0.4,55.03,f4:6a:dd:7b:03:0d
1,2025-11-08 13:13:08,RuntimeBroker.exe,0.0,55.03,f4:6a:dd:7b:03:0d
1,2025-11-08 13:13:08,msedgewebview2.exe,0.0,55.03,f4:6a:dd:7b:03:0d
1,2025-11-08 13:13:08,msedgewebview2.exe,0.0,55.03,f4:6a:dd:7b:03:0d
1,2025-11-08 13:13:08,Code.exe,1.1,55.03,f4:6a:dd:7b:03:0d
1,2025-11-08 13:13:08,msedgewebview2.exe,0.0,55.03,f4:6a:dd:7b:03:0d
1,2025-11-08 13:13:08,msedgewebview2.exe,0.0,55.03,f4:6a:dd:7b:03:0d
1,2025-11-08 13:13:08,svchost.exe,0.0,55.03,f4:6a:dd:7b:03:0d
1,2025-11-08 13:13:08,svchost.exe,0.0,55.03,f4:6a:dd:7b:03:0d
1,2025-11-08 13:13:08,msedge.exe,0.0,55.03,f4:6a:dd:7b:03:0d
1,2025-11-08 13:13:08,msedgewebview2.exe,0.0,55.03,f4:6a:dd:7b:03:0d
1,2025-11-08 13:13:08,msedge.exe,0.0,55.03,f4:6a:dd:7b:03:0d
1,2025-11-08 13:13:08,python.exe,33.6,55.03,f4:6a:dd:7b:03:0d
1,2025-11-08 13:13:08,AutoModeDetect.exe,0.0,55.03,f4:6a:dd:7b:03:0d
1,2025-11-08 13:13:08,Discord.exe,49.7,55.03,f4:6a:dd:7b:03:0d
1,2025-11-08 13:13:08,ms-teams.exe,0.0,55.03,f4:6a:dd:7b:03:0d
1,2025-11-08 13:13:08,WmiPrvSE.exe,23.6,55.03,f4:6a:dd:7b:03:0d
1,2025-11-08 13:13:08,Widgets.exe,0.0,55.03,f4:6a:dd:7b:03:0d
1,2025-11-08 13:13:08,jetbrains-toolbox.exe,1.1,55.03,f4:6a:dd:7b:03:0d
1,2025-11-08 13:13:08,conhost.exe,0.0,55.03,f4:6a:dd:7b:03:0d
1,2025-11-08 13:13:08,Code.exe,0.0,55.03,f4:6a:dd:7b:03:0d
1,2025-11-08 13:13:08,svchost.exe,0.4,55.03,f4:6a:dd:7b:03:0d
1,2025-11-08 13:13:08,msedgewebview2.exe,0.0,55.03,f4:6a:dd:7b:03:0d
1,2025-11-08 13:13:08,RuntimeBroker.exe,0.0,55.03,f4:6a:dd:7b:03:0d
1,2025-11-08 13:13:08,Discord.exe,0.0,55.03,f4:6a:dd:7b:03:0d
1,2025-11-08 13:13:08,Taskmgr.exe,11.0,55.03,f4:6a:dd:7b:03:0d
1,2025-11-08 13:13:08,svchost.exe,0.0,55.03,f4:6a:dd:7b:03:0d
1,2025-11-08 13:13:08,msedgewebview2.exe,0.0,55.03,f4:6a:dd:7b:03:0d
1,2025-11-08 13:13:08,winlogon.exe,0.0,55.03,f4:6a:dd:7b:03:0d
1,2025-11-08 13:13:08,csrss.exe,1.4,55.03,f4:6a:dd:7b:03:0d
1,2025-11-08 13:13:08,Code.exe,0.0,55.03,f4:6a:dd:7b:03:0d
1,2025-11-08 13:13:08,Notion.exe,0.4,55.03,f4:6a:dd:7b:03:0d
1,2025-11-08 13:13:08,ShellHost.exe,0.0,55.03,f4:6a:dd:7b:03:0d
1,2025-11-08 13:13:08,RuntimeBroker.exe,0.0,55.03,f4:6a:dd:7b:03:0d
1,2025-11-08 13:13:08,svchost.exe,0.0,55.03,f4:6a:dd:7b:03:0d
1,2025-11-08 13:13:08,msedgewebview2.exe,0.0,55.03,f4:6a:dd:7b:03:0d
1,2025-11-08 13:13:08,SecurityHealthService.exe,0.0,55.03,f4:6a:dd:7b:03:0d
1,2025-11-08 13:13:08,chrome.exe,0.0,55.03,f4:6a:dd:7b:03:0d
1,2025-11-08 13:13:08,msedge.exe,0.0,55.03,f4:6a:dd:7b:03:0d
1,2025-11-08 13:13:08,powershell.exe,0.0,55.03,f4:6a:dd:7b:03:0d
1,2025-11-08 13:13:08,python.exe,0.0,55.03,f4:6a:dd:7b:03:0d
1,2025-11-08 13:13:08,FileSyncHelper.exe,0.0,55.03,f4:6a:dd:7b:03:0d
1,2025-11-08 13:13:08,msedgewebview2.exe,0.0,55.03,f4:6a:dd:7b:03:0d
1,2025-11-08 13:13:08,fsnotifier.exe,0.0,55.03,f4:6a:dd:7b:03:0d
1,2025-11-08 13:13:08,ctfmon.exe,0.0,55.03,f4:6a:dd:7b:03:0d
1,2025-11-08 13:13:08,Notion.exe,0.0,55.03,f4:6a:dd:7b:03:0d
1,2025-11-08 13:13:08,taskhostw.exe,0.4,55.03,f4:6a:dd:7b:03:0d
1,2025-11-08 13:13:08,svchost.exe,0.0,55.03,f4:6a:dd:7b:03:0d
1,2025-11-08 13:13:08,dllhost.exe,0.0,55.03,f4:6a:dd:7b:03:0d
1,2025-11-08 13:13:08,FnHotkeyUtility.exe,0.0,55.03,f4:6a:dd:7b:03:0d
1,2025-11-08 13:13:08,msedgewebview2.exe,0.0,55.03,f4:6a:dd:7b:03:0d
1,2025-11-08 13:13:08,chrome.exe,0.0,55.03,f4:6a:dd:7b:03:0d
1,2025-11-08 13:13:08,msedgewebview2.exe,0.0,55.03,f4:6a:dd:7b:03:0d
1,2025-11-08 13:13:08,ms-teams.exe,0.0,55.03,f4:6a:dd:7b:03:0d
1,2025-11-08 13:13:08,msedgewebview2.exe,0.0,55.03,f4:6a:dd:7b:03:0d
1,2025-11-08 13:13:08,UserOOBEBroker.exe,0.0,55.03,f4:6a:dd:7b:03:0d
1,2025-11-08 13:13:08,msedge.exe,0.0,55.03,f4:6a:dd:7b:03:0d
1,2025-11-08 13:13:08,Copilot.exe,0.0,55.03,f4:6a:dd:7b:03:0d
1,2025-11-08 13:13:08,Code.exe,0.0,55.03,f4:6a:dd:7b:03:0d
1,2025-11-08 13:13:08,conhost.exe,0.0,55.03,f4:6a:dd:7b:03:0d
1,2025-11-08 13:13:08,Discord.exe,0.0,55.03,f4:6a:dd:7b:03:0d
1,2025-11-08 13:13:08,msedgewebview2.exe,0.0,55.03,f4:6a:dd:7b:03:0d
1,2025-11-08 13:13:08,SearchHost.exe,0.0,55.03,f4:6a:dd:7b:03:0d
1,2025-11-08 13:13:08,msedgewebview2.exe,0.0,55.03,f4:6a:dd:7b:03:0d
1,2025-11-08 13:13:08,Code.exe,0.0,55.03,f4:6a:dd:7b:03:0d
1,2025-11-08 13:13:08,atieclxx.exe,0.0,55.03,f4:6a:dd:7b:03:0d
1,2025-11-08 13:13:08,msedgewebview2.exe,0.0,55.03,f4:6a:dd:7b:03:0d
1,2025-11-08 13:13:08,msedgewebview2.exe,0.0,55.03,f4:6a:dd:7b:03:0d
1,2025-11-08 13:13:08,chrome.exe,0.7,55.03,f4:6a:dd:7b:03:0d
1,2025-11-08 13:13:08,svchost.exe,0.0,55.03,f4:6a:dd:7b:03:0d
1,2025-11-08 13:13:08,FileCoAuth.exe,0.0,55.03,f4:6a:dd:7b:03:0d
1,2025-11-08 13:13:08,TextInputHost.exe,0.0,55.03,f4:6a:dd:7b:03:0d
1,2025-11-08 13:13:08,explorer.exe,1.1,55.03,f4:6a:dd:7b:03:0d
1,2025-11-08 13:13:08,Notion.exe,0.4,55.03,f4:6a:dd:7b:03:0d
1,2025-11-08 13:13:08,AppActions.exe,2.1,55.03,f4:6a:dd:7b:03:0d
1,2025-11-08 13:13:08,SecurityHealthSystray.exe,0.0,55.03,f4:6a:dd:7b:03:0d
1,2025-11-08 13:13:08,msedge.exe,0.0,55.03,f4:6a:dd:7b:03:0d
1,2025-11-08 13:13:08,Code.exe,0.4,55.03,f4:6a:dd:7b:03:0d
1,2025-11-08 13:13:08,StartMenuExperienceHost.exe,0.0,55.03,f4:6a:dd:7b:03:0d
1,2025-11-08 13:13:08,conhost.exe,0.0,55.03,f4:6a:dd:7b:03:0d
1,2025-11-08 13:13:08,dwm.exe,6.4,55.03,f4:6a:dd:7b:03:0d
1,2025-11-08 13:13:08,msedge.exe,0.0,55.03,f4:6a:dd:7b:03:0d
1,2025-11-08 13:13:08,msedgewebview2.exe,0.0,55.03,f4:6a:dd:7b:03:0d
1,2025-11-08 13:13:08,svchost.exe,0.0,55.03,f4:6a:dd:7b:03:0d
1,2025-11-08 13:13:08,ApplicationFrameHost.exe,0.0,55.03,f4:6a:dd:7b:03:0d
1,2025-11-08 13:13:08,RuntimeBroker.exe,0.4,55.03,f4:6a:dd:7b:03:0d
1,2025-11-08 13:13:08,Notion.exe,0.4,55.03,f4:6a:dd:7b:03:0d
1,2025-11-08 13:13:08,fontdrvhost.exe,0.0,55.03,f4:6a:dd:7b:03:0d
1,2025-11-08 13:13:08,RuntimeBroker.exe,0.0,55.03,f4:6a:dd:7b:03:0d
1,2025-11-08 13:13:08,svchost.exe,0.0,55.03,f4:6a:dd:7b:03:0d
1,2025-11-08 13:13:08,svchost.exe,0.0,55.03,f4:6a:dd:7b:03:0d
1,2025-11-08 13:13:08,Discord.exe,0.0,55.03,f4:6a:dd:7b:03:0d
1,2025-11-08 13:13:08,svchost.exe,0.0,55.03,f4:6a:dd:7b:03:0d
1,2025-11-08 13:13:08,idea64.exe,98.9,55.03,f4:6a:dd:7b:03:0d
1,2025-11-08 13:13:08,conhost.exe,0.7,55.03,f4:6a:dd:7b:03:0d
1,2025-11-08 13:13:08,msedgewebview2.exe,0.0,55.03,f4:6a:dd:7b:03:0d
1,2025-11-08 13:13:08,RuntimeBroker.exe,0.0,55.03,f4:6a:dd:7b:03:0d
1,2025-11-08 13:13:08,Discord.exe,0.7,55.03,f4:6a:dd:7b:03:0d
1,2025-11-08 13:13:08,CrossDeviceResume.exe,0.0,55.03,f4:6a:dd:7b:03:0d
1,2025-11-08 13:13:08,Code.exe,0.0,55.03,f4:6a:dd:7b:03:0d
1,2025-11-08 13:13:08,conhost.exe,0.0,55.03,f4:6a:dd:7b:03:0d
1,2025-11-08 13:13:08,bash.exe,2.2,55.03,f4:6a:dd:7b:03:0d
1,2025-11-08 13:13:08,chrome.exe,0.0,55.03,f4:6a:dd:7b:03:0d
1,2025-11-08 13:13:08,svchost.exe,0.0,55.03,f4:6a:dd:7b:03:0d
1,2025-11-08 13:13:08,pet.exe,0.0,55.03,f4:6a:dd:7b:03:0d
1,2025-11-08 13:13:08,bash.exe,0.0,55.03,f4:6a:dd:7b:03:0d
1,2025-11-08 13:13:08,conhost.exe,0.0,55.03,f4:6a:dd:7b:03:0d
1,2025-11-08 13:13:08,Code.exe,17.6,55.03,f4:6a:dd:7b:03:0d
1,2025-11-08 13:13:08,chrome.exe,1.1,55.03,f4:6a:dd:7b:03:0d
1,2025-11-08 13:13:08,svchost.exe,0.0,55.03,f4:6a:dd:7b:03:0d
1,2025-11-08 13:13:08,smartscreen.exe,0.0,55.03,f4:6a:dd:7b:03:0d
1,2025-11-08 13:13:08,unsecapp.exe,0.0,55.03,f4:6a:dd:7b:03:0d
1,2025-11-08 13:13:08,bash.exe,0.0,55.03,f4:6a:dd:7b:03:0d
1,2025-11-08 13:13:08,chrome.exe,0.0,55.03,f4:6a:dd:7b:03:0d
1,2025-11-08 13:13:08,python.exe,0.7,55.03,f4:6a:dd:7b:03:0d
1,2025-11-08 13:13:08,backgroundTaskHost.exe,0.0,55.03,f4:6a:dd:7b:03:0d
1,2025-11-08 13:13:08,chrome.exe,0.0,55.03,f4:6a:dd:7b:03:0d
id_empresa,datetime,processo,uso de cpu,uso de gpu,mac_address
1,2025-11-08 13:13:21,System Idle Process,61.7,83.11,f4:6a:dd:7b:03:0d
1,2025-11-08 13:13:21,System,55.1,83.11,f4:6a:dd:7b:03:0d
1,2025-11-08 13:13:21,,0.0,83.11,f4:6a:dd:7b:03:0d
1,2025-11-08 13:13:21,Registry,0.0,83.11,f4:6a:dd:7b:03:0d
1,2025-11-08 13:13:21,smss.exe,0.0,83.11,f4:6a:dd:7b:03:0d
1,2025-11-08 13:13:21,msedge.exe,0.0,83.11,f4:6a:dd:7b:03:0d
1,2025-11-08 13:13:21,svchost.exe,0.0,83.11,f4:6a:dd:7b:03:0d
1,2025-11-08 13:13:21,csrss.exe,0.0,83.11,f4:6a:dd:7b:03:0d
1,2025-11-08 13:13:21,svchost.exe,0.0,83.11,f4:6a:dd:7b:03:0d
1,2025-11-08 13:13:21,wininit.exe,0.0,83.11,f4:6a:dd:7b:03:0d
1,2025-11-08 13:13:21,svchost.exe,0.0,83.11,f4:6a:dd:7b:03:0d
1,2025-11-08 13:13:21,svchost.exe,0.0,83.11,f4:6a:dd:7b:03:0d
1,2025-11-08 13:13:21,services.exe,0.0,83.11,f4:6a:dd:7b:03:0d
1,2025-11-08 13:13:21,LsaIso.exe,0.0,83.11,f4:6a:dd:7b:03:0d
1,2025-11-08 13:13:21,lsass.exe,0.4,83.11,f4:6a:dd:7b:03:0d
1,2025-11-08 13:13:21,Code.exe,0.4,83.11,f4:6a:dd:7b:03:0d
1,2025-11-08 13:13:21,svchost.exe,0.9,83.11,f4:6a:dd:7b:03:0d
1,2025-11-08 13:13:21,fontdrvhost.exe,0.0,83.11,f4:6a:dd:7b:03:0d
1,2025-11-08 13:13:21,msedgewebview2.exe,0.0,83.11,f4:6a:dd:7b:03:0d
1,2025-11-08 13:13:21,svchost.exe,0.0,83.11,f4:6a:dd:7b:03:0d
1,2025-11-08 13:13:21,svchost.exe,0.0,83.11,f4:6a:dd:7b:03:0d
1,2025-11-08 13:13:21,WUDFHost.exe,0.0,83.11,f4:6a:dd:7b:03:0d
1,2025-11-08 13:13:21,svchost.exe,0.0,83.11,f4:6a:dd:7b:03:0d
1,2025-11-08 13:13:21,msedgewebview2.exe,0.0,83.11,f4:6a:dd:7b:03:0d
1,2025-11-08 13:13:21,AppProvisioningPlugin.exe,0.4,83.11,f4:6a:dd:7b:03:0d
1,2025-11-08 13:13:21,WUDFHost.exe,0.0,83.11,f4:6a:dd:7b:03:0d
1,2025-11-08 13:13:21,conhost.exe,0.0,83.11,f4:6a:dd:7b:03:0d
1,2025-11-08 13:13:21,OneDrive.exe,0.0,83.11,f4:6a:dd:7b:03:0d
1,2025-11-08 13:13:21,svchost.exe,0.0,83.11,f4:6a:dd:7b:03:0d
1,2025-11-08 13:13:21,svchost.exe,0.0,83.11,f4:6a:dd:7b:03:0d
1,2025-11-08 13:13:21,svchost.exe,0.0,83.11,f4:6a:dd:7b:03:0d
1,2025-11-08 13:13:21,svchost.exe,0.0,83.11,f4:6a:dd:7b:03:0d
1,2025-11-08 13:13:21,svchost.exe,0.0,83.11,f4:6a:dd:7b:03:0d
1,2025-11-08 13:13:21,svchost.exe,0.0,83.11,f4:6a:dd:7b:03:0d
1,2025-11-08 13:13:21,msedge.exe,0.0,83.11,f4:6a:dd:7b:03:0d
1,2025-11-08 13:13:21,svchost.exe,0.0,83.11,f4:6a:dd:7b:03:0d
1,2025-11-08 13:13:21,svchost.exe,0.0,83.11,f4:6a:dd:7b:03:0d
1,2025-11-08 13:13:21,svchost.exe,0.0,83.11,f4:6a:dd:7b:03:0d
1,2025-11-08 13:13:21,chrome.exe,0.0,83.11,f4:6a:dd:7b:03:0d
1,2025-11-08 13:13:21,svchost.exe,0.0,83.11,f4:6a:dd:7b:03:0d
1,2025-11-08 13:13:21,Discord.exe,0.4,83.11,f4:6a:dd:7b:03:0d
1,2025-11-08 13:13:21,svchost.exe,0.0,83.11,f4:6a:dd:7b:03:0d
1,2025-11-08 13:13:21,svchost.exe,0.4,83.11,f4:6a:dd:7b:03:0d
1,2025-11-08 13:13:21,svchost.exe,0.0,83.11,f4:6a:dd:7b:03:0d
1,2025-11-08 13:13:21,msedgewebview2.exe,0.0,83.11,f4:6a:dd:7b:03:0d
1,2025-11-08 13:13:21,msedgewebview2.exe,0.0,83.11,f4:6a:dd:7b:03:0d
1,2025-11-08 13:13:21,RuntimeBroker.exe,0.0,83.11,f4:6a:dd:7b:03:0d
1,2025-11-08 13:13:21,svchost.exe,0.0,83.11,f4:6a:dd:7b:03:0d
1,2025-11-08 13:13:21,svchost.exe,0.0,83.11,f4:6a:dd:7b:03:0d
1,2025-11-08 13:13:21,svchost.exe,0.0,83.11,f4:6a:dd:7b:03:0d
1,2025-11-08 13:13:21,svchost.exe,0.0,83.11,f4:6a:dd:7b:03:0d
1,2025-11-08 13:13:21,amdfendrsr.exe,0.0,83.11,f4:6a:dd:7b:03:0d
1,2025-11-08 13:13:21,svchost.exe,0.0,83.11,f4:6a:dd:7b:03:0d
1,2025-11-08 13:13:21,atiesrxx.exe,0.0,83.11,f4:6a:dd:7b:03:0d
1,2025-11-08 13:13:21,svchost.exe,0.0,83.11,f4:6a:dd:7b:03:0d
1,2025-11-08 13:13:21,svchost.exe,0.0,83.11,f4:6a:dd:7b:03:0d
1,2025-11-08 13:13:21,sihost.exe,0.0,83.11,f4:6a:dd:7b:03:0d
1,2025-11-08 13:13:21,svchost.exe,0.0,83.11,f4:6a:dd:7b:03:0d
1,2025-11-08 13:13:21,msedge.exe,0.0,83.11,f4:6a:dd:7b:03:0d
1,2025-11-08 13:13:21,svchost.exe,0.0,83.11,f4:6a:dd:7b:03:0d
1,2025-11-08 13:13:21,msedgewebview2.exe,0.0,83.11,f4:6a:dd:7b:03:0d
1,2025-11-08 13:13:21,msedge.exe,0.0,83.11,f4:6a:dd:7b:03:0d
1,2025-11-08 13:13:21,LockApp.exe,0.0,83.11,f4:6a:dd:7b:03:0d
1,2025-11-08 13:13:21,NisSrv.exe,0.0,83.11,f4:6a:dd:7b:03:0d
1,2025-11-08 13:13:21,svchost.exe,0.0,83.11,f4:6a:dd:7b:03:0d
1,2025-11-08 13:13:21,svchost.exe,0.0,83.11,f4:6a:dd:7b:03:0d
1,2025-11-08 13:13:21,svchost.exe,0.0,83.11,f4:6a:dd:7b:03:0d
1,2025-11-08 13:13:21,svchost.exe,0.0,83.11,f4:6a:dd:7b:03:0d
1,2025-11-08 13:13:21,svchost.exe,0.0,83.11,f4:6a:dd:7b:03:0d
1,2025-11-08 13:13:21,svchost.exe,0.0,83.11,f4:6a:dd:7b:03:0d
1,2025-11-08 13:13:21,MemCompression,18.9,83.11,f4:6a:dd:7b:03:0d
1,2025-11-08 13:13:21,svchost.exe,0.0,83.11,f4:6a:dd:7b:03:0d
1,2025-11-08 13:13:21,svchost.exe,0.0,83.11,f4:6a:dd:7b:03:0d
1,2025-11-08 13:13:21,svchost.exe,0.0,83.11,f4:6a:dd:7b:03:0d
1,2025-11-08 13:13:21,svchost.exe,0.0,83.11,f4:6a:dd:7b:03:0d
1,2025-11-08 13:13:21,svchost.exe,0.0,83.11,f4:6a:dd:7b:03:0d
1,2025-11-08 13:13:21,RuntimeBroker.exe,0.0,83.11,f4:6a:dd:7b:03:0d
1,2025-11-08 13:13:21,PhoneExperienceHost.exe,0.7,83.11,f4:6a:dd:7b:03:0d
1,2025-11-08 13:13:21,svchost.exe,0.4,83.11,f4:6a:dd:7b:03:0d
1,2025-11-08 13:13:21,svchost.exe,0.0,83.11,f4:6a:dd:7b:03:0d
1,2025-11-08 13:13:21,svchost.exe,0.0,83.11,f4:6a:dd:7b:03:0d
1,2025-11-08 13:13:21,svchost.exe,0.0,83.11,f4:6a:dd:7b:03:0d
1,2025-11-08 13:13:21,svchost.exe,0.0,83.11,f4:6a:dd:7b:03:0d
1,2025-11-08 13:13:21,svchost.exe,0.8,83.11,f4:6a:dd:7b:03:0d
1,2025-11-08 13:13:21,svchost.exe,0.0,83.11,f4:6a:dd:7b:03:0d
1,2025-11-08 13:13:21,OpenConsole.exe,0.0,83.11,f4:6a:dd:7b:03:0d
1,2025-11-08 13:13:21,audiodg.exe,6.4,83.11,f4:6a:dd:7b:03:0d
1,2025-11-08 13:13:21,svchost.exe,0.0,83.11,f4:6a:dd:7b:03:0d
1,2025-11-08 13:13:21,spoolsv.exe,0.0,83.11,f4:6a:dd:7b:03:0d
1,2025-11-08 13:13:21,svchost.exe,0.0,83.11,f4:6a:dd:7b:03:0d
1,2025-11-08 13:13:21,SearchIndexer.exe,0.0,83.11,f4:6a:dd:7b:03:0d
1,2025-11-08 13:13:21,NgcIso.exe,0.0,83.11,f4:6a:dd:7b:03:0d
1,2025-11-08 13:13:21,svchost.exe,0.0,83.11,f4:6a:dd:7b:03:0d
1,2025-11-08 13:13:21,svchost.exe,0.0,83.11,f4:6a:dd:7b:03:0d
1,2025-11-08 13:13:21,svchost.exe,0.0,83.11,f4:6a:dd:7b:03:0d
1,2025-11-08 13:13:21,LenovoUtilityService.exe,0.0,83.11,f4:6a:dd:7b:03:0d
1,2025-11-08 13:13:21,svchost.exe,0.0,83.11,f4:6a:dd:7b:03:0d
1,2025-11-08 13:13:21,svchost.exe,0.0,83.11,f4:6a:dd:7b:03:0d
1,2025-11-08 13:13:21,FMService64.exe,0.0,83.11,f4:6a:dd:7b:03:0d
1,2025-11-08 13:13:21,DAX3API.exe,0.0,83.11,f4:6a:dd:7b:03:0d
1,2025-11-08 13:13:21,svchost.exe,0.0,83.11,f4:6a:dd:7b:03:0d
1,2025-11-08 13:13:21,svchost.exe,0.0,83.11,f4:6a:dd:7b:03:0d
1,2025-11-08 13:13:21,svchost.exe,0.0,83.11,f4:6a:dd:7b:03:0d
1,2025-11-08 13:13:21,svchost.exe,0.0,83.11,f4:6a:dd:7b:03:0d
1,2025-11-08 13:13:21,LNBITSSvc.exe,0.4,83.11,f4:6a:dd:7b:03:0d
1,2025-11-08 13:13:21,Lenovo.Modern.ImController.exe,0.0,83.11,f4:6a:dd:7b:03:0d
1,2025-11-08 13:13:21,svchost.exe,0.0,83.11,f4:6a:dd:7b:03:0d
1,2025-11-08 13:13:21,MpDefenderCoreService.exe,0.0,83.11,f4:6a:dd:7b:03:0d
1,2025-11-08 13:13:21,RtkBtManServ.exe,0.0,83.11,f4:6a:dd:7b:03:0d
1,2025-11-08 13:13:21,svchost.exe,0.0,83.11,f4:6a:dd:7b:03:0d
1,2025-11-08 13:13:21,RtkAudUService64.exe,0.0,83.11,f4:6a:dd:7b:03:0d
1,2025-11-08 13:13:21,OfficeClickToRun.exe,0.0,83.11,f4:6a:dd:7b:03:0d
1,2025-11-08 13:13:21,svchost.exe,0.0,83.11,f4:6a:dd:7b:03:0d
1,2025-11-08 13:13:21,svchost.exe,0.0,83.11,f4:6a:dd:7b:03:0d
1,2025-11-08 13:13:21,UDClientService.exe,0.8,83.11,f4:6a:dd:7b:03:0d
1,2025-11-08 13:13:21,svchost.exe,0.0,83.11,f4:6a:dd:7b:03:0d
1,2025-11-08 13:13:21,mysqld.exe,0.0,83.11,f4:6a:dd:7b:03:0d
1,2025-11-08 13:13:21,MsMpEng.exe,1.2,83.11,f4:6a:dd:7b:03:0d
1,2025-11-08 13:13:21,svchost.exe,0.0,83.11,f4:6a:dd:7b:03:0d
1,2025-11-08 13:13:21,svchost.exe,9.6,83.11,f4:6a:dd:7b:03:0d
1,2025-11-08 13:13:21,wslservice.exe,0.0,83.11,f4:6a:dd:7b:03:0d
1,2025-11-08 13:13:21,msedgewebview2.exe,0.0,83.11,f4:6a:dd:7b:03:0d
1,2025-11-08 13:13:21,mysqld.exe,1.1,83.11,f4:6a:dd:7b:03:0d
1,2025-11-08 13:13:21,ShellExperienceHost.exe,0.0,83.11,f4:6a:dd:7b:03:0d
1,2025-11-08 13:13:21,WmiPrvSE.exe,0.0,83.11,f4:6a:dd:7b:03:0d
1,2025-11-08 13:13:21,conhost.exe,0.0,83.11,f4:6a:dd:7b:03:0d
1,2025-11-08 13:13:21,svchost.exe,0.0,83.11,f4:6a:dd:7b:03:0d
1,2025-11-08 13:13:21,msedge.exe,0.0,83.11,f4:6a:dd:7b:03:0d
1,2025-11-08 13:13:21,msedge.exe,0.0,83.11,f4:6a:dd:7b:03:0d
1,2025-11-08 13:13:21,msedge.exe,0.0,83.11,f4:6a:dd:7b:03:0d
1,2025-11-08 13:13:21,svchost.exe,0.0,83.11,f4:6a:dd:7b:03:0d
1,2025-11-08 13:13:21,unsecapp.exe,0.0,83.11,f4:6a:dd:7b:03:0d
1,2025-11-08 13:13:21,msedgewebview2.exe,0.0,83.11,f4:6a:dd:7b:03:0d
1,2025-11-08 13:13:21,DAX3API.exe,0.0,83.11,f4:6a:dd:7b:03:0d
1,2025-11-08 13:13:21,MSPCManagerService.exe,1.1,83.11,f4:6a:dd:7b:03:0d
1,2025-11-08 13:13:21,chrome.exe,0.0,83.11,f4:6a:dd:7b:03:0d
1,2025-11-08 13:13:21,svchost.exe,0.0,83.11,f4:6a:dd:7b:03:0d
1,2025-11-08 13:13:21,svchost.exe,0.0,83.11,f4:6a:dd:7b:03:0d
1,2025-11-08 13:13:21,svchost.exe,0.0,83.11,f4:6a:dd:7b:03:0d
1,2025-11-08 13:13:21,svchost.exe,0.0,83.11,f4:6a:dd:7b:03:0d
1,2025-11-08 13:13:21,svchost.exe,0.0,83.11,f4:6a:dd:7b:03:0d
1,2025-11-08 13:13:21,AggregatorHost.exe,0.0,83.11,f4:6a:dd:7b:03:0d
1,2025-11-08 13:13:21,svchost.exe,0.0,83.11,f4:6a:dd:7b:03:0d
1,2025-11-08 13:13:21,svchost.exe,0.7,83.11,f4:6a:dd:7b:03:0d
1,2025-11-08 13:13:21,msedgewebview2.exe,0.0,83.11,f4:6a:dd:7b:03:0d
1,2025-11-08 13:13:21,svchost.exe,0.0,83.11,f4:6a:dd:7b:03:0d
1,2025-11-08 13:13:21,svchost.exe,0.0,83.11,f4:6a:dd:7b:03:0d
1,2025-11-08 13:13:21,svchost.exe,0.0,83.11,f4:6a:dd:7b:03:0d
1,2025-11-08 13:13:21,chrome.exe,0.0,83.11,f4:6a:dd:7b:03:0d
1,2025-11-08 13:13:21,RtkAudUService64.exe,0.0,83.11,f4:6a:dd:7b:03:0d
1,2025-11-08 13:13:21,Code.exe,0.0,83.11,f4:6a:dd:7b:03:0d
1,2025-11-08 13:13:21,env.exe,0.0,83.11,f4:6a:dd:7b:03:0d
1,2025-11-08 13:13:21,svchost.exe,0.0,83.11,f4:6a:dd:7b:03:0d
1,2025-11-08 13:13:21,bash.exe,0.0,83.11,f4:6a:dd:7b:03:0d
1,2025-11-08 13:13:21,Code.exe,0.0,83.11,f4:6a:dd:7b:03:0d
1,2025-11-08 13:13:21,OneDrive.Sync.Service.exe,0.0,83.11,f4:6a:dd:7b:03:0d
1,2025-11-08 13:13:21,Notion.exe,0.4,83.11,f4:6a:dd:7b:03:0d
1,2025-11-08 13:13:21,Code.exe,0.0,83.11,f4:6a:dd:7b:03:0d
1,2025-11-08 13:13:21,svchost.exe,0.0,83.11,f4:6a:dd:7b:03:0d
1,2025-11-08 13:13:21,Notion.exe,0.0,83.11,f4:6a:dd:7b:03:0d
1,2025-11-08 13:13:21,OneDrive.exe,0.0,83.11,f4:6a:dd:7b:03:0d
1,2025-11-08 13:13:21,Code.exe,62.6,83.11,f4:6a:dd:7b:03:0d
1,2025-11-08 13:13:21,unsecapp.exe,0.0,83.11,f4:6a:dd:7b:03:0d
1,2025-11-08 13:13:21,Notion.exe,2.1,83.11,f4:6a:dd:7b:03:0d
1,2025-11-08 13:13:21,msedge.exe,0.0,83.11,f4:6a:dd:7b:03:0d
1,2025-11-08 13:13:21,MSPCManagerCore.exe,0.0,83.11,f4:6a:dd:7b:03:0d
1,2025-11-08 13:13:21,WidgetService.exe,0.0,83.11,f4:6a:dd:7b:03:0d
1,2025-11-08 13:13:21,WhatsApp.Root.exe,1.4,83.11,f4:6a:dd:7b:03:0d
1,2025-11-08 13:13:21,svchost.exe,0.0,83.11,f4:6a:dd:7b:03:0d
1,2025-11-08 13:13:21,svchost.exe,0.0,83.11,f4:6a:dd:7b:03:0d
1,2025-11-08 13:13:21,taskhostw.exe,0.0,83.11,f4:6a:dd:7b:03:0d
1,2025-11-08 13:13:21,FnHotkeyCapsLKNumLK.exe,0.4,83.11,f4:6a:dd:7b:03:0d
1,2025-11-08 13:13:21,MSPCManager.exe,0.7,83.11,f4:6a:dd:7b:03:0d
1,2025-11-08 13:13:21,Notion.exe,0.7,83.11,f4:6a:dd:7b:03:0d
1,2025-11-08 13:13:21,RuntimeBroker.exe,0.0,83.11,f4:6a:dd:7b:03:0d
1,2025-11-08 13:13:21,msedgewebview2.exe,0.0,83.11,f4:6a:dd:7b:03:0d
1,2025-11-08 13:13:21,msedgewebview2.exe,0.7,83.11,f4:6a:dd:7b:03:0d
1,2025-11-08 13:13:21,Code.exe,0.0,83.11,f4:6a:dd:7b:03:0d
1,2025-11-08 13:13:21,msedgewebview2.exe,0.4,83.11,f4:6a:dd:7b:03:0d
1,2025-11-08 13:13:21,msedgewebview2.exe,0.0,83.11,f4:6a:dd:7b:03:0d
1,2025-11-08 13:13:21,svchost.exe,0.0,83.11,f4:6a:dd:7b:03:0d
1,2025-11-08 13:13:21,svchost.exe,0.0,83.11,f4:6a:dd:7b:03:0d
1,2025-11-08 13:13:21,msedge.exe,0.0,83.11,f4:6a:dd:7b:03:0d
1,2025-11-08 13:13:21,msedgewebview2.exe,0.0,83.11,f4:6a:dd:7b:03:0d
1,2025-11-08 13:13:21,msedge.exe,0.4,83.11,f4:6a:dd:7b:03:0d
1,2025-11-08 13:13:21,python.exe,29.7,83.11,f4:6a:dd:7b:03:0d
1,2025-11-08 13:13:21,AutoModeDetect.exe,0.0,83.11,f4:6a:dd:7b:03:0d
1,2025-11-08 13:13:21,Discord.exe,31.5,83.11,f4:6a:dd:7b:03:0d
1,2025-11-08 13:13:21,ms-teams.exe,0.4,83.11,f4:6a:dd:7b:03:0d
1,2025-11-08 13:13:21,WmiPrvSE.exe,19.4,83.11,f4:6a:dd:7b:03:0d
1,2025-11-08 13:13:21,Widgets.exe,0.0,83.11,f4:6a:dd:7b:03:0d
1,2025-11-08 13:13:21,jetbrains-toolbox.exe,2.9,83.11,f4:6a:dd:7b:03:0d
1,2025-11-08 13:13:21,conhost.exe,0.0,83.11,f4:6a:dd:7b:03:0d
1,2025-11-08 13:13:21,Code.exe,0.0,83.11,f4:6a:dd:7b:03:0d
1,2025-11-08 13:13:21,svchost.exe,0.4,83.11,f4:6a:dd:7b:03:0d
1,2025-11-08 13:13:21,msedgewebview2.exe,0.0,83.11,f4:6a:dd:7b:03:0d
1,2025-11-08 13:13:21,RuntimeBroker.exe,0.0,83.11,f4:6a:dd:7b:03:0d
1,2025-11-08 13:13:21,Discord.exe,0.0,83.11,f4:6a:dd:7b:03:0d
1,2025-11-08 13:13:21,Taskmgr.exe,10.4,83.11,f4:6a:dd:7b:03:0d
1,2025-11-08 13:13:21,svchost.exe,0.0,83.11,f4:6a:dd:7b:03:0d
1,2025-11-08 13:13:21,msedgewebview2.exe,0.0,83.11,f4:6a:dd:7b:03:0d
1,2025-11-08 13:13:21,winlogon.exe,0.0,83.11,f4:6a:dd:7b:03:0d
1,2025-11-08 13:13:21,csrss.exe,2.2,83.11,f4:6a:dd:7b:03:0d
1,2025-11-08 13:13:21,Code.exe,0.0,83.11,f4:6a:dd:7b:03:0d
1,2025-11-08 13:13:21,Notion.exe,2.2,83.11,f4:6a:dd:7b:03:0d
1,2025-11-08 13:13:21,ShellHost.exe,0.0,83.11,f4:6a:dd:7b:03:0d
1,2025-11-08 13:13:21,RuntimeBroker.exe,0.0,83.11,f4:6a:dd:7b:03:0d
1,2025-11-08 13:13:21,svchost.exe,0.0,83.11,f4:6a:dd:7b:03:0d
1,2025-11-08 13:13:21,msedgewebview2.exe,0.0,83.11,f4:6a:dd:7b:03:0d
1,2025-11-08 13:13:21,SecurityHealthService.exe,0.0,83.11,f4:6a:dd:7b:03:0d
1,2025-11-08 13:13:21,chrome.exe,0.0,83.11,f4:6a:dd:7b:03:0d
1,2025-11-08 13:13:21,msedge.exe,0.0,83.11,f4:6a:dd:7b:03:0d
1,2025-11-08 13:13:21,powershell.exe,0.0,83.11,f4:6a:dd:7b:03:0d
1,2025-11-08 13:13:21,python.exe,0.0,83.11,f4:6a:dd:7b:03:0d
1,2025-11-08 13:13:21,FileSyncHelper.exe,0.0,83.11,f4:6a:dd:7b:03:0d
1,2025-11-08 13:13:21,msedgewebview2.exe,0.0,83.11,f4:6a:dd:7b:03:0d
1,2025-11-08 13:13:21,fsnotifier.exe,0.0,83.11,f4:6a:dd:7b:03:0d
1,2025-11-08 13:13:21,ctfmon.exe,0.0,83.11,f4:6a:dd:7b:03:0d
1,2025-11-08 13:13:21,Notion.exe,0.0,83.11,f4:6a:dd:7b:03:0d
1,2025-11-08 13:13:21,taskhostw.exe,0.4,83.11,f4:6a:dd:7b:03:0d
1,2025-11-08 13:13:21,svchost.exe,0.0,83.11,f4:6a:dd:7b:03:0d
1,2025-11-08 13:13:21,dllhost.exe,0.0,83.11,f4:6a:dd:7b:03:0d
1,2025-11-08 13:13:21,FnHotkeyUtility.exe,0.0,83.11,f4:6a:dd:7b:03:0d
1,2025-11-08 13:13:21,msedgewebview2.exe,0.0,83.11,f4:6a:dd:7b:03:0d
1,2025-11-08 13:13:21,chrome.exe,0.0,83.11,f4:6a:dd:7b:03:0d
1,2025-11-08 13:13:21,msedgewebview2.exe,0.0,83.11,f4:6a:dd:7b:03:0d
1,2025-11-08 13:13:21,ms-teams.exe,0.7,83.11,f4:6a:dd:7b:03:0d
1,2025-11-08 13:13:21,msedgewebview2.exe,0.0,83.11,f4:6a:dd:7b:03:0d
1,2025-11-08 13:13:21,UserOOBEBroker.exe,0.0,83.11,f4:6a:dd:7b:03:0d
1,2025-11-08 13:13:21,msedge.exe,0.0,83.11,f4:6a:dd:7b:03:0d
1,2025-11-08 13:13:21,Copilot.exe,0.0,83.11,f4:6a:dd:7b:03:0d
1,2025-11-08 13:13:21,Code.exe,0.0,83.11,f4:6a:dd:7b:03:0d
1,2025-11-08 13:13:21,conhost.exe,0.0,83.11,f4:6a:dd:7b:03:0d
1,2025-11-08 13:13:21,Discord.exe,0.0,83.11,f4:6a:dd:7b:03:0d
1,2025-11-08 13:13:21,msedgewebview2.exe,0.0,83.11,f4:6a:dd:7b:03:0d
1,2025-11-08 13:13:21,SearchHost.exe,0.0,83.11,f4:6a:dd:7b:03:0d
1,2025-11-08 13:13:21,msedgewebview2.exe,0.0,83.11,f4:6a:dd:7b:03:0d
1,2025-11-08 13:13:21,Code.exe,0.4,83.11,f4:6a:dd:7b:03:0d
1,2025-11-08 13:13:21,atieclxx.exe,0.0,83.11,f4:6a:dd:7b:03:0d
1,2025-11-08 13:13:21,msedgewebview2.exe,0.0,83.11,f4:6a:dd:7b:03:0d
1,2025-11-08 13:13:21,msedgewebview2.exe,0.4,83.11,f4:6a:dd:7b:03:0d
1,2025-11-08 13:13:21,chrome.exe,0.0,83.11,f4:6a:dd:7b:03:0d
1,2025-11-08 13:13:21,svchost.exe,0.0,83.11,f4:6a:dd:7b:03:0d
1,2025-11-08 13:13:21,FileCoAuth.exe,0.0,83.11,f4:6a:dd:7b:03:0d
1,2025-11-08 13:13:21,TextInputHost.exe,0.0,83.11,f4:6a:dd:7b:03:0d
1,2025-11-08 13:13:21,explorer.exe,2.5,83.11,f4:6a:dd:7b:03:0d
1,2025-11-08 13:13:21,Notion.exe,0.0,83.11,f4:6a:dd:7b:03:0d
1,2025-11-08 13:13:21,AppActions.exe,0.0,83.11,f4:6a:dd:7b:03:0d
1,2025-11-08 13:13:21,SecurityHealthSystray.exe,0.0,83.11,f4:6a:dd:7b:03:0d
1,2025-11-08 13:13:21,msedge.exe,0.0,83.11,f4:6a:dd:7b:03:0d
1,2025-11-08 13:13:21,Code.exe,0.4,83.11,f4:6a:dd:7b:03:0d
1,2025-11-08 13:13:21,StartMenuExperienceHost.exe,0.0,83.11,f4:6a:dd:7b:03:0d
1,2025-11-08 13:13:21,conhost.exe,0.0,83.11,f4:6a:dd:7b:03:0d
1,2025-11-08 13:13:21,dwm.exe,4.0,83.11,f4:6a:dd:7b:03:0d
1,2025-11-08 13:13:21,msedge.exe,0.0,83.11,f4:6a:dd:7b:03:0d
1,2025-11-08 13:13:21,msedgewebview2.exe,0.0,83.11,f4:6a:dd:7b:03:0d
1,2025-11-08 13:13:21,svchost.exe,0.0,83.11,f4:6a:dd:7b:03:0d
1,2025-11-08 13:13:21,ApplicationFrameHost.exe,0.0,83.11,f4:6a:dd:7b:03:0d
1,2025-11-08 13:13:21,RuntimeBroker.exe,0.0,83.11,f4:6a:dd:7b:03:0d
1,2025-11-08 13:13:21,Notion.exe,0.0,83.11,f4:6a:dd:7b:03:0d
1,2025-11-08 13:13:21,fontdrvhost.exe,0.0,83.11,f4:6a:dd:7b:03:0d
1,2025-11-08 13:13:21,RuntimeBroker.exe,0.0,83.11,f4:6a:dd:7b:03:0d
1,2025-11-08 13:13:21,svchost.exe,0.0,83.11,f4:6a:dd:7b:03:0d
1,2025-11-08 13:13:21,svchost.exe,0.0,83.11,f4:6a:dd:7b:03:0d
1,2025-11-08 13:13:21,Discord.exe,0.0,83.11,f4:6a:dd:7b:03:0d
1,2025-11-08 13:13:21,svchost.exe,0.0,83.11,f4:6a:dd:7b:03:0d
1,2025-11-08 13:13:21,idea64.exe,228.6,83.11,f4:6a:dd:7b:03:0d
1,2025-11-08 13:13:21,conhost.exe,0.4,83.11,f4:6a:dd:7b:03:0d
1,2025-11-08 13:13:21,msedgewebview2.exe,0.0,83.11,f4:6a:dd:7b:03:0d
1,2025-11-08 13:13:21,RuntimeBroker.exe,0.0,83.11,f4:6a:dd:7b:03:0d
1,2025-11-08 13:13:21,Discord.exe,1.1,83.11,f4:6a:dd:7b:03:0d
1,2025-11-08 13:13:21,CrossDeviceResume.exe,0.0,83.11,f4:6a:dd:7b:03:0d
1,2025-11-08 13:13:21,Code.exe,0.0,83.11,f4:6a:dd:7b:03:0d
1,2025-11-08 13:13:21,conhost.exe,0.0,83.11,f4:6a:dd:7b:03:0d
1,2025-11-08 13:13:21,bash.exe,0.4,83.11,f4:6a:dd:7b:03:0d
1,2025-11-08 13:13:21,chrome.exe,0.0,83.11,f4:6a:dd:7b:03:0d
1,2025-11-08 13:13:21,svchost.exe,0.0,83.11,f4:6a:dd:7b:03:0d
1,2025-11-08 13:13:21,pet.exe,0.0,83.11,f4:6a:dd:7b:03:0d
1,2025-11-08 13:13:21,bash.exe,0.0,83.11,f4:6a:dd:7b:03:0d
1,2025-11-08 13:13:21,conhost.exe,0.0,83.11,f4:6a:dd:7b:03:0d
1,2025-11-08 13:13:21,Code.exe,0.0,83.11,f4:6a:dd:7b:03:0d
1,2025-11-08 13:13:21,chrome.exe,0.4,83.11,f4:6a:dd:7b:03:0d
1,2025-11-08 13:13:21,svchost.exe,0.0,83.11,f4:6a:dd:7b:03:0d
1,2025-11-08 13:13:21,smartscreen.exe,0.0,83.11,f4:6a:dd:7b:03:0d
1,2025-11-08 13:13:21,unsecapp.exe,0.0,83.11,f4:6a:dd:7b:03:0d
1,2025-11-08 13:13:21,bash.exe,0.0,83.11,f4:6a:dd:7b:03:0d
1,2025-11-08 13:13:21,chrome.exe,0.0,83.11,f4:6a:dd:7b:03:0d
1,2025-11-08 13:13:21,python.exe,0.0,83.11,f4:6a:dd:7b:03:0d
1,2025-11-08 13:13:21,backgroundTaskHost.exe,0.0,83.11,f4:6a:dd:7b:03:0d
1,2025-11-08 13:13:21,chrome.exe,0.0,83.11,f4:6a:dd:7b:03:0d
id_empresa,datetime,processo,uso de cpu,uso de gpu,mac_address
1,2025-11-08 13:13:34,System Idle Process,405.1,51.23,f4:6a:dd:7b:03:0d
1,2025-11-08 13:13:34,System,20.1,51.23,f4:6a:dd:7b:03:0d
1,2025-11-08 13:13:34,,0.0,51.23,f4:6a:dd:7b:03:0d
1,2025-11-08 13:13:34,Registry,0.7,51.23,f4:6a:dd:7b:03:0d
1,2025-11-08 13:13:34,smss.exe,0.0,51.23,f4:6a:dd:7b:03:0d
1,2025-11-08 13:13:34,msedge.exe,0.0,51.23,f4:6a:dd:7b:03:0d
1,2025-11-08 13:13:34,svchost.exe,0.0,51.23,f4:6a:dd:7b:03:0d
1,2025-11-08 13:13:34,csrss.exe,0.0,51.23,f4:6a:dd:7b:03:0d
1,2025-11-08 13:13:34,svchost.exe,0.0,51.23,f4:6a:dd:7b:03:0d
1,2025-11-08 13:13:34,wininit.exe,0.0,51.23,f4:6a:dd:7b:03:0d
1,2025-11-08 13:13:34,svchost.exe,0.0,51.23,f4:6a:dd:7b:03:0d
1,2025-11-08 13:13:34,svchost.exe,0.0,51.23,f4:6a:dd:7b:03:0d
1,2025-11-08 13:13:34,services.exe,0.0,51.23,f4:6a:dd:7b:03:0d
1,2025-11-08 13:13:34,LsaIso.exe,0.0,51.23,f4:6a:dd:7b:03:0d
1,2025-11-08 13:13:34,lsass.exe,0.0,51.23,f4:6a:dd:7b:03:0d
1,2025-11-08 13:13:34,Code.exe,0.0,51.23,f4:6a:dd:7b:03:0d
1,2025-11-08 13:13:34,svchost.exe,0.0,51.23,f4:6a:dd:7b:03:0d
1,2025-11-08 13:13:34,fontdrvhost.exe,0.0,51.23,f4:6a:dd:7b:03:0d
1,2025-11-08 13:13:34,msedgewebview2.exe,0.0,51.23,f4:6a:dd:7b:03:0d
1,2025-11-08 13:13:34,svchost.exe,0.0,51.23,f4:6a:dd:7b:03:0d
1,2025-11-08 13:13:34,svchost.exe,0.0,51.23,f4:6a:dd:7b:03:0d
1,2025-11-08 13:13:34,WUDFHost.exe,0.0,51.23,f4:6a:dd:7b:03:0d
1,2025-11-08 13:13:34,svchost.exe,0.0,51.23,f4:6a:dd:7b:03:0d
1,2025-11-08 13:13:34,msedgewebview2.exe,0.0,51.23,f4:6a:dd:7b:03:0d
1,2025-11-08 13:13:34,AppProvisioningPlugin.exe,0.0,51.23,f4:6a:dd:7b:03:0d
1,2025-11-08 13:13:34,WUDFHost.exe,0.0,51.23,f4:6a:dd:7b:03:0d
1,2025-11-08 13:13:34,conhost.exe,0.0,51.23,f4:6a:dd:7b:03:0d
1,2025-11-08 13:13:34,OneDrive.exe,0.0,51.23,f4:6a:dd:7b:03:0d
1,2025-11-08 13:13:34,svchost.exe,0.0,51.23,f4:6a:dd:7b:03:0d
1,2025-11-08 13:13:34,svchost.exe,0.0,51.23,f4:6a:dd:7b:03:0d
1,2025-11-08 13:13:34,svchost.exe,0.0,51.23,f4:6a:dd:7b:03:0d
1,2025-11-08 13:13:34,svchost.exe,0.0,51.23,f4:6a:dd:7b:03:0d
1,2025-11-08 13:13:34,svchost.exe,0.0,51.23,f4:6a:dd:7b:03:0d
1,2025-11-08 13:13:34,svchost.exe,0.0,51.23,f4:6a:dd:7b:03:0d
1,2025-11-08 13:13:34,msedge.exe,0.0,51.23,f4:6a:dd:7b:03:0d
1,2025-11-08 13:13:34,svchost.exe,0.0,51.23,f4:6a:dd:7b:03:0d
1,2025-11-08 13:13:34,svchost.exe,0.0,51.23,f4:6a:dd:7b:03:0d
1,2025-11-08 13:13:34,svchost.exe,0.0,51.23,f4:6a:dd:7b:03:0d
1,2025-11-08 13:13:34,chrome.exe,0.0,51.23,f4:6a:dd:7b:03:0d
1,2025-11-08 13:13:34,svchost.exe,0.0,51.23,f4:6a:dd:7b:03:0d
1,2025-11-08 13:13:34,Discord.exe,0.0,51.23,f4:6a:dd:7b:03:0d
1,2025-11-08 13:13:34,svchost.exe,0.0,51.23,f4:6a:dd:7b:03:0d
1,2025-11-08 13:13:34,svchost.exe,0.0,51.23,f4:6a:dd:7b:03:0d
1,2025-11-08 13:13:34,svchost.exe,0.0,51.23,f4:6a:dd:7b:03:0d
1,2025-11-08 13:13:34,msedgewebview2.exe,0.0,51.23,f4:6a:dd:7b:03:0d
1,2025-11-08 13:13:34,msedgewebview2.exe,0.0,51.23,f4:6a:dd:7b:03:0d
1,2025-11-08 13:13:34,RuntimeBroker.exe,0.0,51.23,f4:6a:dd:7b:03:0d
1,2025-11-08 13:13:34,svchost.exe,0.0,51.23,f4:6a:dd:7b:03:0d
1,2025-11-08 13:13:34,svchost.exe,0.0,51.23,f4:6a:dd:7b:03:0d
1,2025-11-08 13:13:34,svchost.exe,0.0,51.23,f4:6a:dd:7b:03:0d
1,2025-11-08 13:13:34,svchost.exe,0.0,51.23,f4:6a:dd:7b:03:0d
1,2025-11-08 13:13:34,amdfendrsr.exe,0.0,51.23,f4:6a:dd:7b:03:0d
1,2025-11-08 13:13:34,svchost.exe,0.0,51.23,f4:6a:dd:7b:03:0d
1,2025-11-08 13:13:34,atiesrxx.exe,0.0,51.23,f4:6a:dd:7b:03:0d
1,2025-11-08 13:13:34,svchost.exe,0.0,51.23,f4:6a:dd:7b:03:0d
1,2025-11-08 13:13:34,svchost.exe,0.0,51.23,f4:6a:dd:7b:03:0d
1,2025-11-08 13:13:34,sihost.exe,0.0,51.23,f4:6a:dd:7b:03:0d
1,2025-11-08 13:13:34,svchost.exe,0.0,51.23,f4:6a:dd:7b:03:0d
1,2025-11-08 13:13:34,msedge.exe,0.0,51.23,f4:6a:dd:7b:03:0d
1,2025-11-08 13:13:34,svchost.exe,0.0,51.23,f4:6a:dd:7b:03:0d
1,2025-11-08 13:13:34,msedgewebview2.exe,0.0,51.23,f4:6a:dd:7b:03:0d
1,2025-11-08 13:13:34,msedge.exe,0.0,51.23,f4:6a:dd:7b:03:0d
1,2025-11-08 13:13:34,LockApp.exe,0.0,51.23,f4:6a:dd:7b:03:0d
1,2025-11-08 13:13:34,NisSrv.exe,0.0,51.23,f4:6a:dd:7b:03:0d
1,2025-11-08 13:13:34,svchost.exe,0.0,51.23,f4:6a:dd:7b:03:0d
1,2025-11-08 13:13:34,svchost.exe,0.0,51.23,f4:6a:dd:7b:03:0d
1,2025-11-08 13:13:34,svchost.exe,0.0,51.23,f4:6a:dd:7b:03:0d
1,2025-11-08 13:13:34,svchost.exe,0.0,51.23,f4:6a:dd:7b:03:0d
1,2025-11-08 13:13:34,svchost.exe,0.0,51.23,f4:6a:dd:7b:03:0d
1,2025-11-08 13:13:34,svchost.exe,0.0,51.23,f4:6a:dd:7b:03:0d
1,2025-11-08 13:13:34,MemCompression,1.4,51.23,f4:6a:dd:7b:03:0d
1,2025-11-08 13:13:34,svchost.exe,0.0,51.23,f4:6a:dd:7b:03:0d
1,2025-11-08 13:13:34,svchost.exe,0.0,51.23,f4:6a:dd:7b:03:0d
1,2025-11-08 13:13:34,svchost.exe,0.0,51.23,f4:6a:dd:7b:03:0d
1,2025-11-08 13:13:34,svchost.exe,0.0,51.23,f4:6a:dd:7b:03:0d
1,2025-11-08 13:13:34,svchost.exe,0.0,51.23,f4:6a:dd:7b:03:0d
1,2025-11-08 13:13:34,RuntimeBroker.exe,0.0,51.23,f4:6a:dd:7b:03:0d
1,2025-11-08 13:13:34,PhoneExperienceHost.exe,0.0,51.23,f4:6a:dd:7b:03:0d
1,2025-11-08 13:13:34,svchost.exe,0.0,51.23,f4:6a:dd:7b:03:0d
1,2025-11-08 13:13:34,svchost.exe,0.0,51.23,f4:6a:dd:7b:03:0d
1,2025-11-08 13:13:34,svchost.exe,0.0,51.23,f4:6a:dd:7b:03:0d
1,2025-11-08 13:13:34,svchost.exe,0.0,51.23,f4:6a:dd:7b:03:0d
1,2025-11-08 13:13:34,svchost.exe,0.0,51.23,f4:6a:dd:7b:03:0d
1,2025-11-08 13:13:34,svchost.exe,0.0,51.23,f4:6a:dd:7b:03:0d
1,2025-11-08 13:13:34,svchost.exe,0.0,51.23,f4:6a:dd:7b:03:0d
1,2025-11-08 13:13:34,OpenConsole.exe,0.0,51.23,f4:6a:dd:7b:03:0d
1,2025-11-08 13:13:34,audiodg.exe,2.2,51.23,f4:6a:dd:7b:03:0d
1,2025-11-08 13:13:34,svchost.exe,0.0,51.23,f4:6a:dd:7b:03:0d
1,2025-11-08 13:13:34,spoolsv.exe,0.0,51.23,f4:6a:dd:7b:03:0d
1,2025-11-08 13:13:34,svchost.exe,0.0,51.23,f4:6a:dd:7b:03:0d
1,2025-11-08 13:13:34,SearchIndexer.exe,0.0,51.23,f4:6a:dd:7b:03:0d
1,2025-11-08 13:13:34,NgcIso.exe,0.0,51.23,f4:6a:dd:7b:03:0d
1,2025-11-08 13:13:34,svchost.exe,0.7,51.23,f4:6a:dd:7b:03:0d
1,2025-11-08 13:13:34,svchost.exe,0.0,51.23,f4:6a:dd:7b:03:0d
1,2025-11-08 13:13:34,svchost.exe,0.0,51.23,f4:6a:dd:7b:03:0d
1,2025-11-08 13:13:34,LenovoUtilityService.exe,0.0,51.23,f4:6a:dd:7b:03:0d
1,2025-11-08 13:13:34,svchost.exe,0.7,51.23,f4:6a:dd:7b:03:0d
1,2025-11-08 13:13:34,svchost.exe,0.0,51.23,f4:6a:dd:7b:03:0d
1,2025-11-08 13:13:34,FMService64.exe,0.0,51.23,f4:6a:dd:7b:03:0d
1,2025-11-08 13:13:34,DAX3API.exe,0.0,51.23,f4:6a:dd:7b:03:0d
1,2025-11-08 13:13:34,svchost.exe,0.0,51.23,f4:6a:dd:7b:03:0d
1,2025-11-08 13:13:34,svchost.exe,0.0,51.23,f4:6a:dd:7b:03:0d
1,2025-11-08 13:13:34,svchost.exe,0.0,51.23,f4:6a:dd:7b:03:0d
1,2025-11-08 13:13:34,svchost.exe,0.7,51.23,f4:6a:dd:7b:03:0d
1,2025-11-08 13:13:34,LNBITSSvc.exe,0.0,51.23,f4:6a:dd:7b:03:0d
1,2025-11-08 13:13:34,Lenovo.Modern.ImController.exe,0.0,51.23,f4:6a:dd:7b:03:0d
1,2025-11-08 13:13:34,svchost.exe,0.0,51.23,f4:6a:dd:7b:03:0d
1,2025-11-08 13:13:34,MpDefenderCoreService.exe,0.0,51.23,f4:6a:dd:7b:03:0d
1,2025-11-08 13:13:34,RtkBtManServ.exe,0.0,51.23,f4:6a:dd:7b:03:0d
1,2025-11-08 13:13:34,svchost.exe,0.0,51.23,f4:6a:dd:7b:03:0d
1,2025-11-08 13:13:34,RtkAudUService64.exe,0.0,51.23,f4:6a:dd:7b:03:0d
1,2025-11-08 13:13:34,OfficeClickToRun.exe,0.7,51.23,f4:6a:dd:7b:03:0d
1,2025-11-08 13:13:34,svchost.exe,0.0,51.23,f4:6a:dd:7b:03:0d
1,2025-11-08 13:13:34,svchost.exe,0.0,51.23,f4:6a:dd:7b:03:0d
1,2025-11-08 13:13:34,UDClientService.exe,0.0,51.23,f4:6a:dd:7b:03:0d
1,2025-11-08 13:13:34,svchost.exe,0.0,51.23,f4:6a:dd:7b:03:0d
1,2025-11-08 13:13:34,mysqld.exe,0.0,51.23,f4:6a:dd:7b:03:0d
1,2025-11-08 13:13:34,MsMpEng.exe,4.3,51.23,f4:6a:dd:7b:03:0d
1,2025-11-08 13:13:34,svchost.exe,0.0,51.23,f4:6a:dd:7b:03:0d
1,2025-11-08 13:13:34,svchost.exe,7.9,51.23,f4:6a:dd:7b:03:0d
1,2025-11-08 13:13:34,wslservice.exe,0.0,51.23,f4:6a:dd:7b:03:0d
1,2025-11-08 13:13:34,msedgewebview2.exe,0.0,51.23,f4:6a:dd:7b:03:0d
1,2025-11-08 13:13:34,mysqld.exe,0.7,51.23,f4:6a:dd:7b:03:0d
1,2025-11-08 13:13:34,ShellExperienceHost.exe,0.0,51.23,f4:6a:dd:7b:03:0d
1,2025-11-08 13:13:34,WmiPrvSE.exe,0.0,51.23,f4:6a:dd:7b:03:0d
1,2025-11-08 13:13:34,conhost.exe,0.0,51.23,f4:6a:dd:7b:03:0d
1,2025-11-08 13:13:34,svchost.exe,0.0,51.23,f4:6a:dd:7b:03:0d
1,2025-11-08 13:13:34,msedge.exe,0.0,51.23,f4:6a:dd:7b:03:0d
1,2025-11-08 13:13:34,msedge.exe,0.0,51.23,f4:6a:dd:7b:03:0d
1,2025-11-08 13:13:34,msedge.exe,0.0,51.23,f4:6a:dd:7b:03:0d
1,2025-11-08 13:13:34,svchost.exe,0.0,51.23,f4:6a:dd:7b:03:0d
1,2025-11-08 13:13:34,unsecapp.exe,0.0,51.23,f4:6a:dd:7b:03:0d
1,2025-11-08 13:13:34,msedgewebview2.exe,0.0,51.23,f4:6a:dd:7b:03:0d
1,2025-11-08 13:13:34,DAX3API.exe,0.0,51.23,f4:6a:dd:7b:03:0d
1,2025-11-08 13:13:34,MSPCManagerService.exe,1.4,51.23,f4:6a:dd:7b:03:0d
1,2025-11-08 13:13:34,chrome.exe,4.3,51.23,f4:6a:dd:7b:03:0d
1,2025-11-08 13:13:34,svchost.exe,0.0,51.23,f4:6a:dd:7b:03:0d
1,2025-11-08 13:13:34,svchost.exe,0.0,51.23,f4:6a:dd:7b:03:0d
1,2025-11-08 13:13:34,svchost.exe,0.0,51.23,f4:6a:dd:7b:03:0d
1,2025-11-08 13:13:34,svchost.exe,0.0,51.23,f4:6a:dd:7b:03:0d
1,2025-11-08 13:13:34,svchost.exe,0.0,51.23,f4:6a:dd:7b:03:0d
1,2025-11-08 13:13:34,AggregatorHost.exe,0.0,51.23,f4:6a:dd:7b:03:0d
1,2025-11-08 13:13:34,svchost.exe,0.0,51.23,f4:6a:dd:7b:03:0d
1,2025-11-08 13:13:34,svchost.exe,0.0,51.23,f4:6a:dd:7b:03:0d
1,2025-11-08 13:13:34,msedgewebview2.exe,0.0,51.23,f4:6a:dd:7b:03:0d
1,2025-11-08 13:13:34,svchost.exe,0.0,51.23,f4:6a:dd:7b:03:0d
1,2025-11-08 13:13:34,svchost.exe,0.0,51.23,f4:6a:dd:7b:03:0d
1,2025-11-08 13:13:34,svchost.exe,0.0,51.23,f4:6a:dd:7b:03:0d
1,2025-11-08 13:13:34,chrome.exe,1.4,51.23,f4:6a:dd:7b:03:0d
1,2025-11-08 13:13:34,RtkAudUService64.exe,0.0,51.23,f4:6a:dd:7b:03:0d
1,2025-11-08 13:13:34,Code.exe,0.0,51.23,f4:6a:dd:7b:03:0d
1,2025-11-08 13:13:34,env.exe,0.0,51.23,f4:6a:dd:7b:03:0d
1,2025-11-08 13:13:34,svchost.exe,0.0,51.23,f4:6a:dd:7b:03:0d
1,2025-11-08 13:13:34,bash.exe,0.0,51.23,f4:6a:dd:7b:03:0d
1,2025-11-08 13:13:34,Code.exe,0.0,51.23,f4:6a:dd:7b:03:0d
1,2025-11-08 13:13:34,OneDrive.Sync.Service.exe,0.0,51.23,f4:6a:dd:7b:03:0d
1,2025-11-08 13:13:34,Notion.exe,0.7,51.23,f4:6a:dd:7b:03:0d
1,2025-11-08 13:13:34,Code.exe,0.0,51.23,f4:6a:dd:7b:03:0d
1,2025-11-08 13:13:34,svchost.exe,0.0,51.23,f4:6a:dd:7b:03:0d
1,2025-11-08 13:13:34,Notion.exe,0.0,51.23,f4:6a:dd:7b:03:0d
1,2025-11-08 13:13:34,OneDrive.exe,0.0,51.23,f4:6a:dd:7b:03:0d
1,2025-11-08 13:13:34,Code.exe,0.0,51.23,f4:6a:dd:7b:03:0d
1,2025-11-08 13:13:34,unsecapp.exe,0.0,51.23,f4:6a:dd:7b:03:0d
1,2025-11-08 13:13:34,Notion.exe,0.0,51.23,f4:6a:dd:7b:03:0d
1,2025-11-08 13:13:34,msedge.exe,0.0,51.23,f4:6a:dd:7b:03:0d
1,2025-11-08 13:13:34,MSPCManagerCore.exe,0.7,51.23,f4:6a:dd:7b:03:0d
1,2025-11-08 13:13:34,WidgetService.exe,0.0,51.23,f4:6a:dd:7b:03:0d
1,2025-11-08 13:13:34,WhatsApp.Root.exe,0.0,51.23,f4:6a:dd:7b:03:0d
1,2025-11-08 13:13:34,svchost.exe,0.0,51.23,f4:6a:dd:7b:03:0d
1,2025-11-08 13:13:34,svchost.exe,0.0,51.23,f4:6a:dd:7b:03:0d
1,2025-11-08 13:13:34,taskhostw.exe,0.0,51.23,f4:6a:dd:7b:03:0d
1,2025-11-08 13:13:34,FnHotkeyCapsLKNumLK.exe,0.0,51.23,f4:6a:dd:7b:03:0d
1,2025-11-08 13:13:34,MSPCManager.exe,0.0,51.23,f4:6a:dd:7b:03:0d
1,2025-11-08 13:13:34,Notion.exe,0.0,51.23,f4:6a:dd:7b:03:0d
1,2025-11-08 13:13:34,RuntimeBroker.exe,0.0,51.23,f4:6a:dd:7b:03:0d
1,2025-11-08 13:13:34,msedgewebview2.exe,0.0,51.23,f4:6a:dd:7b:03:0d
1,2025-11-08 13:13:34,msedgewebview2.exe,0.0,51.23,f4:6a:dd:7b:03:0d
1,2025-11-08 13:13:34,Code.exe,1.4,51.23,f4:6a:dd:7b:03:0d
1,2025-11-08 13:13:34,msedgewebview2.exe,0.0,51.23,f4:6a:dd:7b:03:0d
1,2025-11-08 13:13:34,msedgewebview2.exe,0.0,51.23,f4:6a:dd:7b:03:0d
1,2025-11-08 13:13:34,svchost.exe,0.0,51.23,f4:6a:dd:7b:03:0d
1,2025-11-08 13:13:34,svchost.exe,0.0,51.23,f4:6a:dd:7b:03:0d
1,2025-11-08 13:13:34,msedge.exe,0.0,51.23,f4:6a:dd:7b:03:0d
1,2025-11-08 13:13:34,msedgewebview2.exe,0.0,51.23,f4:6a:dd:7b:03:0d
1,2025-11-08 13:13:34,msedge.exe,0.0,51.23,f4:6a:dd:7b:03:0d
1,2025-11-08 13:13:34,python.exe,52.3,51.23,f4:6a:dd:7b:03:0d
1,2025-11-08 13:13:34,AutoModeDetect.exe,0.0,51.23,f4:6a:dd:7b:03:0d
1,2025-11-08 13:13:34,Discord.exe,31.1,51.23,f4:6a:dd:7b:03:0d
1,2025-11-08 13:13:34,ms-teams.exe,0.0,51.23,f4:6a:dd:7b:03:0d
1,2025-11-08 13:13:34,WmiPrvSE.exe,19.8,51.23,f4:6a:dd:7b:03:0d
1,2025-11-08 13:13:34,Widgets.exe,0.0,51.23,f4:6a:dd:7b:03:0d
1,2025-11-08 13:13:34,jetbrains-toolbox.exe,0.0,51.23,f4:6a:dd:7b:03:0d
1,2025-11-08 13:13:34,conhost.exe,0.0,51.23,f4:6a:dd:7b:03:0d
1,2025-11-08 13:13:34,Code.exe,0.0,51.23,f4:6a:dd:7b:03:0d
1,2025-11-08 13:13:34,svchost.exe,0.0,51.23,f4:6a:dd:7b:03:0d
1,2025-11-08 13:13:34,msedgewebview2.exe,0.0,51.23,f4:6a:dd:7b:03:0d
1,2025-11-08 13:13:34,RuntimeBroker.exe,0.0,51.23,f4:6a:dd:7b:03:0d
1,2025-11-08 13:13:34,Discord.exe,0.0,51.23,f4:6a:dd:7b:03:0d
1,2025-11-08 13:13:34,Taskmgr.exe,10.6,51.23,f4:6a:dd:7b:03:0d
1,2025-11-08 13:13:34,svchost.exe,0.0,51.23,f4:6a:dd:7b:03:0d
1,2025-11-08 13:13:34,msedgewebview2.exe,0.0,51.23,f4:6a:dd:7b:03:0d
1,2025-11-08 13:13:34,winlogon.exe,0.0,51.23,f4:6a:dd:7b:03:0d
1,2025-11-08 13:13:34,csrss.exe,0.7,51.23,f4:6a:dd:7b:03:0d
1,2025-11-08 13:13:34,Code.exe,0.0,51.23,f4:6a:dd:7b:03:0d
1,2025-11-08 13:13:34,Notion.exe,0.0,51.23,f4:6a:dd:7b:03:0d
1,2025-11-08 13:13:34,ShellHost.exe,0.0,51.23,f4:6a:dd:7b:03:0d
1,2025-11-08 13:13:34,RuntimeBroker.exe,0.0,51.23,f4:6a:dd:7b:03:0d
1,2025-11-08 13:13:34,svchost.exe,0.0,51.23,f4:6a:dd:7b:03:0d
1,2025-11-08 13:13:34,msedgewebview2.exe,0.0,51.23,f4:6a:dd:7b:03:0d
1,2025-11-08 13:13:34,SecurityHealthService.exe,0.0,51.23,f4:6a:dd:7b:03:0d
1,2025-11-08 13:13:34,chrome.exe,0.0,51.23,f4:6a:dd:7b:03:0d
1,2025-11-08 13:13:34,msedge.exe,0.0,51.23,f4:6a:dd:7b:03:0d
1,2025-11-08 13:13:34,powershell.exe,0.0,51.23,f4:6a:dd:7b:03:0d
1,2025-11-08 13:13:34,python.exe,0.0,51.23,f4:6a:dd:7b:03:0d
1,2025-11-08 13:13:34,FileSyncHelper.exe,0.0,51.23,f4:6a:dd:7b:03:0d
1,2025-11-08 13:13:34,msedgewebview2.exe,0.0,51.23,f4:6a:dd:7b:03:0d
1,2025-11-08 13:13:34,fsnotifier.exe,0.0,51.23,f4:6a:dd:7b:03:0d
1,2025-11-08 13:13:34,ctfmon.exe,0.0,51.23,f4:6a:dd:7b:03:0d
1,2025-11-08 13:13:34,Notion.exe,0.0,51.23,f4:6a:dd:7b:03:0d
1,2025-11-08 13:13:34,taskhostw.exe,0.0,51.23,f4:6a:dd:7b:03:0d
1,2025-11-08 13:13:34,svchost.exe,0.0,51.23,f4:6a:dd:7b:03:0d
1,2025-11-08 13:13:34,dllhost.exe,0.0,51.23,f4:6a:dd:7b:03:0d
1,2025-11-08 13:13:34,FnHotkeyUtility.exe,0.0,51.23,f4:6a:dd:7b:03:0d
1,2025-11-08 13:13:34,msedgewebview2.exe,0.0,51.23,f4:6a:dd:7b:03:0d
1,2025-11-08 13:13:34,chrome.exe,0.0,51.23,f4:6a:dd:7b:03:0d
1,2025-11-08 13:13:34,msedgewebview2.exe,0.0,51.23,f4:6a:dd:7b:03:0d
1,2025-11-08 13:13:34,ms-teams.exe,0.0,51.23,f4:6a:dd:7b:03:0d
1,2025-11-08 13:13:34,msedgewebview2.exe,0.0,51.23,f4:6a:dd:7b:03:0d
1,2025-11-08 13:13:34,UserOOBEBroker.exe,0.0,51.23,f4:6a:dd:7b:03:0d
1,2025-11-08 13:13:34,msedge.exe,0.0,51.23,f4:6a:dd:7b:03:0d
1,2025-11-08 13:13:34,Copilot.exe,0.0,51.23,f4:6a:dd:7b:03:0d
1,2025-11-08 13:13:34,Code.exe,0.0,51.23,f4:6a:dd:7b:03:0d
1,2025-11-08 13:13:34,conhost.exe,0.0,51.23,f4:6a:dd:7b:03:0d
1,2025-11-08 13:13:34,Discord.exe,0.0,51.23,f4:6a:dd:7b:03:0d
1,2025-11-08 13:13:34,msedgewebview2.exe,0.7,51.23,f4:6a:dd:7b:03:0d
1,2025-11-08 13:13:34,SearchHost.exe,0.0,51.23,f4:6a:dd:7b:03:0d
1,2025-11-08 13:13:34,msedgewebview2.exe,0.0,51.23,f4:6a:dd:7b:03:0d
1,2025-11-08 13:13:34,Code.exe,0.0,51.23,f4:6a:dd:7b:03:0d
1,2025-11-08 13:13:34,atieclxx.exe,0.0,51.23,f4:6a:dd:7b:03:0d
1,2025-11-08 13:13:34,msedgewebview2.exe,0.0,51.23,f4:6a:dd:7b:03:0d
1,2025-11-08 13:13:34,msedgewebview2.exe,0.0,51.23,f4:6a:dd:7b:03:0d
1,2025-11-08 13:13:34,chrome.exe,0.0,51.23,f4:6a:dd:7b:03:0d
1,2025-11-08 13:13:34,svchost.exe,0.0,51.23,f4:6a:dd:7b:03:0d
1,2025-11-08 13:13:34,FileCoAuth.exe,0.0,51.23,f4:6a:dd:7b:03:0d
1,2025-11-08 13:13:34,TextInputHost.exe,0.0,51.23,f4:6a:dd:7b:03:0d
1,2025-11-08 13:13:34,explorer.exe,0.7,51.23,f4:6a:dd:7b:03:0d
1,2025-11-08 13:13:34,Notion.exe,0.0,51.23,f4:6a:dd:7b:03:0d
1,2025-11-08 13:13:34,AppActions.exe,0.0,51.23,f4:6a:dd:7b:03:0d
1,2025-11-08 13:13:34,SecurityHealthSystray.exe,0.0,51.23,f4:6a:dd:7b:03:0d
1,2025-11-08 13:13:34,msedge.exe,0.0,51.23,f4:6a:dd:7b:03:0d
1,2025-11-08 13:13:34,Code.exe,0.0,51.23,f4:6a:dd:7b:03:0d
1,2025-11-08 13:13:34,StartMenuExperienceHost.exe,0.0,51.23,f4:6a:dd:7b:03:0d
1,2025-11-08 13:13:34,conhost.exe,0.0,51.23,f4:6a:dd:7b:03:0d
1,2025-11-08 13:13:34,dwm.exe,6.4,51.23,f4:6a:dd:7b:03:0d
1,2025-11-08 13:13:34,msedge.exe,0.0,51.23,f4:6a:dd:7b:03:0d
1,2025-11-08 13:13:34,msedgewebview2.exe,0.0,51.23,f4:6a:dd:7b:03:0d
1,2025-11-08 13:13:34,svchost.exe,0.0,51.23,f4:6a:dd:7b:03:0d
1,2025-11-08 13:13:34,ApplicationFrameHost.exe,0.0,51.23,f4:6a:dd:7b:03:0d
1,2025-11-08 13:13:34,RuntimeBroker.exe,0.0,51.23,f4:6a:dd:7b:03:0d
1,2025-11-08 13:13:34,Notion.exe,0.0,51.23,f4:6a:dd:7b:03:0d
1,2025-11-08 13:13:34,fontdrvhost.exe,0.0,51.23,f4:6a:dd:7b:03:0d
1,2025-11-08 13:13:34,RuntimeBroker.exe,0.0,51.23,f4:6a:dd:7b:03:0d
1,2025-11-08 13:13:34,svchost.exe,0.0,51.23,f4:6a:dd:7b:03:0d
1,2025-11-08 13:13:34,svchost.exe,0.0,51.23,f4:6a:dd:7b:03:0d
1,2025-11-08 13:13:34,Discord.exe,0.0,51.23,f4:6a:dd:7b:03:0d
1,2025-11-08 13:13:34,svchost.exe,0.0,51.23,f4:6a:dd:7b:03:0d
1,2025-11-08 13:13:34,idea64.exe,36.9,51.23,f4:6a:dd:7b:03:0d
1,2025-11-08 13:13:34,conhost.exe,0.0,51.23,f4:6a:dd:7b:03:0d
1,2025-11-08 13:13:34,msedgewebview2.exe,0.0,51.23,f4:6a:dd:7b:03:0d
1,2025-11-08 13:13:34,RuntimeBroker.exe,0.0,51.23,f4:6a:dd:7b:03:0d
1,2025-11-08 13:13:34,Discord.exe,0.0,51.23,f4:6a:dd:7b:03:0d
1,2025-11-08 13:13:34,CrossDeviceResume.exe,0.0,51.23,f4:6a:dd:7b:03:0d
1,2025-11-08 13:13:34,Code.exe,0.0,51.23,f4:6a:dd:7b:03:0d
1,2025-11-08 13:13:34,conhost.exe,0.0,51.23,f4:6a:dd:7b:03:0d
1,2025-11-08 13:13:34,bash.exe,1.4,51.23,f4:6a:dd:7b:03:0d
1,2025-11-08 13:13:34,chrome.exe,0.0,51.23,f4:6a:dd:7b:03:0d
1,2025-11-08 13:13:34,svchost.exe,0.0,51.23,f4:6a:dd:7b:03:0d
1,2025-11-08 13:13:34,pet.exe,0.0,51.23,f4:6a:dd:7b:03:0d
1,2025-11-08 13:13:34,bash.exe,0.0,51.23,f4:6a:dd:7b:03:0d
1,2025-11-08 13:13:34,conhost.exe,0.0,51.23,f4:6a:dd:7b:03:0d
1,2025-11-08 13:13:34,Code.exe,0.0,51.23,f4:6a:dd:7b:03:0d
1,2025-11-08 13:13:34,chrome.exe,2.1,51.23,f4:6a:dd:7b:03:0d
1,2025-11-08 13:13:34,svchost.exe,0.0,51.23,f4:6a:dd:7b:03:0d
1,2025-11-08 13:13:34,smartscreen.exe,0.0,51.23,f4:6a:dd:7b:03:0d
1,2025-11-08 13:13:34,unsecapp.exe,0.0,51.23,f4:6a:dd:7b:03:0d
1,2025-11-08 13:13:34,bash.exe,0.0,51.23,f4:6a:dd:7b:03:0d
1,2025-11-08 13:13:34,chrome.exe,0.0,51.23,f4:6a:dd:7b:03:0d
1,2025-11-08 13:13:34,python.exe,0.0,51.23,f4:6a:dd:7b:03:0d
1,2025-11-08 13:13:34,backgroundTaskHost.exe,0.0,51.23,f4:6a:dd:7b:03:0d
1,2025-11-08 13:13:34,chrome.exe,0.0,51.23,f4:6a:dd:7b:03:0d
id_empresa,datetime,processo,uso de cpu,uso de gpu,mac_address
1,2025-11-08 13:13:44,System Idle Process,328.6,63.03,f4:6a:dd:7b:03:0d
1,2025-11-08 13:13:44,System,23.5,63.03,f4:6a:dd:7b:03:0d
1,2025-11-08 13:13:44,,0.0,63.03,f4:6a:dd:7b:03:0d
1,2025-11-08 13:13:44,Registry,0.0,63.03,f4:6a:dd:7b:03:0d
1,2025-11-08 13:13:44,smss.exe,0.0,63.03,f4:6a:dd:7b:03:0d
1,2025-11-08 13:13:44,msedge.exe,0.0,63.03,f4:6a:dd:7b:03:0d
1,2025-11-08 13:13:44,svchost.exe,0.0,63.03,f4:6a:dd:7b:03:0d
1,2025-11-08 13:13:44,csrss.exe,0.0,63.03,f4:6a:dd:7b:03:0d
1,2025-11-08 13:13:44,svchost.exe,0.0,63.03,f4:6a:dd:7b:03:0d
1,2025-11-08 13:13:44,wininit.exe,0.0,63.03,f4:6a:dd:7b:03:0d
1,2025-11-08 13:13:44,svchost.exe,0.0,63.03,f4:6a:dd:7b:03:0d
1,2025-11-08 13:13:44,svchost.exe,0.0,63.03,f4:6a:dd:7b:03:0d
1,2025-11-08 13:13:44,services.exe,0.7,63.03,f4:6a:dd:7b:03:0d
1,2025-11-08 13:13:44,LsaIso.exe,0.0,63.03,f4:6a:dd:7b:03:0d
1,2025-11-08 13:13:44,lsass.exe,0.0,63.03,f4:6a:dd:7b:03:0d
1,2025-11-08 13:13:44,Code.exe,0.0,63.03,f4:6a:dd:7b:03:0d
1,2025-11-08 13:13:44,svchost.exe,0.0,63.03,f4:6a:dd:7b:03:0d
1,2025-11-08 13:13:44,fontdrvhost.exe,0.0,63.03,f4:6a:dd:7b:03:0d
1,2025-11-08 13:13:44,msedgewebview2.exe,0.0,63.03,f4:6a:dd:7b:03:0d
1,2025-11-08 13:13:44,svchost.exe,0.0,63.03,f4:6a:dd:7b:03:0d
1,2025-11-08 13:13:44,svchost.exe,0.0,63.03,f4:6a:dd:7b:03:0d
1,2025-11-08 13:13:44,WUDFHost.exe,0.0,63.03,f4:6a:dd:7b:03:0d
1,2025-11-08 13:13:44,svchost.exe,0.0,63.03,f4:6a:dd:7b:03:0d
1,2025-11-08 13:13:44,msedgewebview2.exe,0.0,63.03,f4:6a:dd:7b:03:0d
1,2025-11-08 13:13:44,AppProvisioningPlugin.exe,0.0,63.03,f4:6a:dd:7b:03:0d
1,2025-11-08 13:13:44,WUDFHost.exe,0.0,63.03,f4:6a:dd:7b:03:0d
1,2025-11-08 13:13:44,conhost.exe,0.0,63.03,f4:6a:dd:7b:03:0d
1,2025-11-08 13:13:44,OneDrive.exe,0.0,63.03,f4:6a:dd:7b:03:0d
1,2025-11-08 13:13:44,svchost.exe,0.0,63.03,f4:6a:dd:7b:03:0d
1,2025-11-08 13:13:44,svchost.exe,0.0,63.03,f4:6a:dd:7b:03:0d
1,2025-11-08 13:13:44,svchost.exe,0.0,63.03,f4:6a:dd:7b:03:0d
1,2025-11-08 13:13:44,svchost.exe,0.0,63.03,f4:6a:dd:7b:03:0d
1,2025-11-08 13:13:44,svchost.exe,0.0,63.03,f4:6a:dd:7b:03:0d
1,2025-11-08 13:13:44,svchost.exe,0.0,63.03,f4:6a:dd:7b:03:0d
1,2025-11-08 13:13:44,msedge.exe,0.0,63.03,f4:6a:dd:7b:03:0d
1,2025-11-08 13:13:44,svchost.exe,0.0,63.03,f4:6a:dd:7b:03:0d
1,2025-11-08 13:13:44,svchost.exe,0.0,63.03,f4:6a:dd:7b:03:0d
1,2025-11-08 13:13:44,svchost.exe,0.0,63.03,f4:6a:dd:7b:03:0d
1,2025-11-08 13:13:44,chrome.exe,0.0,63.03,f4:6a:dd:7b:03:0d
1,2025-11-08 13:13:44,svchost.exe,0.0,63.03,f4:6a:dd:7b:03:0d
1,2025-11-08 13:13:44,Discord.exe,0.0,63.03,f4:6a:dd:7b:03:0d
1,2025-11-08 13:13:44,svchost.exe,0.0,63.03,f4:6a:dd:7b:03:0d
1,2025-11-08 13:13:44,svchost.exe,0.0,63.03,f4:6a:dd:7b:03:0d
1,2025-11-08 13:13:44,svchost.exe,0.7,63.03,f4:6a:dd:7b:03:0d
1,2025-11-08 13:13:44,msedgewebview2.exe,0.0,63.03,f4:6a:dd:7b:03:0d
1,2025-11-08 13:13:44,msedgewebview2.exe,0.0,63.03,f4:6a:dd:7b:03:0d
1,2025-11-08 13:13:44,RuntimeBroker.exe,0.0,63.03,f4:6a:dd:7b:03:0d
1,2025-11-08 13:13:44,svchost.exe,0.0,63.03,f4:6a:dd:7b:03:0d
1,2025-11-08 13:13:44,svchost.exe,0.0,63.03,f4:6a:dd:7b:03:0d
1,2025-11-08 13:13:44,svchost.exe,0.0,63.03,f4:6a:dd:7b:03:0d
1,2025-11-08 13:13:44,svchost.exe,0.0,63.03,f4:6a:dd:7b:03:0d
1,2025-11-08 13:13:44,amdfendrsr.exe,0.0,63.03,f4:6a:dd:7b:03:0d
1,2025-11-08 13:13:44,svchost.exe,0.0,63.03,f4:6a:dd:7b:03:0d
1,2025-11-08 13:13:44,atiesrxx.exe,0.0,63.03,f4:6a:dd:7b:03:0d
1,2025-11-08 13:13:44,svchost.exe,0.0,63.03,f4:6a:dd:7b:03:0d
1,2025-11-08 13:13:44,svchost.exe,0.0,63.03,f4:6a:dd:7b:03:0d
1,2025-11-08 13:13:44,sihost.exe,0.0,63.03,f4:6a:dd:7b:03:0d
1,2025-11-08 13:13:44,svchost.exe,0.0,63.03,f4:6a:dd:7b:03:0d
1,2025-11-08 13:13:44,msedge.exe,0.0,63.03,f4:6a:dd:7b:03:0d
1,2025-11-08 13:13:44,svchost.exe,0.7,63.03,f4:6a:dd:7b:03:0d
1,2025-11-08 13:13:44,msedgewebview2.exe,0.0,63.03,f4:6a:dd:7b:03:0d
1,2025-11-08 13:13:44,msedge.exe,0.0,63.03,f4:6a:dd:7b:03:0d
1,2025-11-08 13:13:44,LockApp.exe,0.0,63.03,f4:6a:dd:7b:03:0d
1,2025-11-08 13:13:44,NisSrv.exe,0.0,63.03,f4:6a:dd:7b:03:0d
1,2025-11-08 13:13:44,svchost.exe,0.0,63.03,f4:6a:dd:7b:03:0d
1,2025-11-08 13:13:44,svchost.exe,0.0,63.03,f4:6a:dd:7b:03:0d
1,2025-11-08 13:13:44,svchost.exe,0.0,63.03,f4:6a:dd:7b:03:0d
1,2025-11-08 13:13:44,svchost.exe,0.0,63.03,f4:6a:dd:7b:03:0d
1,2025-11-08 13:13:44,svchost.exe,0.0,63.03,f4:6a:dd:7b:03:0d
1,2025-11-08 13:13:44,svchost.exe,0.0,63.03,f4:6a:dd:7b:03:0d
1,2025-11-08 13:13:44,MemCompression,6.3,63.03,f4:6a:dd:7b:03:0d
1,2025-11-08 13:13:44,svchost.exe,0.0,63.03,f4:6a:dd:7b:03:0d
1,2025-11-08 13:13:44,svchost.exe,0.0,63.03,f4:6a:dd:7b:03:0d
1,2025-11-08 13:13:44,svchost.exe,0.0,63.03,f4:6a:dd:7b:03:0d
1,2025-11-08 13:13:44,svchost.exe,0.0,63.03,f4:6a:dd:7b:03:0d
1,2025-11-08 13:13:44,svchost.exe,0.0,63.03,f4:6a:dd:7b:03:0d
1,2025-11-08 13:13:44,RuntimeBroker.exe,0.0,63.03,f4:6a:dd:7b:03:0d
1,2025-11-08 13:13:44,PhoneExperienceHost.exe,0.7,63.03,f4:6a:dd:7b:03:0d
1,2025-11-08 13:13:44,svchost.exe,0.0,63.03,f4:6a:dd:7b:03:0d
1,2025-11-08 13:13:44,svchost.exe,0.0,63.03,f4:6a:dd:7b:03:0d
1,2025-11-08 13:13:44,svchost.exe,0.0,63.03,f4:6a:dd:7b:03:0d
1,2025-11-08 13:13:44,svchost.exe,0.0,63.03,f4:6a:dd:7b:03:0d
1,2025-11-08 13:13:44,svchost.exe,0.7,63.03,f4:6a:dd:7b:03:0d
1,2025-11-08 13:13:44,svchost.exe,1.4,63.03,f4:6a:dd:7b:03:0d
1,2025-11-08 13:13:44,svchost.exe,0.0,63.03,f4:6a:dd:7b:03:0d
1,2025-11-08 13:13:44,OpenConsole.exe,0.0,63.03,f4:6a:dd:7b:03:0d
1,2025-11-08 13:13:44,audiodg.exe,6.3,63.03,f4:6a:dd:7b:03:0d
1,2025-11-08 13:13:44,svchost.exe,0.7,63.03,f4:6a:dd:7b:03:0d
1,2025-11-08 13:13:44,spoolsv.exe,0.0,63.03,f4:6a:dd:7b:03:0d
1,2025-11-08 13:13:44,svchost.exe,0.0,63.03,f4:6a:dd:7b:03:0d
1,2025-11-08 13:13:44,SearchIndexer.exe,0.0,63.03,f4:6a:dd:7b:03:0d
1,2025-11-08 13:13:44,NgcIso.exe,0.0,63.03,f4:6a:dd:7b:03:0d
1,2025-11-08 13:13:44,svchost.exe,0.7,63.03,f4:6a:dd:7b:03:0d
1,2025-11-08 13:13:44,svchost.exe,0.0,63.03,f4:6a:dd:7b:03:0d
1,2025-11-08 13:13:44,svchost.exe,0.0,63.03,f4:6a:dd:7b:03:0d
1,2025-11-08 13:13:44,LenovoUtilityService.exe,0.0,63.03,f4:6a:dd:7b:03:0d
1,2025-11-08 13:13:44,svchost.exe,0.0,63.03,f4:6a:dd:7b:03:0d
1,2025-11-08 13:13:44,svchost.exe,0.0,63.03,f4:6a:dd:7b:03:0d
1,2025-11-08 13:13:44,FMService64.exe,0.0,63.03,f4:6a:dd:7b:03:0d
1,2025-11-08 13:13:44,DAX3API.exe,0.0,63.03,f4:6a:dd:7b:03:0d
1,2025-11-08 13:13:44,svchost.exe,0.0,63.03,f4:6a:dd:7b:03:0d
1,2025-11-08 13:13:44,svchost.exe,0.0,63.03,f4:6a:dd:7b:03:0d
1,2025-11-08 13:13:44,svchost.exe,0.0,63.03,f4:6a:dd:7b:03:0d
1,2025-11-08 13:13:44,svchost.exe,0.0,63.03,f4:6a:dd:7b:03:0d
1,2025-11-08 13:13:44,LNBITSSvc.exe,0.0,63.03,f4:6a:dd:7b:03:0d
1,2025-11-08 13:13:44,Lenovo.Modern.ImController.exe,0.0,63.03,f4:6a:dd:7b:03:0d
1,2025-11-08 13:13:44,svchost.exe,0.0,63.03,f4:6a:dd:7b:03:0d
1,2025-11-08 13:13:44,MpDefenderCoreService.exe,0.0,63.03,f4:6a:dd:7b:03:0d
1,2025-11-08 13:13:44,RtkBtManServ.exe,0.0,63.03,f4:6a:dd:7b:03:0d
1,2025-11-08 13:13:44,svchost.exe,0.0,63.03,f4:6a:dd:7b:03:0d
1,2025-11-08 13:13:44,RtkAudUService64.exe,0.0,63.03,f4:6a:dd:7b:03:0d
1,2025-11-08 13:13:44,OfficeClickToRun.exe,0.0,63.03,f4:6a:dd:7b:03:0d
1,2025-11-08 13:13:44,svchost.exe,0.0,63.03,f4:6a:dd:7b:03:0d
1,2025-11-08 13:13:44,svchost.exe,0.0,63.03,f4:6a:dd:7b:03:0d
1,2025-11-08 13:13:44,UDClientService.exe,0.0,63.03,f4:6a:dd:7b:03:0d
1,2025-11-08 13:13:44,svchost.exe,0.0,63.03,f4:6a:dd:7b:03:0d
1,2025-11-08 13:13:44,mysqld.exe,0.0,63.03,f4:6a:dd:7b:03:0d
1,2025-11-08 13:13:44,MsMpEng.exe,2.8,63.03,f4:6a:dd:7b:03:0d
1,2025-11-08 13:13:44,svchost.exe,0.0,63.03,f4:6a:dd:7b:03:0d
1,2025-11-08 13:13:44,svchost.exe,11.0,63.03,f4:6a:dd:7b:03:0d
1,2025-11-08 13:13:44,wslservice.exe,0.0,63.03,f4:6a:dd:7b:03:0d
1,2025-11-08 13:13:44,msedgewebview2.exe,0.0,63.03,f4:6a:dd:7b:03:0d
1,2025-11-08 13:13:44,mysqld.exe,1.4,63.03,f4:6a:dd:7b:03:0d
1,2025-11-08 13:13:44,ShellExperienceHost.exe,0.0,63.03,f4:6a:dd:7b:03:0d
1,2025-11-08 13:13:44,WmiPrvSE.exe,0.0,63.03,f4:6a:dd:7b:03:0d
1,2025-11-08 13:13:44,conhost.exe,0.0,63.03,f4:6a:dd:7b:03:0d
1,2025-11-08 13:13:44,svchost.exe,0.7,63.03,f4:6a:dd:7b:03:0d
1,2025-11-08 13:13:44,msedge.exe,0.0,63.03,f4:6a:dd:7b:03:0d
1,2025-11-08 13:13:44,msedge.exe,0.0,63.03,f4:6a:dd:7b:03:0d
1,2025-11-08 13:13:44,msedge.exe,0.0,63.03,f4:6a:dd:7b:03:0d
1,2025-11-08 13:13:44,svchost.exe,0.0,63.03,f4:6a:dd:7b:03:0d
1,2025-11-08 13:13:44,unsecapp.exe,0.0,63.03,f4:6a:dd:7b:03:0d
1,2025-11-08 13:13:44,msedgewebview2.exe,0.0,63.03,f4:6a:dd:7b:03:0d
1,2025-11-08 13:13:44,DAX3API.exe,0.0,63.03,f4:6a:dd:7b:03:0d
1,2025-11-08 13:13:44,MSPCManagerService.exe,0.0,63.03,f4:6a:dd:7b:03:0d
1,2025-11-08 13:13:44,chrome.exe,0.0,63.03,f4:6a:dd:7b:03:0d
1,2025-11-08 13:13:44,svchost.exe,0.0,63.03,f4:6a:dd:7b:03:0d
1,2025-11-08 13:13:44,svchost.exe,0.0,63.03,f4:6a:dd:7b:03:0d
1,2025-11-08 13:13:44,svchost.exe,0.0,63.03,f4:6a:dd:7b:03:0d
1,2025-11-08 13:13:44,svchost.exe,0.0,63.03,f4:6a:dd:7b:03:0d
1,2025-11-08 13:13:44,svchost.exe,0.0,63.03,f4:6a:dd:7b:03:0d
1,2025-11-08 13:13:44,AggregatorHost.exe,0.0,63.03,f4:6a:dd:7b:03:0d
1,2025-11-08 13:13:44,svchost.exe,0.0,63.03,f4:6a:dd:7b:03:0d
1,2025-11-08 13:13:44,svchost.exe,0.0,63.03,f4:6a:dd:7b:03:0d
1,2025-11-08 13:13:44,msedgewebview2.exe,0.0,63.03,f4:6a:dd:7b:03:0d
1,2025-11-08 13:13:44,svchost.exe,0.0,63.03,f4:6a:dd:7b:03:0d
1,2025-11-08 13:13:44,svchost.exe,0.0,63.03,f4:6a:dd:7b:03:0d
1,2025-11-08 13:13:44,svchost.exe,0.0,63.03,f4:6a:dd:7b:03:0d
1,2025-11-08 13:13:44,chrome.exe,0.0,63.03,f4:6a:dd:7b:03:0d
1,2025-11-08 13:13:44,RtkAudUService64.exe,0.0,63.03,f4:6a:dd:7b:03:0d
1,2025-11-08 13:13:44,Code.exe,0.0,63.03,f4:6a:dd:7b:03:0d
1,2025-11-08 13:13:44,env.exe,0.0,63.03,f4:6a:dd:7b:03:0d
1,2025-11-08 13:13:44,svchost.exe,0.0,63.03,f4:6a:dd:7b:03:0d
1,2025-11-08 13:13:44,bash.exe,0.0,63.03,f4:6a:dd:7b:03:0d
1,2025-11-08 13:13:44,Code.exe,0.0,63.03,f4:6a:dd:7b:03:0d
1,2025-11-08 13:13:44,OneDrive.Sync.Service.exe,0.0,63.03,f4:6a:dd:7b:03:0d
1,2025-11-08 13:13:44,Notion.exe,0.0,63.03,f4:6a:dd:7b:03:0d
1,2025-11-08 13:13:44,Code.exe,0.0,63.03,f4:6a:dd:7b:03:0d
1,2025-11-08 13:13:44,svchost.exe,0.0,63.03,f4:6a:dd:7b:03:0d
1,2025-11-08 13:13:44,Notion.exe,0.0,63.03,f4:6a:dd:7b:03:0d
1,2025-11-08 13:13:44,OneDrive.exe,0.0,63.03,f4:6a:dd:7b:03:0d
1,2025-11-08 13:13:44,Code.exe,0.0,63.03,f4:6a:dd:7b:03:0d
1,2025-11-08 13:13:44,unsecapp.exe,0.0,63.03,f4:6a:dd:7b:03:0d
1,2025-11-08 13:13:44,Notion.exe,1.4,63.03,f4:6a:dd:7b:03:0d
1,2025-11-08 13:13:44,msedge.exe,0.0,63.03,f4:6a:dd:7b:03:0d
1,2025-11-08 13:13:44,MSPCManagerCore.exe,0.0,63.03,f4:6a:dd:7b:03:0d
1,2025-11-08 13:13:44,WidgetService.exe,0.0,63.03,f4:6a:dd:7b:03:0d
1,2025-11-08 13:13:44,WhatsApp.Root.exe,0.0,63.03,f4:6a:dd:7b:03:0d
1,2025-11-08 13:13:44,svchost.exe,0.0,63.03,f4:6a:dd:7b:03:0d
1,2025-11-08 13:13:44,svchost.exe,0.0,63.03,f4:6a:dd:7b:03:0d
1,2025-11-08 13:13:44,taskhostw.exe,0.0,63.03,f4:6a:dd:7b:03:0d
1,2025-11-08 13:13:44,FnHotkeyCapsLKNumLK.exe,0.0,63.03,f4:6a:dd:7b:03:0d
1,2025-11-08 13:13:44,MSPCManager.exe,1.4,63.03,f4:6a:dd:7b:03:0d
1,2025-11-08 13:13:44,Notion.exe,0.0,63.03,f4:6a:dd:7b:03:0d
1,2025-11-08 13:13:44,RuntimeBroker.exe,0.0,63.03,f4:6a:dd:7b:03:0d
1,2025-11-08 13:13:44,msedgewebview2.exe,0.0,63.03,f4:6a:dd:7b:03:0d
1,2025-11-08 13:13:44,msedgewebview2.exe,0.0,63.03,f4:6a:dd:7b:03:0d
1,2025-11-08 13:13:44,Code.exe,0.0,63.03,f4:6a:dd:7b:03:0d
1,2025-11-08 13:13:44,msedgewebview2.exe,0.0,63.03,f4:6a:dd:7b:03:0d
1,2025-11-08 13:13:44,msedgewebview2.exe,0.0,63.03,f4:6a:dd:7b:03:0d
1,2025-11-08 13:13:44,svchost.exe,0.0,63.03,f4:6a:dd:7b:03:0d
1,2025-11-08 13:13:44,svchost.exe,0.0,63.03,f4:6a:dd:7b:03:0d
1,2025-11-08 13:13:44,msedge.exe,0.0,63.03,f4:6a:dd:7b:03:0d
1,2025-11-08 13:13:44,msedgewebview2.exe,0.0,63.03,f4:6a:dd:7b:03:0d
1,2025-11-08 13:13:44,msedge.exe,0.0,63.03,f4:6a:dd:7b:03:0d
1,2025-11-08 13:13:44,python.exe,48.4,63.03,f4:6a:dd:7b:03:0d
1,2025-11-08 13:13:44,AutoModeDetect.exe,0.0,63.03,f4:6a:dd:7b:03:0d
1,2025-11-08 13:13:44,Discord.exe,38.8,63.03,f4:6a:dd:7b:03:0d
1,2025-11-08 13:13:44,ms-teams.exe,0.0,63.03,f4:6a:dd:7b:03:0d
1,2025-11-08 13:13:44,WmiPrvSE.exe,13.8,63.03,f4:6a:dd:7b:03:0d
1,2025-11-08 13:13:44,Widgets.exe,0.0,63.03,f4:6a:dd:7b:03:0d
1,2025-11-08 13:13:44,jetbrains-toolbox.exe,0.7,63.03,f4:6a:dd:7b:03:0d
1,2025-11-08 13:13:44,conhost.exe,0.0,63.03,f4:6a:dd:7b:03:0d
1,2025-11-08 13:13:44,Code.exe,0.0,63.03,f4:6a:dd:7b:03:0d
1,2025-11-08 13:13:44,svchost.exe,0.0,63.03,f4:6a:dd:7b:03:0d
1,2025-11-08 13:13:44,msedgewebview2.exe,0.0,63.03,f4:6a:dd:7b:03:0d
1,2025-11-08 13:13:44,RuntimeBroker.exe,0.0,63.03,f4:6a:dd:7b:03:0d
1,2025-11-08 13:13:44,Discord.exe,0.0,63.03,f4:6a:dd:7b:03:0d
1,2025-11-08 13:13:44,Taskmgr.exe,11.8,63.03,f4:6a:dd:7b:03:0d
1,2025-11-08 13:13:44,svchost.exe,6.3,63.03,f4:6a:dd:7b:03:0d
1,2025-11-08 13:13:44,msedgewebview2.exe,0.0,63.03,f4:6a:dd:7b:03:0d
1,2025-11-08 13:13:44,winlogon.exe,0.0,63.03,f4:6a:dd:7b:03:0d
1,2025-11-08 13:13:44,csrss.exe,1.4,63.03,f4:6a:dd:7b:03:0d
1,2025-11-08 13:13:44,Code.exe,0.0,63.03,f4:6a:dd:7b:03:0d
1,2025-11-08 13:13:44,Notion.exe,0.0,63.03,f4:6a:dd:7b:03:0d
1,2025-11-08 13:13:44,ShellHost.exe,0.7,63.03,f4:6a:dd:7b:03:0d
1,2025-11-08 13:13:44,RuntimeBroker.exe,0.7,63.03,f4:6a:dd:7b:03:0d
1,2025-11-08 13:13:44,svchost.exe,0.0,63.03,f4:6a:dd:7b:03:0d
1,2025-11-08 13:13:44,msedgewebview2.exe,0.0,63.03,f4:6a:dd:7b:03:0d
1,2025-11-08 13:13:44,SecurityHealthService.exe,0.0,63.03,f4:6a:dd:7b:03:0d
1,2025-11-08 13:13:44,chrome.exe,0.0,63.03,f4:6a:dd:7b:03:0d
1,2025-11-08 13:13:44,msedge.exe,0.0,63.03,f4:6a:dd:7b:03:0d
1,2025-11-08 13:13:44,powershell.exe,0.0,63.03,f4:6a:dd:7b:03:0d
1,2025-11-08 13:13:44,python.exe,0.0,63.03,f4:6a:dd:7b:03:0d
1,2025-11-08 13:13:44,FileSyncHelper.exe,0.0,63.03,f4:6a:dd:7b:03:0d
1,2025-11-08 13:13:44,msedgewebview2.exe,0.0,63.03,f4:6a:dd:7b:03:0d
1,2025-11-08 13:13:44,fsnotifier.exe,0.0,63.03,f4:6a:dd:7b:03:0d
1,2025-11-08 13:13:44,ctfmon.exe,0.0,63.03,f4:6a:dd:7b:03:0d
1,2025-11-08 13:13:44,Notion.exe,0.0,63.03,f4:6a:dd:7b:03:0d
1,2025-11-08 13:13:44,taskhostw.exe,0.0,63.03,f4:6a:dd:7b:03:0d
1,2025-11-08 13:13:44,svchost.exe,0.0,63.03,f4:6a:dd:7b:03:0d
1,2025-11-08 13:13:44,dllhost.exe,0.0,63.03,f4:6a:dd:7b:03:0d
1,2025-11-08 13:13:44,FnHotkeyUtility.exe,0.0,63.03,f4:6a:dd:7b:03:0d
1,2025-11-08 13:13:44,msedgewebview2.exe,0.0,63.03,f4:6a:dd:7b:03:0d
1,2025-11-08 13:13:44,chrome.exe,0.0,63.03,f4:6a:dd:7b:03:0d
1,2025-11-08 13:13:44,msedgewebview2.exe,0.0,63.03,f4:6a:dd:7b:03:0d
1,2025-11-08 13:13:44,ms-teams.exe,0.0,63.03,f4:6a:dd:7b:03:0d
1,2025-11-08 13:13:44,msedgewebview2.exe,0.0,63.03,f4:6a:dd:7b:03:0d
1,2025-11-08 13:13:44,UserOOBEBroker.exe,0.0,63.03,f4:6a:dd:7b:03:0d
1,2025-11-08 13:13:44,msedge.exe,0.0,63.03,f4:6a:dd:7b:03:0d
1,2025-11-08 13:13:44,Copilot.exe,0.0,63.03,f4:6a:dd:7b:03:0d
1,2025-11-08 13:13:44,Code.exe,0.0,63.03,f4:6a:dd:7b:03:0d
1,2025-11-08 13:13:44,conhost.exe,0.0,63.03,f4:6a:dd:7b:03:0d
1,2025-11-08 13:13:44,Discord.exe,0.0,63.03,f4:6a:dd:7b:03:0d
1,2025-11-08 13:13:44,msedgewebview2.exe,0.0,63.03,f4:6a:dd:7b:03:0d
1,2025-11-08 13:13:44,SearchHost.exe,0.0,63.03,f4:6a:dd:7b:03:0d
1,2025-11-08 13:13:44,msedgewebview2.exe,0.0,63.03,f4:6a:dd:7b:03:0d
1,2025-11-08 13:13:44,Code.exe,0.0,63.03,f4:6a:dd:7b:03:0d
1,2025-11-08 13:13:44,atieclxx.exe,0.7,63.03,f4:6a:dd:7b:03:0d
1,2025-11-08 13:13:44,msedgewebview2.exe,0.0,63.03,f4:6a:dd:7b:03:0d
1,2025-11-08 13:13:44,msedgewebview2.exe,0.0,63.03,f4:6a:dd:7b:03:0d
1,2025-11-08 13:13:44,chrome.exe,0.0,63.03,f4:6a:dd:7b:03:0d
1,2025-11-08 13:13:44,svchost.exe,0.0,63.03,f4:6a:dd:7b:03:0d
1,2025-11-08 13:13:44,FileCoAuth.exe,0.0,63.03,f4:6a:dd:7b:03:0d
1,2025-11-08 13:13:44,TextInputHost.exe,0.7,63.03,f4:6a:dd:7b:03:0d
1,2025-11-08 13:13:44,explorer.exe,1.4,63.03,f4:6a:dd:7b:03:0d
1,2025-11-08 13:13:44,Notion.exe,0.0,63.03,f4:6a:dd:7b:03:0d
1,2025-11-08 13:13:44,AppActions.exe,0.0,63.03,f4:6a:dd:7b:03:0d
1,2025-11-08 13:13:44,SecurityHealthSystray.exe,0.0,63.03,f4:6a:dd:7b:03:0d
1,2025-11-08 13:13:44,msedge.exe,0.0,63.03,f4:6a:dd:7b:03:0d
1,2025-11-08 13:13:44,Code.exe,0.0,63.03,f4:6a:dd:7b:03:0d
1,2025-11-08 13:13:44,StartMenuExperienceHost.exe,0.0,63.03,f4:6a:dd:7b:03:0d
1,2025-11-08 13:13:44,conhost.exe,0.0,63.03,f4:6a:dd:7b:03:0d
1,2025-11-08 13:13:44,dwm.exe,6.3,63.03,f4:6a:dd:7b:03:0d
1,2025-11-08 13:13:44,msedge.exe,0.0,63.03,f4:6a:dd:7b:03:0d
1,2025-11-08 13:13:44,msedgewebview2.exe,0.0,63.03,f4:6a:dd:7b:03:0d
1,2025-11-08 13:13:44,svchost.exe,0.0,63.03,f4:6a:dd:7b:03:0d
1,2025-11-08 13:13:44,ApplicationFrameHost.exe,0.0,63.03,f4:6a:dd:7b:03:0d
1,2025-11-08 13:13:44,RuntimeBroker.exe,0.0,63.03,f4:6a:dd:7b:03:0d
1,2025-11-08 13:13:44,Notion.exe,0.0,63.03,f4:6a:dd:7b:03:0d
1,2025-11-08 13:13:44,fontdrvhost.exe,0.0,63.03,f4:6a:dd:7b:03:0d
1,2025-11-08 13:13:44,RuntimeBroker.exe,0.0,63.03,f4:6a:dd:7b:03:0d
1,2025-11-08 13:13:44,svchost.exe,0.0,63.03,f4:6a:dd:7b:03:0d
1,2025-11-08 13:13:44,svchost.exe,0.0,63.03,f4:6a:dd:7b:03:0d
1,2025-11-08 13:13:44,Discord.exe,0.0,63.03,f4:6a:dd:7b:03:0d
1,2025-11-08 13:13:44,svchost.exe,0.0,63.03,f4:6a:dd:7b:03:0d
1,2025-11-08 13:13:44,idea64.exe,52.7,63.03,f4:6a:dd:7b:03:0d
1,2025-11-08 13:13:44,conhost.exe,2.1,63.03,f4:6a:dd:7b:03:0d
1,2025-11-08 13:13:44,msedgewebview2.exe,0.0,63.03,f4:6a:dd:7b:03:0d
1,2025-11-08 13:13:44,RuntimeBroker.exe,0.7,63.03,f4:6a:dd:7b:03:0d
1,2025-11-08 13:13:44,Discord.exe,2.8,63.03,f4:6a:dd:7b:03:0d
1,2025-11-08 13:13:44,CrossDeviceResume.exe,0.0,63.03,f4:6a:dd:7b:03:0d
1,2025-11-08 13:13:44,Code.exe,0.0,63.03,f4:6a:dd:7b:03:0d
1,2025-11-08 13:13:44,conhost.exe,0.0,63.03,f4:6a:dd:7b:03:0d
1,2025-11-08 13:13:44,bash.exe,4.2,63.03,f4:6a:dd:7b:03:0d
1,2025-11-08 13:13:44,chrome.exe,0.0,63.03,f4:6a:dd:7b:03:0d
1,2025-11-08 13:13:44,svchost.exe,0.0,63.03,f4:6a:dd:7b:03:0d
1,2025-11-08 13:13:44,pet.exe,0.0,63.03,f4:6a:dd:7b:03:0d
1,2025-11-08 13:13:44,bash.exe,0.0,63.03,f4:6a:dd:7b:03:0d
1,2025-11-08 13:13:44,conhost.exe,0.0,63.03,f4:6a:dd:7b:03:0d
1,2025-11-08 13:13:44,Code.exe,0.0,63.03,f4:6a:dd:7b:03:0d
1,2025-11-08 13:13:44,chrome.exe,0.7,63.03,f4:6a:dd:7b:03:0d
1,2025-11-08 13:13:44,svchost.exe,0.7,63.03,f4:6a:dd:7b:03:0d
1,2025-11-08 13:13:44,smartscreen.exe,0.0,63.03,f4:6a:dd:7b:03:0d
1,2025-11-08 13:13:44,unsecapp.exe,0.0,63.03,f4:6a:dd:7b:03:0d
1,2025-11-08 13:13:44,bash.exe,0.0,63.03,f4:6a:dd:7b:03:0d
1,2025-11-08 13:13:44,chrome.exe,0.0,63.03,f4:6a:dd:7b:03:0d
1,2025-11-08 13:13:44,python.exe,0.0,63.03,f4:6a:dd:7b:03:0d
1,2025-11-08 13:13:44,backgroundTaskHost.exe,0.0,63.03,f4:6a:dd:7b:03:0d
1,2025-11-08 13:13:44,chrome.exe,0.0,63.03,f4:6a:dd:7b:03:0d
id_empresa,datetime,processo,uso de cpu,uso de gpu,mac_address
1,2025-11-08 13:13:54,System Idle Process,172.5,35.06,f4:6a:dd:7b:03:0d
1,2025-11-08 13:13:54,System,65.9,35.06,f4:6a:dd:7b:03:0d
1,2025-11-08 13:13:54,,0.0,35.06,f4:6a:dd:7b:03:0d
1,2025-11-08 13:13:54,Registry,0.0,35.06,f4:6a:dd:7b:03:0d
1,2025-11-08 13:13:54,smss.exe,0.0,35.06,f4:6a:dd:7b:03:0d
1,2025-11-08 13:13:54,msedge.exe,0.0,35.06,f4:6a:dd:7b:03:0d
1,2025-11-08 13:13:54,svchost.exe,0.0,35.06,f4:6a:dd:7b:03:0d
1,2025-11-08 13:13:54,csrss.exe,0.0,35.06,f4:6a:dd:7b:03:0d
1,2025-11-08 13:13:54,svchost.exe,0.0,35.06,f4:6a:dd:7b:03:0d
1,2025-11-08 13:13:54,wininit.exe,0.0,35.06,f4:6a:dd:7b:03:0d
1,2025-11-08 13:13:54,svchost.exe,0.0,35.06,f4:6a:dd:7b:03:0d
1,2025-11-08 13:13:54,svchost.exe,0.0,35.06,f4:6a:dd:7b:03:0d
1,2025-11-08 13:13:54,services.exe,0.0,35.06,f4:6a:dd:7b:03:0d
1,2025-11-08 13:13:54,LsaIso.exe,0.0,35.06,f4:6a:dd:7b:03:0d
1,2025-11-08 13:13:54,lsass.exe,1.1,35.06,f4:6a:dd:7b:03:0d
1,2025-11-08 13:13:54,Code.exe,0.0,35.06,f4:6a:dd:7b:03:0d
1,2025-11-08 13:13:54,svchost.exe,5.4,35.06,f4:6a:dd:7b:03:0d
1,2025-11-08 13:13:54,fontdrvhost.exe,0.0,35.06,f4:6a:dd:7b:03:0d
1,2025-11-08 13:13:54,msedgewebview2.exe,0.0,35.06,f4:6a:dd:7b:03:0d
1,2025-11-08 13:13:54,svchost.exe,0.0,35.06,f4:6a:dd:7b:03:0d
1,2025-11-08 13:13:54,svchost.exe,0.0,35.06,f4:6a:dd:7b:03:0d
1,2025-11-08 13:13:54,WUDFHost.exe,0.0,35.06,f4:6a:dd:7b:03:0d
1,2025-11-08 13:13:54,svchost.exe,0.0,35.06,f4:6a:dd:7b:03:0d
1,2025-11-08 13:13:54,msedgewebview2.exe,0.0,35.06,f4:6a:dd:7b:03:0d
1,2025-11-08 13:13:54,AppProvisioningPlugin.exe,0.0,35.06,f4:6a:dd:7b:03:0d
1,2025-11-08 13:13:54,WUDFHost.exe,0.0,35.06,f4:6a:dd:7b:03:0d
1,2025-11-08 13:13:54,conhost.exe,0.0,35.06,f4:6a:dd:7b:03:0d
1,2025-11-08 13:13:54,OneDrive.exe,0.5,35.06,f4:6a:dd:7b:03:0d
1,2025-11-08 13:13:54,svchost.exe,0.0,35.06,f4:6a:dd:7b:03:0d
1,2025-11-08 13:13:54,svchost.exe,0.0,35.06,f4:6a:dd:7b:03:0d
1,2025-11-08 13:13:54,svchost.exe,0.0,35.06,f4:6a:dd:7b:03:0d
1,2025-11-08 13:13:54,svchost.exe,0.0,35.06,f4:6a:dd:7b:03:0d
1,2025-11-08 13:13:54,svchost.exe,0.0,35.06,f4:6a:dd:7b:03:0d
1,2025-11-08 13:13:54,svchost.exe,0.0,35.06,f4:6a:dd:7b:03:0d
1,2025-11-08 13:13:54,msedge.exe,0.0,35.06,f4:6a:dd:7b:03:0d
1,2025-11-08 13:13:54,svchost.exe,0.0,35.06,f4:6a:dd:7b:03:0d
1,2025-11-08 13:13:54,svchost.exe,0.0,35.06,f4:6a:dd:7b:03:0d
1,2025-11-08 13:13:54,svchost.exe,0.0,35.06,f4:6a:dd:7b:03:0d
1,2025-11-08 13:13:54,chrome.exe,0.0,35.06,f4:6a:dd:7b:03:0d
1,2025-11-08 13:13:54,svchost.exe,0.0,35.06,f4:6a:dd:7b:03:0d
1,2025-11-08 13:13:54,Discord.exe,0.5,35.06,f4:6a:dd:7b:03:0d
1,2025-11-08 13:13:54,svchost.exe,0.0,35.06,f4:6a:dd:7b:03:0d
1,2025-11-08 13:13:54,svchost.exe,0.0,35.06,f4:6a:dd:7b:03:0d
1,2025-11-08 13:13:54,svchost.exe,0.0,35.06,f4:6a:dd:7b:03:0d
1,2025-11-08 13:13:54,msedgewebview2.exe,0.0,35.06,f4:6a:dd:7b:03:0d
1,2025-11-08 13:13:54,msedgewebview2.exe,0.0,35.06,f4:6a:dd:7b:03:0d
1,2025-11-08 13:13:54,RuntimeBroker.exe,0.0,35.06,f4:6a:dd:7b:03:0d
1,2025-11-08 13:13:54,svchost.exe,0.0,35.06,f4:6a:dd:7b:03:0d
1,2025-11-08 13:13:54,svchost.exe,0.0,35.06,f4:6a:dd:7b:03:0d
1,2025-11-08 13:13:54,svchost.exe,0.0,35.06,f4:6a:dd:7b:03:0d
1,2025-11-08 13:13:54,svchost.exe,0.0,35.06,f4:6a:dd:7b:03:0d
1,2025-11-08 13:13:54,amdfendrsr.exe,0.0,35.06,f4:6a:dd:7b:03:0d
1,2025-11-08 13:13:54,svchost.exe,0.0,35.06,f4:6a:dd:7b:03:0d
1,2025-11-08 13:13:54,atiesrxx.exe,0.0,35.06,f4:6a:dd:7b:03:0d
1,2025-11-08 13:13:54,svchost.exe,0.0,35.06,f4:6a:dd:7b:03:0d
1,2025-11-08 13:13:54,svchost.exe,0.0,35.06,f4:6a:dd:7b:03:0d
1,2025-11-08 13:13:54,sihost.exe,0.0,35.06,f4:6a:dd:7b:03:0d
1,2025-11-08 13:13:54,svchost.exe,0.0,35.06,f4:6a:dd:7b:03:0d
1,2025-11-08 13:13:54,msedge.exe,0.0,35.06,f4:6a:dd:7b:03:0d
1,2025-11-08 13:13:54,svchost.exe,0.0,35.06,f4:6a:dd:7b:03:0d
1,2025-11-08 13:13:54,msedgewebview2.exe,0.0,35.06,f4:6a:dd:7b:03:0d
1,2025-11-08 13:13:54,msedge.exe,0.0,35.06,f4:6a:dd:7b:03:0d
1,2025-11-08 13:13:54,LockApp.exe,0.0,35.06,f4:6a:dd:7b:03:0d
1,2025-11-08 13:13:54,NisSrv.exe,0.0,35.06,f4:6a:dd:7b:03:0d
1,2025-11-08 13:13:54,svchost.exe,0.0,35.06,f4:6a:dd:7b:03:0d
1,2025-11-08 13:13:54,svchost.exe,0.0,35.06,f4:6a:dd:7b:03:0d
1,2025-11-08 13:13:54,svchost.exe,0.0,35.06,f4:6a:dd:7b:03:0d
1,2025-11-08 13:13:54,svchost.exe,0.0,35.06,f4:6a:dd:7b:03:0d
1,2025-11-08 13:13:54,svchost.exe,0.0,35.06,f4:6a:dd:7b:03:0d
1,2025-11-08 13:13:54,svchost.exe,0.0,35.06,f4:6a:dd:7b:03:0d
1,2025-11-08 13:13:54,MemCompression,8.3,35.06,f4:6a:dd:7b:03:0d
1,2025-11-08 13:13:54,svchost.exe,0.0,35.06,f4:6a:dd:7b:03:0d
1,2025-11-08 13:13:54,svchost.exe,0.0,35.06,f4:6a:dd:7b:03:0d
1,2025-11-08 13:13:54,svchost.exe,0.0,35.06,f4:6a:dd:7b:03:0d
1,2025-11-08 13:13:54,svchost.exe,0.0,35.06,f4:6a:dd:7b:03:0d
1,2025-11-08 13:13:54,svchost.exe,0.0,35.06,f4:6a:dd:7b:03:0d
1,2025-11-08 13:13:54,RuntimeBroker.exe,0.0,35.06,f4:6a:dd:7b:03:0d
1,2025-11-08 13:13:54,PhoneExperienceHost.exe,0.0,35.06,f4:6a:dd:7b:03:0d
1,2025-11-08 13:13:54,svchost.exe,0.0,35.06,f4:6a:dd:7b:03:0d
1,2025-11-08 13:13:54,svchost.exe,0.0,35.06,f4:6a:dd:7b:03:0d
1,2025-11-08 13:13:54,svchost.exe,0.0,35.06,f4:6a:dd:7b:03:0d
1,2025-11-08 13:13:54,svchost.exe,0.0,35.06,f4:6a:dd:7b:03:0d
1,2025-11-08 13:13:54,svchost.exe,0.0,35.06,f4:6a:dd:7b:03:0d
1,2025-11-08 13:13:54,svchost.exe,0.0,35.06,f4:6a:dd:7b:03:0d
1,2025-11-08 13:13:54,svchost.exe,0.0,35.06,f4:6a:dd:7b:03:0d
1,2025-11-08 13:13:54,OpenConsole.exe,0.0,35.06,f4:6a:dd:7b:03:0d
1,2025-11-08 13:13:54,audiodg.exe,9.0,35.06,f4:6a:dd:7b:03:0d
1,2025-11-08 13:13:54,svchost.exe,0.0,35.06,f4:6a:dd:7b:03:0d
1,2025-11-08 13:13:54,spoolsv.exe,0.0,35.06,f4:6a:dd:7b:03:0d
1,2025-11-08 13:13:54,svchost.exe,0.0,35.06,f4:6a:dd:7b:03:0d
1,2025-11-08 13:13:54,SearchIndexer.exe,0.0,35.06,f4:6a:dd:7b:03:0d
1,2025-11-08 13:13:54,NgcIso.exe,0.0,35.06,f4:6a:dd:7b:03:0d
1,2025-11-08 13:13:54,svchost.exe,0.0,35.06,f4:6a:dd:7b:03:0d
1,2025-11-08 13:13:54,svchost.exe,0.0,35.06,f4:6a:dd:7b:03:0d
1,2025-11-08 13:13:54,svchost.exe,0.0,35.06,f4:6a:dd:7b:03:0d
1,2025-11-08 13:13:54,LenovoUtilityService.exe,0.0,35.06,f4:6a:dd:7b:03:0d
1,2025-11-08 13:13:54,svchost.exe,0.0,35.06,f4:6a:dd:7b:03:0d
1,2025-11-08 13:13:54,svchost.exe,0.0,35.06,f4:6a:dd:7b:03:0d
1,2025-11-08 13:13:54,FMService64.exe,0.0,35.06,f4:6a:dd:7b:03:0d
1,2025-11-08 13:13:54,DAX3API.exe,0.0,35.06,f4:6a:dd:7b:03:0d
1,2025-11-08 13:13:54,svchost.exe,0.0,35.06,f4:6a:dd:7b:03:0d
1,2025-11-08 13:13:54,svchost.exe,2.5,35.06,f4:6a:dd:7b:03:0d
1,2025-11-08 13:13:54,svchost.exe,0.0,35.06,f4:6a:dd:7b:03:0d
1,2025-11-08 13:13:54,svchost.exe,0.0,35.06,f4:6a:dd:7b:03:0d
1,2025-11-08 13:13:54,LNBITSSvc.exe,0.8,35.06,f4:6a:dd:7b:03:0d
1,2025-11-08 13:13:54,Lenovo.Modern.ImController.exe,0.0,35.06,f4:6a:dd:7b:03:0d
1,2025-11-08 13:13:54,svchost.exe,0.0,35.06,f4:6a:dd:7b:03:0d
1,2025-11-08 13:13:54,MpDefenderCoreService.exe,0.0,35.06,f4:6a:dd:7b:03:0d
1,2025-11-08 13:13:54,RtkBtManServ.exe,0.0,35.06,f4:6a:dd:7b:03:0d
1,2025-11-08 13:13:54,svchost.exe,0.0,35.06,f4:6a:dd:7b:03:0d
1,2025-11-08 13:13:54,RtkAudUService64.exe,0.0,35.06,f4:6a:dd:7b:03:0d
1,2025-11-08 13:13:54,OfficeClickToRun.exe,0.0,35.06,f4:6a:dd:7b:03:0d
1,2025-11-08 13:13:54,svchost.exe,0.0,35.06,f4:6a:dd:7b:03:0d
1,2025-11-08 13:13:54,svchost.exe,0.0,35.06,f4:6a:dd:7b:03:0d
1,2025-11-08 13:13:54,UDClientService.exe,0.8,35.06,f4:6a:dd:7b:03:0d
1,2025-11-08 13:13:54,svchost.exe,0.0,35.06,f4:6a:dd:7b:03:0d
1,2025-11-08 13:13:54,mysqld.exe,0.0,35.06,f4:6a:dd:7b:03:0d
1,2025-11-08 13:13:54,MsMpEng.exe,2.9,35.06,f4:6a:dd:7b:03:0d
1,2025-11-08 13:13:54,svchost.exe,0.0,35.06,f4:6a:dd:7b:03:0d
1,2025-11-08 13:13:54,svchost.exe,12.1,35.06,f4:6a:dd:7b:03:0d
1,2025-11-08 13:13:54,wslservice.exe,0.0,35.06,f4:6a:dd:7b:03:0d
1,2025-11-08 13:13:54,msedgewebview2.exe,0.0,35.06,f4:6a:dd:7b:03:0d
1,2025-11-08 13:13:54,mysqld.exe,0.4,35.06,f4:6a:dd:7b:03:0d
1,2025-11-08 13:13:54,ShellExperienceHost.exe,0.0,35.06,f4:6a:dd:7b:03:0d
1,2025-11-08 13:13:54,WmiPrvSE.exe,0.0,35.06,f4:6a:dd:7b:03:0d
1,2025-11-08 13:13:54,conhost.exe,0.0,35.06,f4:6a:dd:7b:03:0d
1,2025-11-08 13:13:54,svchost.exe,0.0,35.06,f4:6a:dd:7b:03:0d
1,2025-11-08 13:13:54,msedge.exe,0.0,35.06,f4:6a:dd:7b:03:0d
1,2025-11-08 13:13:54,msedge.exe,0.0,35.06,f4:6a:dd:7b:03:0d
1,2025-11-08 13:13:54,msedge.exe,0.0,35.06,f4:6a:dd:7b:03:0d
1,2025-11-08 13:13:54,svchost.exe,0.0,35.06,f4:6a:dd:7b:03:0d
1,2025-11-08 13:13:54,unsecapp.exe,0.0,35.06,f4:6a:dd:7b:03:0d
1,2025-11-08 13:13:54,msedgewebview2.exe,0.0,35.06,f4:6a:dd:7b:03:0d
1,2025-11-08 13:13:54,DAX3API.exe,0.0,35.06,f4:6a:dd:7b:03:0d
1,2025-11-08 13:13:54,MSPCManagerService.exe,0.4,35.06,f4:6a:dd:7b:03:0d
1,2025-11-08 13:13:54,chrome.exe,0.0,35.06,f4:6a:dd:7b:03:0d
1,2025-11-08 13:13:54,svchost.exe,0.0,35.06,f4:6a:dd:7b:03:0d
1,2025-11-08 13:13:54,svchost.exe,0.0,35.06,f4:6a:dd:7b:03:0d
1,2025-11-08 13:13:54,svchost.exe,0.0,35.06,f4:6a:dd:7b:03:0d
1,2025-11-08 13:13:54,svchost.exe,0.0,35.06,f4:6a:dd:7b:03:0d
1,2025-11-08 13:13:54,svchost.exe,0.0,35.06,f4:6a:dd:7b:03:0d
1,2025-11-08 13:13:54,AggregatorHost.exe,0.0,35.06,f4:6a:dd:7b:03:0d
1,2025-11-08 13:13:54,svchost.exe,0.0,35.06,f4:6a:dd:7b:03:0d
1,2025-11-08 13:13:54,svchost.exe,0.0,35.06,f4:6a:dd:7b:03:0d
1,2025-11-08 13:13:54,msedgewebview2.exe,0.0,35.06,f4:6a:dd:7b:03:0d
1,2025-11-08 13:13:54,svchost.exe,0.0,35.06,f4:6a:dd:7b:03:0d
1,2025-11-08 13:13:54,svchost.exe,0.9,35.06,f4:6a:dd:7b:03:0d
1,2025-11-08 13:13:54,svchost.exe,0.0,35.06,f4:6a:dd:7b:03:0d
1,2025-11-08 13:13:54,chrome.exe,0.4,35.06,f4:6a:dd:7b:03:0d
1,2025-11-08 13:13:54,RtkAudUService64.exe,0.0,35.06,f4:6a:dd:7b:03:0d
1,2025-11-08 13:13:54,Code.exe,0.0,35.06,f4:6a:dd:7b:03:0d
1,2025-11-08 13:13:54,env.exe,0.0,35.06,f4:6a:dd:7b:03:0d
1,2025-11-08 13:13:54,svchost.exe,0.0,35.06,f4:6a:dd:7b:03:0d
1,2025-11-08 13:13:54,bash.exe,0.0,35.06,f4:6a:dd:7b:03:0d
1,2025-11-08 13:13:54,Code.exe,0.0,35.06,f4:6a:dd:7b:03:0d
1,2025-11-08 13:13:54,OneDrive.Sync.Service.exe,0.0,35.06,f4:6a:dd:7b:03:0d
1,2025-11-08 13:13:54,Notion.exe,3.9,35.06,f4:6a:dd:7b:03:0d
1,2025-11-08 13:13:54,Code.exe,0.0,35.06,f4:6a:dd:7b:03:0d
1,2025-11-08 13:13:54,svchost.exe,0.0,35.06,f4:6a:dd:7b:03:0d
1,2025-11-08 13:13:54,Notion.exe,0.0,35.06,f4:6a:dd:7b:03:0d
1,2025-11-08 13:13:54,OneDrive.exe,0.0,35.06,f4:6a:dd:7b:03:0d
1,2025-11-08 13:13:54,Code.exe,0.0,35.06,f4:6a:dd:7b:03:0d
1,2025-11-08 13:13:54,unsecapp.exe,0.0,35.06,f4:6a:dd:7b:03:0d
1,2025-11-08 13:13:54,Notion.exe,2.6,35.06,f4:6a:dd:7b:03:0d
1,2025-11-08 13:13:54,msedge.exe,0.0,35.06,f4:6a:dd:7b:03:0d
1,2025-11-08 13:13:54,MSPCManagerCore.exe,0.9,35.06,f4:6a:dd:7b:03:0d
1,2025-11-08 13:13:54,WidgetService.exe,0.0,35.06,f4:6a:dd:7b:03:0d
1,2025-11-08 13:13:54,WhatsApp.Root.exe,0.0,35.06,f4:6a:dd:7b:03:0d
1,2025-11-08 13:13:54,svchost.exe,0.0,35.06,f4:6a:dd:7b:03:0d
1,2025-11-08 13:13:54,svchost.exe,0.0,35.06,f4:6a:dd:7b:03:0d
1,2025-11-08 13:13:54,taskhostw.exe,0.0,35.06,f4:6a:dd:7b:03:0d
1,2025-11-08 13:13:54,FnHotkeyCapsLKNumLK.exe,0.0,35.06,f4:6a:dd:7b:03:0d
1,2025-11-08 13:13:54,MSPCManager.exe,0.4,35.06,f4:6a:dd:7b:03:0d
1,2025-11-08 13:13:54,Notion.exe,0.4,35.06,f4:6a:dd:7b:03:0d
1,2025-11-08 13:13:54,RuntimeBroker.exe,0.0,35.06,f4:6a:dd:7b:03:0d
1,2025-11-08 13:13:54,msedgewebview2.exe,0.0,35.06,f4:6a:dd:7b:03:0d
1,2025-11-08 13:13:54,msedgewebview2.exe,0.4,35.06,f4:6a:dd:7b:03:0d
1,2025-11-08 13:13:54,Code.exe,0.0,35.06,f4:6a:dd:7b:03:0d
1,2025-11-08 13:13:54,msedgewebview2.exe,0.0,35.06,f4:6a:dd:7b:03:0d
1,2025-11-08 13:13:54,msedgewebview2.exe,0.4,35.06,f4:6a:dd:7b:03:0d
1,2025-11-08 13:13:54,svchost.exe,0.4,35.06,f4:6a:dd:7b:03:0d
1,2025-11-08 13:13:54,svchost.exe,0.0,35.06,f4:6a:dd:7b:03:0d
1,2025-11-08 13:13:54,msedge.exe,0.0,35.06,f4:6a:dd:7b:03:0d
1,2025-11-08 13:13:54,msedgewebview2.exe,0.0,35.06,f4:6a:dd:7b:03:0d
1,2025-11-08 13:13:54,msedge.exe,0.4,35.06,f4:6a:dd:7b:03:0d
1,2025-11-08 13:13:54,python.exe,34.2,35.06,f4:6a:dd:7b:03:0d
1,2025-11-08 13:13:54,AutoModeDetect.exe,0.0,35.06,f4:6a:dd:7b:03:0d
1,2025-11-08 13:13:54,Discord.exe,27.7,35.06,f4:6a:dd:7b:03:0d
1,2025-11-08 13:13:54,ms-teams.exe,0.4,35.06,f4:6a:dd:7b:03:0d
1,2025-11-08 13:13:54,WmiPrvSE.exe,19.1,35.06,f4:6a:dd:7b:03:0d
1,2025-11-08 13:13:54,Widgets.exe,0.0,35.06,f4:6a:dd:7b:03:0d
1,2025-11-08 13:13:54,jetbrains-toolbox.exe,1.3,35.06,f4:6a:dd:7b:03:0d
1,2025-11-08 13:13:54,conhost.exe,0.0,35.06,f4:6a:dd:7b:03:0d
1,2025-11-08 13:13:54,Code.exe,0.0,35.06,f4:6a:dd:7b:03:0d
1,2025-11-08 13:13:54,svchost.exe,0.0,35.06,f4:6a:dd:7b:03:0d
1,2025-11-08 13:13:54,msedgewebview2.exe,0.0,35.06,f4:6a:dd:7b:03:0d
1,2025-11-08 13:13:54,RuntimeBroker.exe,0.0,35.06,f4:6a:dd:7b:03:0d
1,2025-11-08 13:13:54,Discord.exe,0.0,35.06,f4:6a:dd:7b:03:0d
1,2025-11-08 13:13:54,Taskmgr.exe,13.9,35.06,f4:6a:dd:7b:03:0d
1,2025-11-08 13:13:54,svchost.exe,0.0,35.06,f4:6a:dd:7b:03:0d
1,2025-11-08 13:13:54,msedgewebview2.exe,0.0,35.06,f4:6a:dd:7b:03:0d
1,2025-11-08 13:13:54,winlogon.exe,0.0,35.06,f4:6a:dd:7b:03:0d
1,2025-11-08 13:13:54,csrss.exe,1.3,35.06,f4:6a:dd:7b:03:0d
1,2025-11-08 13:13:54,Code.exe,0.0,35.06,f4:6a:dd:7b:03:0d
1,2025-11-08 13:13:54,Notion.exe,1.8,35.06,f4:6a:dd:7b:03:0d
1,2025-11-08 13:13:54,ShellHost.exe,0.0,35.06,f4:6a:dd:7b:03:0d
1,2025-11-08 13:13:54,RuntimeBroker.exe,0.0,35.06,f4:6a:dd:7b:03:0d
1,2025-11-08 13:13:54,svchost.exe,0.0,35.06,f4:6a:dd:7b:03:0d
1,2025-11-08 13:13:54,msedgewebview2.exe,0.0,35.06,f4:6a:dd:7b:03:0d
1,2025-11-08 13:13:54,SecurityHealthService.exe,0.0,35.06,f4:6a:dd:7b:03:0d
1,2025-11-08 13:13:54,chrome.exe,0.0,35.06,f4:6a:dd:7b:03:0d
1,2025-11-08 13:13:54,msedge.exe,0.0,35.06,f4:6a:dd:7b:03:0d
1,2025-11-08 13:13:54,powershell.exe,0.4,35.06,f4:6a:dd:7b:03:0d
1,2025-11-08 13:13:54,python.exe,0.0,35.06,f4:6a:dd:7b:03:0d
1,2025-11-08 13:13:54,FileSyncHelper.exe,0.0,35.06,f4:6a:dd:7b:03:0d
1,2025-11-08 13:13:54,msedgewebview2.exe,0.0,35.06,f4:6a:dd:7b:03:0d
1,2025-11-08 13:13:54,fsnotifier.exe,0.0,35.06,f4:6a:dd:7b:03:0d
1,2025-11-08 13:13:54,ctfmon.exe,0.0,35.06,f4:6a:dd:7b:03:0d
1,2025-11-08 13:13:54,Notion.exe,0.0,35.06,f4:6a:dd:7b:03:0d
1,2025-11-08 13:13:54,taskhostw.exe,0.0,35.06,f4:6a:dd:7b:03:0d
1,2025-11-08 13:13:54,svchost.exe,0.0,35.06,f4:6a:dd:7b:03:0d
1,2025-11-08 13:13:54,dllhost.exe,0.0,35.06,f4:6a:dd:7b:03:0d
1,2025-11-08 13:13:54,FnHotkeyUtility.exe,0.0,35.06,f4:6a:dd:7b:03:0d
1,2025-11-08 13:13:54,msedgewebview2.exe,0.0,35.06,f4:6a:dd:7b:03:0d
1,2025-11-08 13:13:54,chrome.exe,0.0,35.06,f4:6a:dd:7b:03:0d
1,2025-11-08 13:13:54,msedgewebview2.exe,0.0,35.06,f4:6a:dd:7b:03:0d
1,2025-11-08 13:13:54,ms-teams.exe,0.0,35.06,f4:6a:dd:7b:03:0d
1,2025-11-08 13:13:54,msedgewebview2.exe,0.0,35.06,f4:6a:dd:7b:03:0d
1,2025-11-08 13:13:54,UserOOBEBroker.exe,0.0,35.06,f4:6a:dd:7b:03:0d
1,2025-11-08 13:13:54,msedge.exe,0.0,35.06,f4:6a:dd:7b:03:0d
1,2025-11-08 13:13:54,Copilot.exe,0.0,35.06,f4:6a:dd:7b:03:0d
1,2025-11-08 13:13:54,Code.exe,0.0,35.06,f4:6a:dd:7b:03:0d
1,2025-11-08 13:13:54,conhost.exe,0.0,35.06,f4:6a:dd:7b:03:0d
1,2025-11-08 13:13:54,Discord.exe,0.0,35.06,f4:6a:dd:7b:03:0d
1,2025-11-08 13:13:54,msedgewebview2.exe,0.0,35.06,f4:6a:dd:7b:03:0d
1,2025-11-08 13:13:54,SearchHost.exe,0.0,35.06,f4:6a:dd:7b:03:0d
1,2025-11-08 13:13:54,msedgewebview2.exe,0.0,35.06,f4:6a:dd:7b:03:0d
1,2025-11-08 13:13:54,Code.exe,0.0,35.06,f4:6a:dd:7b:03:0d
1,2025-11-08 13:13:54,atieclxx.exe,0.0,35.06,f4:6a:dd:7b:03:0d
1,2025-11-08 13:13:54,msedgewebview2.exe,0.0,35.06,f4:6a:dd:7b:03:0d
1,2025-11-08 13:13:54,msedgewebview2.exe,0.9,35.06,f4:6a:dd:7b:03:0d
1,2025-11-08 13:13:54,chrome.exe,0.0,35.06,f4:6a:dd:7b:03:0d
1,2025-11-08 13:13:54,svchost.exe,0.0,35.06,f4:6a:dd:7b:03:0d
1,2025-11-08 13:13:54,FileCoAuth.exe,0.0,35.06,f4:6a:dd:7b:03:0d
1,2025-11-08 13:13:54,TextInputHost.exe,0.0,35.06,f4:6a:dd:7b:03:0d
1,2025-11-08 13:13:54,explorer.exe,0.0,35.06,f4:6a:dd:7b:03:0d
1,2025-11-08 13:13:54,Notion.exe,0.0,35.06,f4:6a:dd:7b:03:0d
1,2025-11-08 13:13:54,AppActions.exe,0.0,35.06,f4:6a:dd:7b:03:0d
1,2025-11-08 13:13:54,SecurityHealthSystray.exe,0.0,35.06,f4:6a:dd:7b:03:0d
1,2025-11-08 13:13:54,msedge.exe,0.0,35.06,f4:6a:dd:7b:03:0d
1,2025-11-08 13:13:54,Code.exe,0.0,35.06,f4:6a:dd:7b:03:0d
1,2025-11-08 13:13:54,StartMenuExperienceHost.exe,0.0,35.06,f4:6a:dd:7b:03:0d
1,2025-11-08 13:13:54,conhost.exe,0.0,35.06,f4:6a:dd:7b:03:0d
1,2025-11-08 13:13:54,dwm.exe,4.9,35.06,f4:6a:dd:7b:03:0d
1,2025-11-08 13:13:54,msedge.exe,0.0,35.06,f4:6a:dd:7b:03:0d
1,2025-11-08 13:13:54,msedgewebview2.exe,0.0,35.06,f4:6a:dd:7b:03:0d
1,2025-11-08 13:13:54,svchost.exe,0.0,35.06,f4:6a:dd:7b:03:0d
1,2025-11-08 13:13:54,ApplicationFrameHost.exe,0.0,35.06,f4:6a:dd:7b:03:0d
1,2025-11-08 13:13:54,RuntimeBroker.exe,0.0,35.06,f4:6a:dd:7b:03:0d
1,2025-11-08 13:13:54,Notion.exe,0.0,35.06,f4:6a:dd:7b:03:0d
1,2025-11-08 13:13:54,fontdrvhost.exe,0.0,35.06,f4:6a:dd:7b:03:0d
1,2025-11-08 13:13:54,RuntimeBroker.exe,0.0,35.06,f4:6a:dd:7b:03:0d
1,2025-11-08 13:13:54,svchost.exe,0.0,35.06,f4:6a:dd:7b:03:0d
1,2025-11-08 13:13:54,svchost.exe,0.0,35.06,f4:6a:dd:7b:03:0d
1,2025-11-08 13:13:54,Discord.exe,0.0,35.06,f4:6a:dd:7b:03:0d
1,2025-11-08 13:13:54,svchost.exe,0.0,35.06,f4:6a:dd:7b:03:0d
1,2025-11-08 13:13:54,idea64.exe,254.6,35.06,f4:6a:dd:7b:03:0d
1,2025-11-08 13:13:54,conhost.exe,0.0,35.06,f4:6a:dd:7b:03:0d
1,2025-11-08 13:13:54,msedgewebview2.exe,0.0,35.06,f4:6a:dd:7b:03:0d
1,2025-11-08 13:13:54,RuntimeBroker.exe,0.0,35.06,f4:6a:dd:7b:03:0d
1,2025-11-08 13:13:54,Discord.exe,2.2,35.06,f4:6a:dd:7b:03:0d
1,2025-11-08 13:13:54,CrossDeviceResume.exe,0.0,35.06,f4:6a:dd:7b:03:0d
1,2025-11-08 13:13:54,Code.exe,0.9,35.06,f4:6a:dd:7b:03:0d
1,2025-11-08 13:13:54,conhost.exe,0.0,35.06,f4:6a:dd:7b:03:0d
1,2025-11-08 13:13:54,bash.exe,1.3,35.06,f4:6a:dd:7b:03:0d
1,2025-11-08 13:13:54,chrome.exe,0.0,35.06,f4:6a:dd:7b:03:0d
1,2025-11-08 13:13:54,svchost.exe,0.0,35.06,f4:6a:dd:7b:03:0d
1,2025-11-08 13:13:54,pet.exe,0.0,35.06,f4:6a:dd:7b:03:0d
1,2025-11-08 13:13:54,bash.exe,0.0,35.06,f4:6a:dd:7b:03:0d
1,2025-11-08 13:13:54,conhost.exe,0.0,35.06,f4:6a:dd:7b:03:0d
1,2025-11-08 13:13:54,Code.exe,0.0,35.06,f4:6a:dd:7b:03:0d
1,2025-11-08 13:13:54,chrome.exe,0.0,35.06,f4:6a:dd:7b:03:0d
1,2025-11-08 13:13:54,svchost.exe,0.0,35.06,f4:6a:dd:7b:03:0d
1,2025-11-08 13:13:54,smartscreen.exe,0.0,35.06,f4:6a:dd:7b:03:0d
1,2025-11-08 13:13:54,unsecapp.exe,0.0,35.06,f4:6a:dd:7b:03:0d
1,2025-11-08 13:13:54,bash.exe,0.0,35.06,f4:6a:dd:7b:03:0d
1,2025-11-08 13:13:54,chrome.exe,0.0,35.06,f4:6a:dd:7b:03:0d
1,2025-11-08 13:13:54,python.exe,0.0,35.06,f4:6a:dd:7b:03:0d
1,2025-11-08 13:13:54,backgroundTaskHost.exe,0.0,35.06,f4:6a:dd:7b:03:0d
1,2025-11-08 13:13:54,chrome.exe,0.0,35.06,f4:6a:dd:7b:03:0d
id_empresa,datetime,processo,uso de cpu,uso de gpu,mac_address
1,2025-11-08 13:14:09,System Idle Process,21.1,91.6,f4:6a:dd:7b:03:0d
1,2025-11-08 13:14:09,System,99.5,91.6,f4:6a:dd:7b:03:0d
1,2025-11-08 13:14:09,,0.0,91.6,f4:6a:dd:7b:03:0d
1,2025-11-08 13:14:09,Registry,0.0,91.6,f4:6a:dd:7b:03:0d
1,2025-11-08 13:14:09,smss.exe,0.0,91.6,f4:6a:dd:7b:03:0d
1,2025-11-08 13:14:09,msedge.exe,0.0,91.6,f4:6a:dd:7b:03:0d
1,2025-11-08 13:14:09,svchost.exe,0.0,91.6,f4:6a:dd:7b:03:0d
1,2025-11-08 13:14:09,csrss.exe,0.0,91.6,f4:6a:dd:7b:03:0d
1,2025-11-08 13:14:09,svchost.exe,0.0,91.6,f4:6a:dd:7b:03:0d
1,2025-11-08 13:14:09,wininit.exe,0.0,91.6,f4:6a:dd:7b:03:0d
1,2025-11-08 13:14:09,svchost.exe,0.0,91.6,f4:6a:dd:7b:03:0d
1,2025-11-08 13:14:09,svchost.exe,0.0,91.6,f4:6a:dd:7b:03:0d
1,2025-11-08 13:14:09,services.exe,0.0,91.6,f4:6a:dd:7b:03:0d
1,2025-11-08 13:14:09,LsaIso.exe,0.0,91.6,f4:6a:dd:7b:03:0d
1,2025-11-08 13:14:09,lsass.exe,0.8,91.6,f4:6a:dd:7b:03:0d
1,2025-11-08 13:14:09,Code.exe,6.1,91.6,f4:6a:dd:7b:03:0d
1,2025-11-08 13:14:09,svchost.exe,0.0,91.6,f4:6a:dd:7b:03:0d
1,2025-11-08 13:14:09,fontdrvhost.exe,0.0,91.6,f4:6a:dd:7b:03:0d
1,2025-11-08 13:14:09,msedgewebview2.exe,0.0,91.6,f4:6a:dd:7b:03:0d
1,2025-11-08 13:14:09,svchost.exe,0.0,91.6,f4:6a:dd:7b:03:0d
1,2025-11-08 13:14:09,svchost.exe,0.0,91.6,f4:6a:dd:7b:03:0d
1,2025-11-08 13:14:09,WUDFHost.exe,0.0,91.6,f4:6a:dd:7b:03:0d
1,2025-11-08 13:14:09,svchost.exe,0.0,91.6,f4:6a:dd:7b:03:0d
1,2025-11-08 13:14:09,msedgewebview2.exe,0.0,91.6,f4:6a:dd:7b:03:0d
1,2025-11-08 13:14:09,AppProvisioningPlugin.exe,0.0,91.6,f4:6a:dd:7b:03:0d
1,2025-11-08 13:14:09,WUDFHost.exe,0.0,91.6,f4:6a:dd:7b:03:0d
1,2025-11-08 13:14:09,conhost.exe,0.0,91.6,f4:6a:dd:7b:03:0d
1,2025-11-08 13:14:09,OneDrive.exe,0.4,91.6,f4:6a:dd:7b:03:0d
1,2025-11-08 13:14:09,svchost.exe,0.0,91.6,f4:6a:dd:7b:03:0d
1,2025-11-08 13:14:09,svchost.exe,0.0,91.6,f4:6a:dd:7b:03:0d
1,2025-11-08 13:14:09,svchost.exe,0.0,91.6,f4:6a:dd:7b:03:0d
1,2025-11-08 13:14:09,svchost.exe,0.0,91.6,f4:6a:dd:7b:03:0d
1,2025-11-08 13:14:09,svchost.exe,0.0,91.6,f4:6a:dd:7b:03:0d
1,2025-11-08 13:14:09,svchost.exe,0.0,91.6,f4:6a:dd:7b:03:0d
1,2025-11-08 13:14:09,msedge.exe,0.0,91.6,f4:6a:dd:7b:03:0d
1,2025-11-08 13:14:09,svchost.exe,0.0,91.6,f4:6a:dd:7b:03:0d
1,2025-11-08 13:14:09,svchost.exe,0.0,91.6,f4:6a:dd:7b:03:0d
1,2025-11-08 13:14:09,svchost.exe,0.0,91.6,f4:6a:dd:7b:03:0d
1,2025-11-08 13:14:09,chrome.exe,0.0,91.6,f4:6a:dd:7b:03:0d
1,2025-11-08 13:14:09,svchost.exe,0.4,91.6,f4:6a:dd:7b:03:0d
1,2025-11-08 13:14:09,Discord.exe,0.4,91.6,f4:6a:dd:7b:03:0d
1,2025-11-08 13:14:09,svchost.exe,0.0,91.6,f4:6a:dd:7b:03:0d
1,2025-11-08 13:14:09,svchost.exe,0.0,91.6,f4:6a:dd:7b:03:0d
1,2025-11-08 13:14:09,svchost.exe,0.0,91.6,f4:6a:dd:7b:03:0d
1,2025-11-08 13:14:09,msedgewebview2.exe,0.0,91.6,f4:6a:dd:7b:03:0d
1,2025-11-08 13:14:09,msedgewebview2.exe,0.4,91.6,f4:6a:dd:7b:03:0d
1,2025-11-08 13:14:09,RuntimeBroker.exe,0.0,91.6,f4:6a:dd:7b:03:0d
1,2025-11-08 13:14:09,svchost.exe,0.0,91.6,f4:6a:dd:7b:03:0d
1,2025-11-08 13:14:09,svchost.exe,0.0,91.6,f4:6a:dd:7b:03:0d
1,2025-11-08 13:14:09,svchost.exe,0.0,91.6,f4:6a:dd:7b:03:0d
1,2025-11-08 13:14:09,svchost.exe,0.0,91.6,f4:6a:dd:7b:03:0d
1,2025-11-08 13:14:09,amdfendrsr.exe,0.0,91.6,f4:6a:dd:7b:03:0d
1,2025-11-08 13:14:09,svchost.exe,0.0,91.6,f4:6a:dd:7b:03:0d
1,2025-11-08 13:14:09,atiesrxx.exe,0.0,91.6,f4:6a:dd:7b:03:0d
1,2025-11-08 13:14:09,svchost.exe,0.0,91.6,f4:6a:dd:7b:03:0d
1,2025-11-08 13:14:09,svchost.exe,0.0,91.6,f4:6a:dd:7b:03:0d
1,2025-11-08 13:14:09,sihost.exe,0.0,91.6,f4:6a:dd:7b:03:0d
1,2025-11-08 13:14:09,svchost.exe,0.0,91.6,f4:6a:dd:7b:03:0d
1,2025-11-08 13:14:09,msedge.exe,0.0,91.6,f4:6a:dd:7b:03:0d
1,2025-11-08 13:14:09,svchost.exe,0.0,91.6,f4:6a:dd:7b:03:0d
1,2025-11-08 13:14:09,msedgewebview2.exe,0.4,91.6,f4:6a:dd:7b:03:0d
1,2025-11-08 13:14:09,msedge.exe,0.0,91.6,f4:6a:dd:7b:03:0d
1,2025-11-08 13:14:09,LockApp.exe,0.0,91.6,f4:6a:dd:7b:03:0d
1,2025-11-08 13:14:09,NisSrv.exe,0.0,91.6,f4:6a:dd:7b:03:0d
1,2025-11-08 13:14:09,svchost.exe,0.0,91.6,f4:6a:dd:7b:03:0d
1,2025-11-08 13:14:09,svchost.exe,0.0,91.6,f4:6a:dd:7b:03:0d
1,2025-11-08 13:14:09,svchost.exe,0.0,91.6,f4:6a:dd:7b:03:0d
1,2025-11-08 13:14:09,svchost.exe,0.0,91.6,f4:6a:dd:7b:03:0d
1,2025-11-08 13:14:09,svchost.exe,0.0,91.6,f4:6a:dd:7b:03:0d
1,2025-11-08 13:14:09,svchost.exe,0.0,91.6,f4:6a:dd:7b:03:0d
1,2025-11-08 13:14:09,MemCompression,69.8,91.6,f4:6a:dd:7b:03:0d
1,2025-11-08 13:14:09,svchost.exe,0.0,91.6,f4:6a:dd:7b:03:0d
1,2025-11-08 13:14:09,svchost.exe,0.0,91.6,f4:6a:dd:7b:03:0d
1,2025-11-08 13:14:09,svchost.exe,0.4,91.6,f4:6a:dd:7b:03:0d
1,2025-11-08 13:14:09,svchost.exe,0.4,91.6,f4:6a:dd:7b:03:0d
1,2025-11-08 13:14:09,svchost.exe,0.0,91.6,f4:6a:dd:7b:03:0d
1,2025-11-08 13:14:09,RuntimeBroker.exe,0.0,91.6,f4:6a:dd:7b:03:0d
1,2025-11-08 13:14:09,PhoneExperienceHost.exe,0.0,91.6,f4:6a:dd:7b:03:0d
1,2025-11-08 13:14:09,svchost.exe,0.0,91.6,f4:6a:dd:7b:03:0d
1,2025-11-08 13:14:09,svchost.exe,2.4,91.6,f4:6a:dd:7b:03:0d
1,2025-11-08 13:14:09,svchost.exe,0.0,91.6,f4:6a:dd:7b:03:0d
1,2025-11-08 13:14:09,svchost.exe,0.0,91.6,f4:6a:dd:7b:03:0d
1,2025-11-08 13:14:09,svchost.exe,0.0,91.6,f4:6a:dd:7b:03:0d
1,2025-11-08 13:14:09,svchost.exe,0.0,91.6,f4:6a:dd:7b:03:0d
1,2025-11-08 13:14:09,svchost.exe,0.0,91.6,f4:6a:dd:7b:03:0d
1,2025-11-08 13:14:09,OpenConsole.exe,0.0,91.6,f4:6a:dd:7b:03:0d
1,2025-11-08 13:14:09,audiodg.exe,6.0,91.6,f4:6a:dd:7b:03:0d
1,2025-11-08 13:14:09,svchost.exe,0.0,91.6,f4:6a:dd:7b:03:0d
1,2025-11-08 13:14:09,spoolsv.exe,0.0,91.6,f4:6a:dd:7b:03:0d
1,2025-11-08 13:14:09,svchost.exe,0.0,91.6,f4:6a:dd:7b:03:0d
1,2025-11-08 13:14:09,SearchIndexer.exe,0.0,91.6,f4:6a:dd:7b:03:0d
1,2025-11-08 13:14:09,NgcIso.exe,0.0,91.6,f4:6a:dd:7b:03:0d
1,2025-11-08 13:14:09,svchost.exe,0.0,91.6,f4:6a:dd:7b:03:0d
1,2025-11-08 13:14:09,svchost.exe,0.0,91.6,f4:6a:dd:7b:03:0d
1,2025-11-08 13:14:09,svchost.exe,0.0,91.6,f4:6a:dd:7b:03:0d
1,2025-11-08 13:14:09,LenovoUtilityService.exe,2.4,91.6,f4:6a:dd:7b:03:0d
1,2025-11-08 13:14:09,svchost.exe,0.0,91.6,f4:6a:dd:7b:03:0d
1,2025-11-08 13:14:09,svchost.exe,0.0,91.6,f4:6a:dd:7b:03:0d
1,2025-11-08 13:14:09,FMService64.exe,0.8,91.6,f4:6a:dd:7b:03:0d
1,2025-11-08 13:14:09,DAX3API.exe,0.8,91.6,f4:6a:dd:7b:03:0d
1,2025-11-08 13:14:09,svchost.exe,0.0,91.6,f4:6a:dd:7b:03:0d
1,2025-11-08 13:14:09,svchost.exe,0.0,91.6,f4:6a:dd:7b:03:0d
1,2025-11-08 13:14:09,svchost.exe,0.0,91.6,f4:6a:dd:7b:03:0d
1,2025-11-08 13:14:09,svchost.exe,0.0,91.6,f4:6a:dd:7b:03:0d
1,2025-11-08 13:14:09,LNBITSSvc.exe,0.8,91.6,f4:6a:dd:7b:03:0d
1,2025-11-08 13:14:09,Lenovo.Modern.ImController.exe,0.0,91.6,f4:6a:dd:7b:03:0d
1,2025-11-08 13:14:09,svchost.exe,0.0,91.6,f4:6a:dd:7b:03:0d
1,2025-11-08 13:14:09,MpDefenderCoreService.exe,0.0,91.6,f4:6a:dd:7b:03:0d
1,2025-11-08 13:14:09,RtkBtManServ.exe,0.0,91.6,f4:6a:dd:7b:03:0d
1,2025-11-08 13:14:09,svchost.exe,0.0,91.6,f4:6a:dd:7b:03:0d
1,2025-11-08 13:14:09,RtkAudUService64.exe,0.5,91.6,f4:6a:dd:7b:03:0d
1,2025-11-08 13:14:09,OfficeClickToRun.exe,0.0,91.6,f4:6a:dd:7b:03:0d
1,2025-11-08 13:14:09,svchost.exe,0.0,91.6,f4:6a:dd:7b:03:0d
1,2025-11-08 13:14:09,svchost.exe,0.0,91.6,f4:6a:dd:7b:03:0d
1,2025-11-08 13:14:09,UDClientService.exe,1.0,91.6,f4:6a:dd:7b:03:0d
1,2025-11-08 13:14:09,svchost.exe,0.0,91.6,f4:6a:dd:7b:03:0d
1,2025-11-08 13:14:09,mysqld.exe,0.0,91.6,f4:6a:dd:7b:03:0d
1,2025-11-08 13:14:09,MsMpEng.exe,14.7,91.6,f4:6a:dd:7b:03:0d
1,2025-11-08 13:14:09,svchost.exe,0.0,91.6,f4:6a:dd:7b:03:0d
1,2025-11-08 13:14:09,svchost.exe,11.6,91.6,f4:6a:dd:7b:03:0d
1,2025-11-08 13:14:09,wslservice.exe,0.0,91.6,f4:6a:dd:7b:03:0d
1,2025-11-08 13:14:09,msedgewebview2.exe,0.0,91.6,f4:6a:dd:7b:03:0d
1,2025-11-08 13:14:09,mysqld.exe,0.5,91.6,f4:6a:dd:7b:03:0d
1,2025-11-08 13:14:09,ShellExperienceHost.exe,0.0,91.6,f4:6a:dd:7b:03:0d
1,2025-11-08 13:14:09,WmiPrvSE.exe,1.6,91.6,f4:6a:dd:7b:03:0d
1,2025-11-08 13:14:09,conhost.exe,0.0,91.6,f4:6a:dd:7b:03:0d
1,2025-11-08 13:14:09,svchost.exe,0.0,91.6,f4:6a:dd:7b:03:0d
1,2025-11-08 13:14:09,msedge.exe,0.0,91.6,f4:6a:dd:7b:03:0d
1,2025-11-08 13:14:09,msedge.exe,0.5,91.6,f4:6a:dd:7b:03:0d
1,2025-11-08 13:14:09,msedge.exe,12.4,91.6,f4:6a:dd:7b:03:0d
1,2025-11-08 13:14:09,svchost.exe,0.0,91.6,f4:6a:dd:7b:03:0d
1,2025-11-08 13:14:09,unsecapp.exe,0.0,91.6,f4:6a:dd:7b:03:0d
1,2025-11-08 13:14:09,msedgewebview2.exe,0.0,91.6,f4:6a:dd:7b:03:0d
1,2025-11-08 13:14:09,DAX3API.exe,1.1,91.6,f4:6a:dd:7b:03:0d
1,2025-11-08 13:14:09,MSPCManagerService.exe,0.0,91.6,f4:6a:dd:7b:03:0d
1,2025-11-08 13:14:09,chrome.exe,0.0,91.6,f4:6a:dd:7b:03:0d
1,2025-11-08 13:14:09,svchost.exe,0.0,91.6,f4:6a:dd:7b:03:0d
1,2025-11-08 13:14:09,svchost.exe,0.0,91.6,f4:6a:dd:7b:03:0d
1,2025-11-08 13:14:09,svchost.exe,0.0,91.6,f4:6a:dd:7b:03:0d
1,2025-11-08 13:14:09,svchost.exe,0.0,91.6,f4:6a:dd:7b:03:0d
1,2025-11-08 13:14:09,svchost.exe,0.0,91.6,f4:6a:dd:7b:03:0d
1,2025-11-08 13:14:09,AggregatorHost.exe,0.0,91.6,f4:6a:dd:7b:03:0d
1,2025-11-08 13:14:09,svchost.exe,0.0,91.6,f4:6a:dd:7b:03:0d
1,2025-11-08 13:14:09,svchost.exe,0.0,91.6,f4:6a:dd:7b:03:0d
1,2025-11-08 13:14:09,msedgewebview2.exe,0.0,91.6,f4:6a:dd:7b:03:0d
1,2025-11-08 13:14:09,svchost.exe,0.0,91.6,f4:6a:dd:7b:03:0d
1,2025-11-08 13:14:09,svchost.exe,0.0,91.6,f4:6a:dd:7b:03:0d
1,2025-11-08 13:14:09,svchost.exe,0.0,91.6,f4:6a:dd:7b:03:0d
1,2025-11-08 13:14:09,chrome.exe,0.0,91.6,f4:6a:dd:7b:03:0d
1,2025-11-08 13:14:09,RtkAudUService64.exe,1.1,91.6,f4:6a:dd:7b:03:0d
1,2025-11-08 13:14:09,Code.exe,0.0,91.6,f4:6a:dd:7b:03:0d
1,2025-11-08 13:14:09,env.exe,0.0,91.6,f4:6a:dd:7b:03:0d
1,2025-11-08 13:14:09,svchost.exe,1.1,91.6,f4:6a:dd:7b:03:0d
1,2025-11-08 13:14:09,bash.exe,0.0,91.6,f4:6a:dd:7b:03:0d
1,2025-11-08 13:14:09,Code.exe,19.0,91.6,f4:6a:dd:7b:03:0d
1,2025-11-08 13:14:09,OneDrive.Sync.Service.exe,1.6,91.6,f4:6a:dd:7b:03:0d
1,2025-11-08 13:14:09,Notion.exe,0.0,91.6,f4:6a:dd:7b:03:0d
1,2025-11-08 13:14:09,Code.exe,0.0,91.6,f4:6a:dd:7b:03:0d
1,2025-11-08 13:14:09,svchost.exe,0.0,91.6,f4:6a:dd:7b:03:0d
1,2025-11-08 13:14:09,Notion.exe,0.0,91.6,f4:6a:dd:7b:03:0d
1,2025-11-08 13:14:09,OneDrive.exe,34.8,91.6,f4:6a:dd:7b:03:0d
1,2025-11-08 13:14:09,Code.exe,0.0,91.6,f4:6a:dd:7b:03:0d
1,2025-11-08 13:14:09,unsecapp.exe,0.0,91.6,f4:6a:dd:7b:03:0d
1,2025-11-08 13:14:09,Notion.exe,0.0,91.6,f4:6a:dd:7b:03:0d
1,2025-11-08 13:14:09,MSPCManagerCore.exe,0.0,91.6,f4:6a:dd:7b:03:0d
1,2025-11-08 13:14:09,WidgetService.exe,0.5,91.6,f4:6a:dd:7b:03:0d
1,2025-11-08 13:14:09,WhatsApp.Root.exe,0.0,91.6,f4:6a:dd:7b:03:0d
1,2025-11-08 13:14:09,svchost.exe,0.0,91.6,f4:6a:dd:7b:03:0d
1,2025-11-08 13:14:09,svchost.exe,0.0,91.6,f4:6a:dd:7b:03:0d
1,2025-11-08 13:14:09,taskhostw.exe,0.0,91.6,f4:6a:dd:7b:03:0d
1,2025-11-08 13:14:09,FnHotkeyCapsLKNumLK.exe,0.5,91.6,f4:6a:dd:7b:03:0d
1,2025-11-08 13:14:09,MSPCManager.exe,0.0,91.6,f4:6a:dd:7b:03:0d
1,2025-11-08 13:14:09,Notion.exe,0.0,91.6,f4:6a:dd:7b:03:0d
1,2025-11-08 13:14:09,RuntimeBroker.exe,0.0,91.6,f4:6a:dd:7b:03:0d
1,2025-11-08 13:14:09,msedgewebview2.exe,0.5,91.6,f4:6a:dd:7b:03:0d
1,2025-11-08 13:14:09,msedgewebview2.exe,0.0,91.6,f4:6a:dd:7b:03:0d
1,2025-11-08 13:14:09,Code.exe,1.6,91.6,f4:6a:dd:7b:03:0d
1,2025-11-08 13:14:09,msedgewebview2.exe,0.0,91.6,f4:6a:dd:7b:03:0d
1,2025-11-08 13:14:09,msedgewebview2.exe,0.0,91.6,f4:6a:dd:7b:03:0d
1,2025-11-08 13:14:09,svchost.exe,0.0,91.6,f4:6a:dd:7b:03:0d
1,2025-11-08 13:14:09,svchost.exe,0.5,91.6,f4:6a:dd:7b:03:0d
1,2025-11-08 13:14:09,msedge.exe,0.0,91.6,f4:6a:dd:7b:03:0d
1,2025-11-08 13:14:09,msedgewebview2.exe,0.0,91.6,f4:6a:dd:7b:03:0d
1,2025-11-08 13:14:09,msedge.exe,0.5,91.6,f4:6a:dd:7b:03:0d
1,2025-11-08 13:14:09,python.exe,51.3,91.6,f4:6a:dd:7b:03:0d
1,2025-11-08 13:14:09,AutoModeDetect.exe,0.0,91.6,f4:6a:dd:7b:03:0d
1,2025-11-08 13:14:09,Discord.exe,57.9,91.6,f4:6a:dd:7b:03:0d
1,2025-11-08 13:14:09,ms-teams.exe,2.7,91.6,f4:6a:dd:7b:03:0d
1,2025-11-08 13:14:09,WmiPrvSE.exe,15.3,91.6,f4:6a:dd:7b:03:0d
1,2025-11-08 13:14:09,Widgets.exe,0.0,91.6,f4:6a:dd:7b:03:0d
1,2025-11-08 13:14:09,jetbrains-toolbox.exe,0.0,91.6,f4:6a:dd:7b:03:0d
1,2025-11-08 13:14:09,conhost.exe,0.0,91.6,f4:6a:dd:7b:03:0d
1,2025-11-08 13:14:09,Code.exe,0.0,91.6,f4:6a:dd:7b:03:0d
1,2025-11-08 13:14:09,svchost.exe,0.0,91.6,f4:6a:dd:7b:03:0d
1,2025-11-08 13:14:09,msedgewebview2.exe,0.0,91.6,f4:6a:dd:7b:03:0d
1,2025-11-08 13:14:09,RuntimeBroker.exe,0.0,91.6,f4:6a:dd:7b:03:0d
1,2025-11-08 13:14:09,Discord.exe,0.0,91.6,f4:6a:dd:7b:03:0d
1,2025-11-08 13:14:09,Taskmgr.exe,13.1,91.6,f4:6a:dd:7b:03:0d
1,2025-11-08 13:14:09,svchost.exe,0.0,91.6,f4:6a:dd:7b:03:0d
1,2025-11-08 13:14:09,msedgewebview2.exe,0.0,91.6,f4:6a:dd:7b:03:0d
1,2025-11-08 13:14:09,winlogon.exe,0.0,91.6,f4:6a:dd:7b:03:0d
1,2025-11-08 13:14:09,csrss.exe,1.1,91.6,f4:6a:dd:7b:03:0d
1,2025-11-08 13:14:09,Code.exe,0.0,91.6,f4:6a:dd:7b:03:0d
1,2025-11-08 13:14:09,Notion.exe,0.5,91.6,f4:6a:dd:7b:03:0d
1,2025-11-08 13:14:09,ShellHost.exe,0.0,91.6,f4:6a:dd:7b:03:0d
1,2025-11-08 13:14:09,RuntimeBroker.exe,0.0,91.6,f4:6a:dd:7b:03:0d
1,2025-11-08 13:14:09,svchost.exe,0.0,91.6,f4:6a:dd:7b:03:0d
1,2025-11-08 13:14:09,msedgewebview2.exe,0.0,91.6,f4:6a:dd:7b:03:0d
1,2025-11-08 13:14:09,SecurityHealthService.exe,0.0,91.6,f4:6a:dd:7b:03:0d
1,2025-11-08 13:14:09,chrome.exe,0.0,91.6,f4:6a:dd:7b:03:0d
1,2025-11-08 13:14:09,msedge.exe,0.0,91.6,f4:6a:dd:7b:03:0d
1,2025-11-08 13:14:09,powershell.exe,0.0,91.6,f4:6a:dd:7b:03:0d
1,2025-11-08 13:14:09,python.exe,0.0,91.6,f4:6a:dd:7b:03:0d
1,2025-11-08 13:14:09,FileSyncHelper.exe,0.0,91.6,f4:6a:dd:7b:03:0d
1,2025-11-08 13:14:09,msedgewebview2.exe,0.5,91.6,f4:6a:dd:7b:03:0d
1,2025-11-08 13:14:09,fsnotifier.exe,0.0,91.6,f4:6a:dd:7b:03:0d
1,2025-11-08 13:14:09,ctfmon.exe,0.0,91.6,f4:6a:dd:7b:03:0d
1,2025-11-08 13:14:09,Notion.exe,0.0,91.6,f4:6a:dd:7b:03:0d
1,2025-11-08 13:14:09,taskhostw.exe,0.0,91.6,f4:6a:dd:7b:03:0d
1,2025-11-08 13:14:09,svchost.exe,0.0,91.6,f4:6a:dd:7b:03:0d
1,2025-11-08 13:14:09,dllhost.exe,0.0,91.6,f4:6a:dd:7b:03:0d
1,2025-11-08 13:14:09,FnHotkeyUtility.exe,2.2,91.6,f4:6a:dd:7b:03:0d
1,2025-11-08 13:14:09,msedgewebview2.exe,0.0,91.6,f4:6a:dd:7b:03:0d
1,2025-11-08 13:14:09,chrome.exe,0.0,91.6,f4:6a:dd:7b:03:0d
1,2025-11-08 13:14:09,msedgewebview2.exe,0.0,91.6,f4:6a:dd:7b:03:0d
1,2025-11-08 13:14:09,ms-teams.exe,0.0,91.6,f4:6a:dd:7b:03:0d
1,2025-11-08 13:14:09,msedgewebview2.exe,0.0,91.6,f4:6a:dd:7b:03:0d
1,2025-11-08 13:14:09,UserOOBEBroker.exe,0.0,91.6,f4:6a:dd:7b:03:0d
1,2025-11-08 13:14:09,msedge.exe,0.0,91.6,f4:6a:dd:7b:03:0d
1,2025-11-08 13:14:09,Copilot.exe,1.6,91.6,f4:6a:dd:7b:03:0d
1,2025-11-08 13:14:09,Code.exe,9.8,91.6,f4:6a:dd:7b:03:0d
1,2025-11-08 13:14:09,conhost.exe,0.0,91.6,f4:6a:dd:7b:03:0d
1,2025-11-08 13:14:09,Discord.exe,0.0,91.6,f4:6a:dd:7b:03:0d
1,2025-11-08 13:14:09,msedgewebview2.exe,0.0,91.6,f4:6a:dd:7b:03:0d
1,2025-11-08 13:14:09,SearchHost.exe,0.0,91.6,f4:6a:dd:7b:03:0d
1,2025-11-08 13:14:09,msedgewebview2.exe,0.0,91.6,f4:6a:dd:7b:03:0d
1,2025-11-08 13:14:09,Code.exe,0.0,91.6,f4:6a:dd:7b:03:0d
1,2025-11-08 13:14:09,atieclxx.exe,1.6,91.6,f4:6a:dd:7b:03:0d
1,2025-11-08 13:14:09,msedgewebview2.exe,0.0,91.6,f4:6a:dd:7b:03:0d
1,2025-11-08 13:14:09,msedgewebview2.exe,0.0,91.6,f4:6a:dd:7b:03:0d
1,2025-11-08 13:14:09,chrome.exe,0.0,91.6,f4:6a:dd:7b:03:0d
1,2025-11-08 13:14:09,svchost.exe,0.0,91.6,f4:6a:dd:7b:03:0d
1,2025-11-08 13:14:09,FileCoAuth.exe,0.5,91.6,f4:6a:dd:7b:03:0d
1,2025-11-08 13:14:09,TextInputHost.exe,0.0,91.6,f4:6a:dd:7b:03:0d
1,2025-11-08 13:14:09,explorer.exe,6.5,91.6,f4:6a:dd:7b:03:0d
1,2025-11-08 13:14:09,Notion.exe,0.0,91.6,f4:6a:dd:7b:03:0d
1,2025-11-08 13:14:09,AppActions.exe,0.0,91.6,f4:6a:dd:7b:03:0d
1,2025-11-08 13:14:09,SecurityHealthSystray.exe,0.0,91.6,f4:6a:dd:7b:03:0d
1,2025-11-08 13:14:09,msedge.exe,0.0,91.6,f4:6a:dd:7b:03:0d
1,2025-11-08 13:14:09,Code.exe,0.5,91.6,f4:6a:dd:7b:03:0d
1,2025-11-08 13:14:09,StartMenuExperienceHost.exe,0.0,91.6,f4:6a:dd:7b:03:0d
1,2025-11-08 13:14:09,conhost.exe,0.0,91.6,f4:6a:dd:7b:03:0d
1,2025-11-08 13:14:09,dwm.exe,8.8,91.6,f4:6a:dd:7b:03:0d
1,2025-11-08 13:14:09,msedge.exe,0.0,91.6,f4:6a:dd:7b:03:0d
1,2025-11-08 13:14:09,msedgewebview2.exe,0.0,91.6,f4:6a:dd:7b:03:0d
1,2025-11-08 13:14:09,svchost.exe,0.0,91.6,f4:6a:dd:7b:03:0d
1,2025-11-08 13:14:09,ApplicationFrameHost.exe,0.0,91.6,f4:6a:dd:7b:03:0d
1,2025-11-08 13:14:09,RuntimeBroker.exe,0.0,91.6,f4:6a:dd:7b:03:0d
1,2025-11-08 13:14:09,Notion.exe,0.0,91.6,f4:6a:dd:7b:03:0d
1,2025-11-08 13:14:09,fontdrvhost.exe,0.0,91.6,f4:6a:dd:7b:03:0d
1,2025-11-08 13:14:09,RuntimeBroker.exe,0.0,91.6,f4:6a:dd:7b:03:0d
1,2025-11-08 13:14:09,svchost.exe,0.0,91.6,f4:6a:dd:7b:03:0d
1,2025-11-08 13:14:09,svchost.exe,0.0,91.6,f4:6a:dd:7b:03:0d
1,2025-11-08 13:14:09,Discord.exe,0.0,91.6,f4:6a:dd:7b:03:0d
1,2025-11-08 13:14:09,svchost.exe,0.0,91.6,f4:6a:dd:7b:03:0d
1,2025-11-08 13:14:09,idea64.exe,1.6,91.6,f4:6a:dd:7b:03:0d
1,2025-11-08 13:14:09,conhost.exe,0.5,91.6,f4:6a:dd:7b:03:0d
1,2025-11-08 13:14:09,msedgewebview2.exe,0.0,91.6,f4:6a:dd:7b:03:0d
1,2025-11-08 13:14:09,RuntimeBroker.exe,0.0,91.6,f4:6a:dd:7b:03:0d
1,2025-11-08 13:14:09,Discord.exe,2.2,91.6,f4:6a:dd:7b:03:0d
1,2025-11-08 13:14:09,CrossDeviceResume.exe,0.0,91.6,f4:6a:dd:7b:03:0d
1,2025-11-08 13:14:09,Code.exe,0.5,91.6,f4:6a:dd:7b:03:0d
1,2025-11-08 13:14:09,conhost.exe,0.0,91.6,f4:6a:dd:7b:03:0d
1,2025-11-08 13:14:09,bash.exe,1.6,91.6,f4:6a:dd:7b:03:0d
1,2025-11-08 13:14:09,chrome.exe,0.0,91.6,f4:6a:dd:7b:03:0d
1,2025-11-08 13:14:09,svchost.exe,0.0,91.6,f4:6a:dd:7b:03:0d
1,2025-11-08 13:14:09,pet.exe,0.0,91.6,f4:6a:dd:7b:03:0d
1,2025-11-08 13:14:09,bash.exe,0.0,91.6,f4:6a:dd:7b:03:0d
1,2025-11-08 13:14:09,conhost.exe,0.0,91.6,f4:6a:dd:7b:03:0d
1,2025-11-08 13:14:09,Code.exe,0.0,91.6,f4:6a:dd:7b:03:0d
1,2025-11-08 13:14:09,chrome.exe,1.1,91.6,f4:6a:dd:7b:03:0d
1,2025-11-08 13:14:09,svchost.exe,0.0,91.6,f4:6a:dd:7b:03:0d
1,2025-11-08 13:14:09,smartscreen.exe,0.0,91.6,f4:6a:dd:7b:03:0d
1,2025-11-08 13:14:09,unsecapp.exe,0.0,91.6,f4:6a:dd:7b:03:0d
1,2025-11-08 13:14:09,bash.exe,0.0,91.6,f4:6a:dd:7b:03:0d
1,2025-11-08 13:14:09,chrome.exe,0.0,91.6,f4:6a:dd:7b:03:0d
1,2025-11-08 13:14:09,python.exe,0.0,91.6,f4:6a:dd:7b:03:0d
1,2025-11-08 13:14:09,backgroundTaskHost.exe,0.0,91.6,f4:6a:dd:7b:03:0d
1,2025-11-08 13:14:09,chrome.exe,0.0,91.6,f4:6a:dd:7b:03:0d
id_empresa,datetime,processo,uso de cpu,uso de gpu,mac_address
1,2025-11-08 13:14:21,System Idle Process,39.0,70.22,f4:6a:dd:7b:03:0d
1,2025-11-08 13:14:21,System,89.9,70.22,f4:6a:dd:7b:03:0d
1,2025-11-08 13:14:21,,0.0,70.22,f4:6a:dd:7b:03:0d
1,2025-11-08 13:14:21,Registry,0.0,70.22,f4:6a:dd:7b:03:0d
1,2025-11-08 13:14:21,smss.exe,0.0,70.22,f4:6a:dd:7b:03:0d
1,2025-11-08 13:14:21,msedge.exe,0.0,70.22,f4:6a:dd:7b:03:0d
1,2025-11-08 13:14:21,svchost.exe,0.0,70.22,f4:6a:dd:7b:03:0d
1,2025-11-08 13:14:21,csrss.exe,0.0,70.22,f4:6a:dd:7b:03:0d
1,2025-11-08 13:14:21,svchost.exe,0.0,70.22,f4:6a:dd:7b:03:0d
1,2025-11-08 13:14:21,wininit.exe,0.0,70.22,f4:6a:dd:7b:03:0d
1,2025-11-08 13:14:21,svchost.exe,0.0,70.22,f4:6a:dd:7b:03:0d
1,2025-11-08 13:14:21,svchost.exe,0.0,70.22,f4:6a:dd:7b:03:0d
1,2025-11-08 13:14:21,services.exe,0.0,70.22,f4:6a:dd:7b:03:0d
1,2025-11-08 13:14:21,LsaIso.exe,0.0,70.22,f4:6a:dd:7b:03:0d
1,2025-11-08 13:14:21,lsass.exe,0.0,70.22,f4:6a:dd:7b:03:0d
1,2025-11-08 13:14:21,Code.exe,5.8,70.22,f4:6a:dd:7b:03:0d
1,2025-11-08 13:14:21,svchost.exe,0.0,70.22,f4:6a:dd:7b:03:0d
1,2025-11-08 13:14:21,fontdrvhost.exe,0.0,70.22,f4:6a:dd:7b:03:0d
1,2025-11-08 13:14:21,msedgewebview2.exe,1.0,70.22,f4:6a:dd:7b:03:0d
1,2025-11-08 13:14:21,svchost.exe,0.0,70.22,f4:6a:dd:7b:03:0d
1,2025-11-08 13:14:21,svchost.exe,0.5,70.22,f4:6a:dd:7b:03:0d
1,2025-11-08 13:14:21,WUDFHost.exe,0.0,70.22,f4:6a:dd:7b:03:0d
1,2025-11-08 13:14:21,svchost.exe,0.0,70.22,f4:6a:dd:7b:03:0d
1,2025-11-08 13:14:21,msedgewebview2.exe,0.0,70.22,f4:6a:dd:7b:03:0d
1,2025-11-08 13:14:21,AppProvisioningPlugin.exe,0.0,70.22,f4:6a:dd:7b:03:0d
1,2025-11-08 13:14:21,WUDFHost.exe,0.0,70.22,f4:6a:dd:7b:03:0d
1,2025-11-08 13:14:21,conhost.exe,0.0,70.22,f4:6a:dd:7b:03:0d
1,2025-11-08 13:14:21,OneDrive.exe,0.0,70.22,f4:6a:dd:7b:03:0d
1,2025-11-08 13:14:21,svchost.exe,0.0,70.22,f4:6a:dd:7b:03:0d
1,2025-11-08 13:14:21,svchost.exe,0.0,70.22,f4:6a:dd:7b:03:0d
1,2025-11-08 13:14:21,svchost.exe,0.0,70.22,f4:6a:dd:7b:03:0d
1,2025-11-08 13:14:21,svchost.exe,0.0,70.22,f4:6a:dd:7b:03:0d
1,2025-11-08 13:14:21,svchost.exe,0.0,70.22,f4:6a:dd:7b:03:0d
1,2025-11-08 13:14:21,svchost.exe,0.0,70.22,f4:6a:dd:7b:03:0d
1,2025-11-08 13:14:21,msedge.exe,0.0,70.22,f4:6a:dd:7b:03:0d
1,2025-11-08 13:14:21,svchost.exe,0.0,70.22,f4:6a:dd:7b:03:0d
1,2025-11-08 13:14:21,svchost.exe,0.0,70.22,f4:6a:dd:7b:03:0d
1,2025-11-08 13:14:21,svchost.exe,0.0,70.22,f4:6a:dd:7b:03:0d
1,2025-11-08 13:14:21,chrome.exe,0.0,70.22,f4:6a:dd:7b:03:0d
1,2025-11-08 13:14:21,svchost.exe,0.0,70.22,f4:6a:dd:7b:03:0d
1,2025-11-08 13:14:21,Discord.exe,0.0,70.22,f4:6a:dd:7b:03:0d
1,2025-11-08 13:14:21,svchost.exe,0.0,70.22,f4:6a:dd:7b:03:0d
1,2025-11-08 13:14:21,svchost.exe,0.0,70.22,f4:6a:dd:7b:03:0d
1,2025-11-08 13:14:21,svchost.exe,0.0,70.22,f4:6a:dd:7b:03:0d
1,2025-11-08 13:14:21,msedgewebview2.exe,0.0,70.22,f4:6a:dd:7b:03:0d
1,2025-11-08 13:14:21,msedgewebview2.exe,0.0,70.22,f4:6a:dd:7b:03:0d
1,2025-11-08 13:14:21,RuntimeBroker.exe,0.0,70.22,f4:6a:dd:7b:03:0d
1,2025-11-08 13:14:21,svchost.exe,0.0,70.22,f4:6a:dd:7b:03:0d
1,2025-11-08 13:14:21,svchost.exe,0.0,70.22,f4:6a:dd:7b:03:0d
1,2025-11-08 13:14:21,svchost.exe,0.0,70.22,f4:6a:dd:7b:03:0d
1,2025-11-08 13:14:21,svchost.exe,0.0,70.22,f4:6a:dd:7b:03:0d
1,2025-11-08 13:14:21,amdfendrsr.exe,0.0,70.22,f4:6a:dd:7b:03:0d
1,2025-11-08 13:14:21,svchost.exe,0.0,70.22,f4:6a:dd:7b:03:0d
1,2025-11-08 13:14:21,atiesrxx.exe,0.0,70.22,f4:6a:dd:7b:03:0d
1,2025-11-08 13:14:21,svchost.exe,0.0,70.22,f4:6a:dd:7b:03:0d
1,2025-11-08 13:14:21,svchost.exe,0.0,70.22,f4:6a:dd:7b:03:0d
1,2025-11-08 13:14:21,sihost.exe,0.0,70.22,f4:6a:dd:7b:03:0d
1,2025-11-08 13:14:21,svchost.exe,0.0,70.22,f4:6a:dd:7b:03:0d
1,2025-11-08 13:14:21,msedge.exe,0.0,70.22,f4:6a:dd:7b:03:0d
1,2025-11-08 13:14:21,svchost.exe,0.0,70.22,f4:6a:dd:7b:03:0d
1,2025-11-08 13:14:21,msedgewebview2.exe,0.0,70.22,f4:6a:dd:7b:03:0d
1,2025-11-08 13:14:21,msedge.exe,2.0,70.22,f4:6a:dd:7b:03:0d
1,2025-11-08 13:14:21,LockApp.exe,0.0,70.22,f4:6a:dd:7b:03:0d
1,2025-11-08 13:14:21,NisSrv.exe,0.0,70.22,f4:6a:dd:7b:03:0d
1,2025-11-08 13:14:21,svchost.exe,0.0,70.22,f4:6a:dd:7b:03:0d
1,2025-11-08 13:14:21,svchost.exe,0.0,70.22,f4:6a:dd:7b:03:0d
1,2025-11-08 13:14:21,svchost.exe,0.0,70.22,f4:6a:dd:7b:03:0d
1,2025-11-08 13:14:21,svchost.exe,0.0,70.22,f4:6a:dd:7b:03:0d
1,2025-11-08 13:14:21,svchost.exe,0.0,70.22,f4:6a:dd:7b:03:0d
1,2025-11-08 13:14:21,svchost.exe,0.0,70.22,f4:6a:dd:7b:03:0d
1,2025-11-08 13:14:21,MemCompression,1.0,70.22,f4:6a:dd:7b:03:0d
1,2025-11-08 13:14:21,svchost.exe,0.0,70.22,f4:6a:dd:7b:03:0d
1,2025-11-08 13:14:21,svchost.exe,0.0,70.22,f4:6a:dd:7b:03:0d
1,2025-11-08 13:14:21,svchost.exe,0.0,70.22,f4:6a:dd:7b:03:0d
1,2025-11-08 13:14:21,svchost.exe,0.0,70.22,f4:6a:dd:7b:03:0d
1,2025-11-08 13:14:21,svchost.exe,0.0,70.22,f4:6a:dd:7b:03:0d
1,2025-11-08 13:14:21,RuntimeBroker.exe,0.0,70.22,f4:6a:dd:7b:03:0d
1,2025-11-08 13:14:21,PhoneExperienceHost.exe,0.0,70.22,f4:6a:dd:7b:03:0d
1,2025-11-08 13:14:21,svchost.exe,0.0,70.22,f4:6a:dd:7b:03:0d
1,2025-11-08 13:14:21,svchost.exe,0.0,70.22,f4:6a:dd:7b:03:0d
1,2025-11-08 13:14:21,svchost.exe,0.0,70.22,f4:6a:dd:7b:03:0d
1,2025-11-08 13:14:21,svchost.exe,0.0,70.22,f4:6a:dd:7b:03:0d
1,2025-11-08 13:14:21,svchost.exe,0.0,70.22,f4:6a:dd:7b:03:0d
1,2025-11-08 13:14:21,svchost.exe,0.0,70.22,f4:6a:dd:7b:03:0d
1,2025-11-08 13:14:21,svchost.exe,0.0,70.22,f4:6a:dd:7b:03:0d
1,2025-11-08 13:14:21,OpenConsole.exe,0.0,70.22,f4:6a:dd:7b:03:0d
1,2025-11-08 13:14:21,audiodg.exe,5.0,70.22,f4:6a:dd:7b:03:0d
1,2025-11-08 13:14:21,svchost.exe,0.0,70.22,f4:6a:dd:7b:03:0d
1,2025-11-08 13:14:21,spoolsv.exe,0.0,70.22,f4:6a:dd:7b:03:0d
1,2025-11-08 13:14:21,svchost.exe,0.0,70.22,f4:6a:dd:7b:03:0d
1,2025-11-08 13:14:21,SearchIndexer.exe,0.0,70.22,f4:6a:dd:7b:03:0d
1,2025-11-08 13:14:21,NgcIso.exe,0.0,70.22,f4:6a:dd:7b:03:0d
1,2025-11-08 13:14:21,svchost.exe,0.0,70.22,f4:6a:dd:7b:03:0d
1,2025-11-08 13:14:21,svchost.exe,0.0,70.22,f4:6a:dd:7b:03:0d
1,2025-11-08 13:14:21,svchost.exe,0.5,70.22,f4:6a:dd:7b:03:0d
1,2025-11-08 13:14:21,LenovoUtilityService.exe,0.0,70.22,f4:6a:dd:7b:03:0d
1,2025-11-08 13:14:21,svchost.exe,0.0,70.22,f4:6a:dd:7b:03:0d
1,2025-11-08 13:14:21,svchost.exe,0.0,70.22,f4:6a:dd:7b:03:0d
1,2025-11-08 13:14:21,FMService64.exe,0.0,70.22,f4:6a:dd:7b:03:0d
1,2025-11-08 13:14:21,DAX3API.exe,0.0,70.22,f4:6a:dd:7b:03:0d
1,2025-11-08 13:14:21,svchost.exe,0.0,70.22,f4:6a:dd:7b:03:0d
1,2025-11-08 13:14:21,svchost.exe,0.0,70.22,f4:6a:dd:7b:03:0d
1,2025-11-08 13:14:21,svchost.exe,0.0,70.22,f4:6a:dd:7b:03:0d
1,2025-11-08 13:14:21,svchost.exe,0.0,70.22,f4:6a:dd:7b:03:0d
1,2025-11-08 13:14:21,LNBITSSvc.exe,0.0,70.22,f4:6a:dd:7b:03:0d
1,2025-11-08 13:14:21,Lenovo.Modern.ImController.exe,0.5,70.22,f4:6a:dd:7b:03:0d
1,2025-11-08 13:14:21,svchost.exe,0.0,70.22,f4:6a:dd:7b:03:0d
1,2025-11-08 13:14:21,MpDefenderCoreService.exe,0.5,70.22,f4:6a:dd:7b:03:0d
1,2025-11-08 13:14:21,RtkBtManServ.exe,0.0,70.22,f4:6a:dd:7b:03:0d
1,2025-11-08 13:14:21,svchost.exe,0.0,70.22,f4:6a:dd:7b:03:0d
1,2025-11-08 13:14:21,RtkAudUService64.exe,0.0,70.22,f4:6a:dd:7b:03:0d
1,2025-11-08 13:14:21,OfficeClickToRun.exe,0.0,70.22,f4:6a:dd:7b:03:0d
1,2025-11-08 13:14:21,svchost.exe,0.0,70.22,f4:6a:dd:7b:03:0d
1,2025-11-08 13:14:21,svchost.exe,0.0,70.22,f4:6a:dd:7b:03:0d
1,2025-11-08 13:14:21,UDClientService.exe,0.5,70.22,f4:6a:dd:7b:03:0d
1,2025-11-08 13:14:21,svchost.exe,0.0,70.22,f4:6a:dd:7b:03:0d
1,2025-11-08 13:14:21,mysqld.exe,0.0,70.22,f4:6a:dd:7b:03:0d
1,2025-11-08 13:14:21,MsMpEng.exe,3.0,70.22,f4:6a:dd:7b:03:0d
1,2025-11-08 13:14:21,svchost.exe,0.0,70.22,f4:6a:dd:7b:03:0d
1,2025-11-08 13:14:21,svchost.exe,5.0,70.22,f4:6a:dd:7b:03:0d
1,2025-11-08 13:14:21,wslservice.exe,0.0,70.22,f4:6a:dd:7b:03:0d
1,2025-11-08 13:14:21,msedgewebview2.exe,0.0,70.22,f4:6a:dd:7b:03:0d
1,2025-11-08 13:14:21,mysqld.exe,1.0,70.22,f4:6a:dd:7b:03:0d
1,2025-11-08 13:14:21,ShellExperienceHost.exe,0.0,70.22,f4:6a:dd:7b:03:0d
1,2025-11-08 13:14:21,WmiPrvSE.exe,0.0,70.22,f4:6a:dd:7b:03:0d
1,2025-11-08 13:14:21,conhost.exe,0.0,70.22,f4:6a:dd:7b:03:0d
1,2025-11-08 13:14:21,svchost.exe,0.0,70.22,f4:6a:dd:7b:03:0d
1,2025-11-08 13:14:21,msedge.exe,0.0,70.22,f4:6a:dd:7b:03:0d
1,2025-11-08 13:14:21,msedge.exe,0.0,70.22,f4:6a:dd:7b:03:0d
1,2025-11-08 13:14:21,msedge.exe,0.0,70.22,f4:6a:dd:7b:03:0d
1,2025-11-08 13:14:21,svchost.exe,0.0,70.22,f4:6a:dd:7b:03:0d
1,2025-11-08 13:14:21,unsecapp.exe,0.0,70.22,f4:6a:dd:7b:03:0d
1,2025-11-08 13:14:21,msedgewebview2.exe,0.0,70.22,f4:6a:dd:7b:03:0d
1,2025-11-08 13:14:21,DAX3API.exe,0.0,70.22,f4:6a:dd:7b:03:0d
1,2025-11-08 13:14:21,MSPCManagerService.exe,0.5,70.22,f4:6a:dd:7b:03:0d
1,2025-11-08 13:14:21,chrome.exe,0.0,70.22,f4:6a:dd:7b:03:0d
1,2025-11-08 13:14:21,svchost.exe,0.0,70.22,f4:6a:dd:7b:03:0d
1,2025-11-08 13:14:21,svchost.exe,0.0,70.22,f4:6a:dd:7b:03:0d
1,2025-11-08 13:14:21,svchost.exe,0.0,70.22,f4:6a:dd:7b:03:0d
1,2025-11-08 13:14:21,svchost.exe,0.0,70.22,f4:6a:dd:7b:03:0d
1,2025-11-08 13:14:21,svchost.exe,0.0,70.22,f4:6a:dd:7b:03:0d
1,2025-11-08 13:14:21,AggregatorHost.exe,0.0,70.22,f4:6a:dd:7b:03:0d
1,2025-11-08 13:14:21,svchost.exe,0.0,70.22,f4:6a:dd:7b:03:0d
1,2025-11-08 13:14:21,svchost.exe,0.0,70.22,f4:6a:dd:7b:03:0d
1,2025-11-08 13:14:21,msedgewebview2.exe,0.0,70.22,f4:6a:dd:7b:03:0d
1,2025-11-08 13:14:21,svchost.exe,0.0,70.22,f4:6a:dd:7b:03:0d
1,2025-11-08 13:14:21,svchost.exe,0.0,70.22,f4:6a:dd:7b:03:0d
1,2025-11-08 13:14:21,svchost.exe,0.0,70.22,f4:6a:dd:7b:03:0d
1,2025-11-08 13:14:21,chrome.exe,1.0,70.22,f4:6a:dd:7b:03:0d
1,2025-11-08 13:14:21,RtkAudUService64.exe,0.0,70.22,f4:6a:dd:7b:03:0d
1,2025-11-08 13:14:21,Code.exe,0.0,70.22,f4:6a:dd:7b:03:0d
1,2025-11-08 13:14:21,env.exe,0.0,70.22,f4:6a:dd:7b:03:0d
1,2025-11-08 13:14:21,svchost.exe,0.0,70.22,f4:6a:dd:7b:03:0d
1,2025-11-08 13:14:21,bash.exe,0.0,70.22,f4:6a:dd:7b:03:0d
1,2025-11-08 13:14:21,Code.exe,0.0,70.22,f4:6a:dd:7b:03:0d
1,2025-11-08 13:14:21,OneDrive.Sync.Service.exe,0.0,70.22,f4:6a:dd:7b:03:0d
1,2025-11-08 13:14:21,Notion.exe,22.0,70.22,f4:6a:dd:7b:03:0d
1,2025-11-08 13:14:21,Code.exe,6.7,70.22,f4:6a:dd:7b:03:0d
1,2025-11-08 13:14:21,svchost.exe,0.0,70.22,f4:6a:dd:7b:03:0d
1,2025-11-08 13:14:21,Notion.exe,0.5,70.22,f4:6a:dd:7b:03:0d
1,2025-11-08 13:14:21,OneDrive.exe,55.9,70.22,f4:6a:dd:7b:03:0d
1,2025-11-08 13:14:21,Code.exe,0.0,70.22,f4:6a:dd:7b:03:0d
1,2025-11-08 13:14:21,unsecapp.exe,0.0,70.22,f4:6a:dd:7b:03:0d
1,2025-11-08 13:14:21,Notion.exe,4.3,70.22,f4:6a:dd:7b:03:0d
1,2025-11-08 13:14:21,MSPCManagerCore.exe,0.0,70.22,f4:6a:dd:7b:03:0d
1,2025-11-08 13:14:21,WidgetService.exe,0.0,70.22,f4:6a:dd:7b:03:0d
1,2025-11-08 13:14:21,WhatsApp.Root.exe,0.5,70.22,f4:6a:dd:7b:03:0d
1,2025-11-08 13:14:21,svchost.exe,0.0,70.22,f4:6a:dd:7b:03:0d
1,2025-11-08 13:14:21,svchost.exe,0.0,70.22,f4:6a:dd:7b:03:0d
1,2025-11-08 13:14:21,taskhostw.exe,0.0,70.22,f4:6a:dd:7b:03:0d
1,2025-11-08 13:14:21,FnHotkeyCapsLKNumLK.exe,0.0,70.22,f4:6a:dd:7b:03:0d
1,2025-11-08 13:14:21,MSPCManager.exe,0.5,70.22,f4:6a:dd:7b:03:0d
1,2025-11-08 13:14:21,Notion.exe,0.0,70.22,f4:6a:dd:7b:03:0d
1,2025-11-08 13:14:21,RuntimeBroker.exe,0.0,70.22,f4:6a:dd:7b:03:0d
1,2025-11-08 13:14:21,msedgewebview2.exe,0.0,70.22,f4:6a:dd:7b:03:0d
1,2025-11-08 13:14:21,msedgewebview2.exe,0.5,70.22,f4:6a:dd:7b:03:0d
1,2025-11-08 13:14:21,Code.exe,14.1,70.22,f4:6a:dd:7b:03:0d
1,2025-11-08 13:14:21,msedgewebview2.exe,0.0,70.22,f4:6a:dd:7b:03:0d
1,2025-11-08 13:14:21,msedgewebview2.exe,0.0,70.22,f4:6a:dd:7b:03:0d
1,2025-11-08 13:14:21,svchost.exe,0.0,70.22,f4:6a:dd:7b:03:0d
1,2025-11-08 13:14:21,svchost.exe,0.0,70.22,f4:6a:dd:7b:03:0d
1,2025-11-08 13:14:21,msedge.exe,0.0,70.22,f4:6a:dd:7b:03:0d
1,2025-11-08 13:14:21,msedgewebview2.exe,0.0,70.22,f4:6a:dd:7b:03:0d
1,2025-11-08 13:14:21,msedge.exe,14.6,70.22,f4:6a:dd:7b:03:0d
1,2025-11-08 13:14:21,python.exe,42.3,70.22,f4:6a:dd:7b:03:0d
1,2025-11-08 13:14:21,AutoModeDetect.exe,0.0,70.22,f4:6a:dd:7b:03:0d
1,2025-11-08 13:14:21,Discord.exe,32.9,70.22,f4:6a:dd:7b:03:0d
1,2025-11-08 13:14:21,ms-teams.exe,0.0,70.22,f4:6a:dd:7b:03:0d
1,2025-11-08 13:14:21,WmiPrvSE.exe,21.6,70.22,f4:6a:dd:7b:03:0d
1,2025-11-08 13:14:21,Widgets.exe,0.0,70.22,f4:6a:dd:7b:03:0d
1,2025-11-08 13:14:21,jetbrains-toolbox.exe,0.5,70.22,f4:6a:dd:7b:03:0d
1,2025-11-08 13:14:21,conhost.exe,0.0,70.22,f4:6a:dd:7b:03:0d
1,2025-11-08 13:14:21,Code.exe,0.0,70.22,f4:6a:dd:7b:03:0d
1,2025-11-08 13:14:21,svchost.exe,0.0,70.22,f4:6a:dd:7b:03:0d
1,2025-11-08 13:14:21,msedgewebview2.exe,0.0,70.22,f4:6a:dd:7b:03:0d
1,2025-11-08 13:14:21,RuntimeBroker.exe,0.0,70.22,f4:6a:dd:7b:03:0d
1,2025-11-08 13:14:21,Discord.exe,0.0,70.22,f4:6a:dd:7b:03:0d
1,2025-11-08 13:14:21,Taskmgr.exe,13.2,70.22,f4:6a:dd:7b:03:0d
1,2025-11-08 13:14:21,svchost.exe,0.0,70.22,f4:6a:dd:7b:03:0d
1,2025-11-08 13:14:21,msedgewebview2.exe,0.0,70.22,f4:6a:dd:7b:03:0d
1,2025-11-08 13:14:21,winlogon.exe,0.0,70.22,f4:6a:dd:7b:03:0d
1,2025-11-08 13:14:21,csrss.exe,0.5,70.22,f4:6a:dd:7b:03:0d
1,2025-11-08 13:14:21,Code.exe,0.0,70.22,f4:6a:dd:7b:03:0d
1,2025-11-08 13:14:21,Notion.exe,0.5,70.22,f4:6a:dd:7b:03:0d
1,2025-11-08 13:14:21,ShellHost.exe,0.0,70.22,f4:6a:dd:7b:03:0d
1,2025-11-08 13:14:21,RuntimeBroker.exe,0.0,70.22,f4:6a:dd:7b:03:0d
1,2025-11-08 13:14:21,svchost.exe,0.0,70.22,f4:6a:dd:7b:03:0d
1,2025-11-08 13:14:21,msedgewebview2.exe,0.0,70.22,f4:6a:dd:7b:03:0d
1,2025-11-08 13:14:21,SecurityHealthService.exe,0.0,70.22,f4:6a:dd:7b:03:0d
1,2025-11-08 13:14:21,chrome.exe,0.0,70.22,f4:6a:dd:7b:03:0d
1,2025-11-08 13:14:21,msedge.exe,6.1,70.22,f4:6a:dd:7b:03:0d
1,2025-11-08 13:14:21,powershell.exe,0.9,70.22,f4:6a:dd:7b:03:0d
1,2025-11-08 13:14:21,python.exe,0.0,70.22,f4:6a:dd:7b:03:0d
1,2025-11-08 13:14:21,FileSyncHelper.exe,0.0,70.22,f4:6a:dd:7b:03:0d
1,2025-11-08 13:14:21,msedgewebview2.exe,0.0,70.22,f4:6a:dd:7b:03:0d
1,2025-11-08 13:14:21,fsnotifier.exe,0.0,70.22,f4:6a:dd:7b:03:0d
1,2025-11-08 13:14:21,ctfmon.exe,0.0,70.22,f4:6a:dd:7b:03:0d
1,2025-11-08 13:14:21,Notion.exe,0.0,70.22,f4:6a:dd:7b:03:0d
1,2025-11-08 13:14:21,taskhostw.exe,0.0,70.22,f4:6a:dd:7b:03:0d
1,2025-11-08 13:14:21,svchost.exe,0.0,70.22,f4:6a:dd:7b:03:0d
1,2025-11-08 13:14:21,dllhost.exe,0.0,70.22,f4:6a:dd:7b:03:0d
1,2025-11-08 13:14:21,FnHotkeyUtility.exe,0.0,70.22,f4:6a:dd:7b:03:0d
1,2025-11-08 13:14:21,msedgewebview2.exe,0.0,70.22,f4:6a:dd:7b:03:0d
1,2025-11-08 13:14:21,chrome.exe,0.0,70.22,f4:6a:dd:7b:03:0d
1,2025-11-08 13:14:21,msedgewebview2.exe,0.0,70.22,f4:6a:dd:7b:03:0d
1,2025-11-08 13:14:21,ms-teams.exe,0.5,70.22,f4:6a:dd:7b:03:0d
1,2025-11-08 13:14:21,msedgewebview2.exe,0.0,70.22,f4:6a:dd:7b:03:0d
1,2025-11-08 13:14:21,UserOOBEBroker.exe,0.0,70.22,f4:6a:dd:7b:03:0d
1,2025-11-08 13:14:21,msedge.exe,0.0,70.22,f4:6a:dd:7b:03:0d
1,2025-11-08 13:14:21,Copilot.exe,0.0,70.22,f4:6a:dd:7b:03:0d
1,2025-11-08 13:14:21,Code.exe,46.6,70.22,f4:6a:dd:7b:03:0d
1,2025-11-08 13:14:21,conhost.exe,0.0,70.22,f4:6a:dd:7b:03:0d
1,2025-11-08 13:14:21,Discord.exe,0.0,70.22,f4:6a:dd:7b:03:0d
1,2025-11-08 13:14:21,msedgewebview2.exe,0.0,70.22,f4:6a:dd:7b:03:0d
1,2025-11-08 13:14:21,SearchHost.exe,0.0,70.22,f4:6a:dd:7b:03:0d
1,2025-11-08 13:14:21,msedgewebview2.exe,0.5,70.22,f4:6a:dd:7b:03:0d
1,2025-11-08 13:14:21,Code.exe,0.0,70.22,f4:6a:dd:7b:03:0d
1,2025-11-08 13:14:21,atieclxx.exe,0.0,70.22,f4:6a:dd:7b:03:0d
1,2025-11-08 13:14:21,msedgewebview2.exe,0.0,70.22,f4:6a:dd:7b:03:0d
1,2025-11-08 13:14:21,msedgewebview2.exe,0.0,70.22,f4:6a:dd:7b:03:0d
1,2025-11-08 13:14:21,chrome.exe,0.0,70.22,f4:6a:dd:7b:03:0d
1,2025-11-08 13:14:21,svchost.exe,0.0,70.22,f4:6a:dd:7b:03:0d
1,2025-11-08 13:14:21,FileCoAuth.exe,0.0,70.22,f4:6a:dd:7b:03:0d
1,2025-11-08 13:14:21,TextInputHost.exe,0.0,70.22,f4:6a:dd:7b:03:0d
1,2025-11-08 13:14:21,explorer.exe,1.4,70.22,f4:6a:dd:7b:03:0d
1,2025-11-08 13:14:21,Notion.exe,0.0,70.22,f4:6a:dd:7b:03:0d
1,2025-11-08 13:14:21,AppActions.exe,0.0,70.22,f4:6a:dd:7b:03:0d
1,2025-11-08 13:14:21,SecurityHealthSystray.exe,0.0,70.22,f4:6a:dd:7b:03:0d
1,2025-11-08 13:14:21,msedge.exe,0.0,70.22,f4:6a:dd:7b:03:0d
1,2025-11-08 13:14:21,Code.exe,28.3,70.22,f4:6a:dd:7b:03:0d
1,2025-11-08 13:14:21,StartMenuExperienceHost.exe,0.0,70.22,f4:6a:dd:7b:03:0d
1,2025-11-08 13:14:21,conhost.exe,0.0,70.22,f4:6a:dd:7b:03:0d
1,2025-11-08 13:14:21,dwm.exe,7.2,70.22,f4:6a:dd:7b:03:0d
1,2025-11-08 13:14:21,msedge.exe,0.0,70.22,f4:6a:dd:7b:03:0d
1,2025-11-08 13:14:21,msedgewebview2.exe,0.0,70.22,f4:6a:dd:7b:03:0d
1,2025-11-08 13:14:21,svchost.exe,0.0,70.22,f4:6a:dd:7b:03:0d
1,2025-11-08 13:14:21,ApplicationFrameHost.exe,0.0,70.22,f4:6a:dd:7b:03:0d
1,2025-11-08 13:14:21,RuntimeBroker.exe,0.0,70.22,f4:6a:dd:7b:03:0d
1,2025-11-08 13:14:21,Notion.exe,0.0,70.22,f4:6a:dd:7b:03:0d
1,2025-11-08 13:14:21,fontdrvhost.exe,0.0,70.22,f4:6a:dd:7b:03:0d
1,2025-11-08 13:14:21,RuntimeBroker.exe,0.0,70.22,f4:6a:dd:7b:03:0d
1,2025-11-08 13:14:21,svchost.exe,0.0,70.22,f4:6a:dd:7b:03:0d
1,2025-11-08 13:14:21,svchost.exe,0.0,70.22,f4:6a:dd:7b:03:0d
1,2025-11-08 13:14:21,Discord.exe,0.0,70.22,f4:6a:dd:7b:03:0d
1,2025-11-08 13:14:21,svchost.exe,0.0,70.22,f4:6a:dd:7b:03:0d
1,2025-11-08 13:14:21,idea64.exe,0.5,70.22,f4:6a:dd:7b:03:0d
1,2025-11-08 13:14:21,conhost.exe,0.0,70.22,f4:6a:dd:7b:03:0d
1,2025-11-08 13:14:21,msedgewebview2.exe,0.0,70.22,f4:6a:dd:7b:03:0d
1,2025-11-08 13:14:21,RuntimeBroker.exe,0.0,70.22,f4:6a:dd:7b:03:0d
1,2025-11-08 13:14:21,Discord.exe,1.5,70.22,f4:6a:dd:7b:03:0d
1,2025-11-08 13:14:21,CrossDeviceResume.exe,0.0,70.22,f4:6a:dd:7b:03:0d
1,2025-11-08 13:14:21,Code.exe,0.0,70.22,f4:6a:dd:7b:03:0d
1,2025-11-08 13:14:21,conhost.exe,0.0,70.22,f4:6a:dd:7b:03:0d
1,2025-11-08 13:14:21,bash.exe,2.4,70.22,f4:6a:dd:7b:03:0d
1,2025-11-08 13:14:21,chrome.exe,0.0,70.22,f4:6a:dd:7b:03:0d
1,2025-11-08 13:14:21,svchost.exe,0.0,70.22,f4:6a:dd:7b:03:0d
1,2025-11-08 13:14:21,pet.exe,0.0,70.22,f4:6a:dd:7b:03:0d
1,2025-11-08 13:14:21,bash.exe,0.0,70.22,f4:6a:dd:7b:03:0d
1,2025-11-08 13:14:21,conhost.exe,0.0,70.22,f4:6a:dd:7b:03:0d
1,2025-11-08 13:14:21,Code.exe,0.5,70.22,f4:6a:dd:7b:03:0d
1,2025-11-08 13:14:21,chrome.exe,0.5,70.22,f4:6a:dd:7b:03:0d
1,2025-11-08 13:14:21,svchost.exe,0.0,70.22,f4:6a:dd:7b:03:0d
1,2025-11-08 13:14:21,smartscreen.exe,0.0,70.22,f4:6a:dd:7b:03:0d
1,2025-11-08 13:14:21,msedge.exe,31.5,70.22,f4:6a:dd:7b:03:0d
1,2025-11-08 13:14:21,unsecapp.exe,0.0,70.22,f4:6a:dd:7b:03:0d
1,2025-11-08 13:14:21,bash.exe,0.0,70.22,f4:6a:dd:7b:03:0d
1,2025-11-08 13:14:21,chrome.exe,0.0,70.22,f4:6a:dd:7b:03:0d
1,2025-11-08 13:14:21,python.exe,0.0,70.22,f4:6a:dd:7b:03:0d
1,2025-11-08 13:14:21,backgroundTaskHost.exe,0.0,70.22,f4:6a:dd:7b:03:0d
1,2025-11-08 13:14:21,chrome.exe,0.0,70.22,f4:6a:dd:7b:03:0d
id_empresa,datetime,processo,uso de cpu,uso de gpu,mac_address
1,2025-11-08 13:14:32,System Idle Process,347.6,43.12,f4:6a:dd:7b:03:0d
1,2025-11-08 13:14:32,System,32.4,43.12,f4:6a:dd:7b:03:0d
1,2025-11-08 13:14:32,,0.0,43.12,f4:6a:dd:7b:03:0d
1,2025-11-08 13:14:32,Registry,0.0,43.12,f4:6a:dd:7b:03:0d
1,2025-11-08 13:14:32,smss.exe,0.0,43.12,f4:6a:dd:7b:03:0d
1,2025-11-08 13:14:32,msedge.exe,0.0,43.12,f4:6a:dd:7b:03:0d
1,2025-11-08 13:14:32,svchost.exe,0.0,43.12,f4:6a:dd:7b:03:0d
1,2025-11-08 13:14:32,csrss.exe,0.0,43.12,f4:6a:dd:7b:03:0d
1,2025-11-08 13:14:32,svchost.exe,0.0,43.12,f4:6a:dd:7b:03:0d
1,2025-11-08 13:14:32,wininit.exe,0.0,43.12,f4:6a:dd:7b:03:0d
1,2025-11-08 13:14:32,svchost.exe,0.0,43.12,f4:6a:dd:7b:03:0d
1,2025-11-08 13:14:32,svchost.exe,0.0,43.12,f4:6a:dd:7b:03:0d
1,2025-11-08 13:14:32,services.exe,0.0,43.12,f4:6a:dd:7b:03:0d
1,2025-11-08 13:14:32,LsaIso.exe,0.0,43.12,f4:6a:dd:7b:03:0d
1,2025-11-08 13:14:32,lsass.exe,0.7,43.12,f4:6a:dd:7b:03:0d
1,2025-11-08 13:14:32,Code.exe,0.0,43.12,f4:6a:dd:7b:03:0d
1,2025-11-08 13:14:32,svchost.exe,5.9,43.12,f4:6a:dd:7b:03:0d
1,2025-11-08 13:14:32,fontdrvhost.exe,0.0,43.12,f4:6a:dd:7b:03:0d
1,2025-11-08 13:14:32,msedgewebview2.exe,1.5,43.12,f4:6a:dd:7b:03:0d
1,2025-11-08 13:14:32,svchost.exe,0.7,43.12,f4:6a:dd:7b:03:0d
1,2025-11-08 13:14:32,svchost.exe,0.0,43.12,f4:6a:dd:7b:03:0d
1,2025-11-08 13:14:32,WUDFHost.exe,0.0,43.12,f4:6a:dd:7b:03:0d
1,2025-11-08 13:14:32,svchost.exe,0.0,43.12,f4:6a:dd:7b:03:0d
1,2025-11-08 13:14:32,msedgewebview2.exe,0.0,43.12,f4:6a:dd:7b:03:0d
1,2025-11-08 13:14:32,AppProvisioningPlugin.exe,0.0,43.12,f4:6a:dd:7b:03:0d
1,2025-11-08 13:14:32,WUDFHost.exe,0.0,43.12,f4:6a:dd:7b:03:0d
1,2025-11-08 13:14:32,conhost.exe,0.0,43.12,f4:6a:dd:7b:03:0d
1,2025-11-08 13:14:32,OneDrive.exe,0.0,43.12,f4:6a:dd:7b:03:0d
1,2025-11-08 13:14:32,svchost.exe,0.0,43.12,f4:6a:dd:7b:03:0d
1,2025-11-08 13:14:32,svchost.exe,0.0,43.12,f4:6a:dd:7b:03:0d
1,2025-11-08 13:14:32,svchost.exe,0.0,43.12,f4:6a:dd:7b:03:0d
1,2025-11-08 13:14:32,svchost.exe,0.0,43.12,f4:6a:dd:7b:03:0d
1,2025-11-08 13:14:32,svchost.exe,0.0,43.12,f4:6a:dd:7b:03:0d
1,2025-11-08 13:14:32,svchost.exe,0.0,43.12,f4:6a:dd:7b:03:0d
1,2025-11-08 13:14:32,msedge.exe,0.0,43.12,f4:6a:dd:7b:03:0d
1,2025-11-08 13:14:32,svchost.exe,0.0,43.12,f4:6a:dd:7b:03:0d
1,2025-11-08 13:14:32,svchost.exe,0.0,43.12,f4:6a:dd:7b:03:0d
1,2025-11-08 13:14:32,svchost.exe,0.0,43.12,f4:6a:dd:7b:03:0d
1,2025-11-08 13:14:32,chrome.exe,0.7,43.12,f4:6a:dd:7b:03:0d
1,2025-11-08 13:14:32,svchost.exe,1.5,43.12,f4:6a:dd:7b:03:0d
1,2025-11-08 13:14:32,Discord.exe,0.0,43.12,f4:6a:dd:7b:03:0d
1,2025-11-08 13:14:32,svchost.exe,0.0,43.12,f4:6a:dd:7b:03:0d
1,2025-11-08 13:14:32,svchost.exe,1.5,43.12,f4:6a:dd:7b:03:0d
1,2025-11-08 13:14:32,svchost.exe,0.0,43.12,f4:6a:dd:7b:03:0d
1,2025-11-08 13:14:32,msedgewebview2.exe,0.0,43.12,f4:6a:dd:7b:03:0d
1,2025-11-08 13:14:32,msedgewebview2.exe,0.0,43.12,f4:6a:dd:7b:03:0d
1,2025-11-08 13:14:32,RuntimeBroker.exe,0.0,43.12,f4:6a:dd:7b:03:0d
1,2025-11-08 13:14:32,svchost.exe,0.0,43.12,f4:6a:dd:7b:03:0d
1,2025-11-08 13:14:32,svchost.exe,0.0,43.12,f4:6a:dd:7b:03:0d
1,2025-11-08 13:14:32,svchost.exe,0.0,43.12,f4:6a:dd:7b:03:0d
1,2025-11-08 13:14:32,svchost.exe,0.0,43.12,f4:6a:dd:7b:03:0d
1,2025-11-08 13:14:32,amdfendrsr.exe,0.0,43.12,f4:6a:dd:7b:03:0d
1,2025-11-08 13:14:32,svchost.exe,0.0,43.12,f4:6a:dd:7b:03:0d
1,2025-11-08 13:14:32,atiesrxx.exe,0.0,43.12,f4:6a:dd:7b:03:0d
1,2025-11-08 13:14:32,svchost.exe,0.0,43.12,f4:6a:dd:7b:03:0d
1,2025-11-08 13:14:32,svchost.exe,0.0,43.12,f4:6a:dd:7b:03:0d
1,2025-11-08 13:14:32,sihost.exe,0.0,43.12,f4:6a:dd:7b:03:0d
1,2025-11-08 13:14:32,svchost.exe,0.0,43.12,f4:6a:dd:7b:03:0d
1,2025-11-08 13:14:32,msedge.exe,0.0,43.12,f4:6a:dd:7b:03:0d
1,2025-11-08 13:14:32,svchost.exe,0.0,43.12,f4:6a:dd:7b:03:0d
1,2025-11-08 13:14:32,msedgewebview2.exe,0.0,43.12,f4:6a:dd:7b:03:0d
1,2025-11-08 13:14:32,msedge.exe,0.0,43.12,f4:6a:dd:7b:03:0d
1,2025-11-08 13:14:32,LockApp.exe,0.0,43.12,f4:6a:dd:7b:03:0d
1,2025-11-08 13:14:32,NisSrv.exe,0.0,43.12,f4:6a:dd:7b:03:0d
1,2025-11-08 13:14:32,svchost.exe,0.0,43.12,f4:6a:dd:7b:03:0d
1,2025-11-08 13:14:32,svchost.exe,0.0,43.12,f4:6a:dd:7b:03:0d
1,2025-11-08 13:14:32,svchost.exe,0.0,43.12,f4:6a:dd:7b:03:0d
1,2025-11-08 13:14:32,svchost.exe,0.0,43.12,f4:6a:dd:7b:03:0d
1,2025-11-08 13:14:32,svchost.exe,0.0,43.12,f4:6a:dd:7b:03:0d
1,2025-11-08 13:14:32,svchost.exe,0.0,43.12,f4:6a:dd:7b:03:0d
1,2025-11-08 13:14:32,MemCompression,13.4,43.12,f4:6a:dd:7b:03:0d
1,2025-11-08 13:14:32,svchost.exe,0.0,43.12,f4:6a:dd:7b:03:0d
1,2025-11-08 13:14:32,svchost.exe,0.0,43.12,f4:6a:dd:7b:03:0d
1,2025-11-08 13:14:32,svchost.exe,0.0,43.12,f4:6a:dd:7b:03:0d
1,2025-11-08 13:14:32,svchost.exe,0.0,43.12,f4:6a:dd:7b:03:0d
1,2025-11-08 13:14:32,svchost.exe,0.0,43.12,f4:6a:dd:7b:03:0d
1,2025-11-08 13:14:32,RuntimeBroker.exe,0.0,43.12,f4:6a:dd:7b:03:0d
1,2025-11-08 13:14:32,PhoneExperienceHost.exe,0.0,43.12,f4:6a:dd:7b:03:0d
1,2025-11-08 13:14:32,svchost.exe,0.0,43.12,f4:6a:dd:7b:03:0d
1,2025-11-08 13:14:32,svchost.exe,0.0,43.12,f4:6a:dd:7b:03:0d
1,2025-11-08 13:14:32,svchost.exe,0.0,43.12,f4:6a:dd:7b:03:0d
1,2025-11-08 13:14:32,svchost.exe,0.0,43.12,f4:6a:dd:7b:03:0d
1,2025-11-08 13:14:32,svchost.exe,0.0,43.12,f4:6a:dd:7b:03:0d
1,2025-11-08 13:14:32,svchost.exe,0.0,43.12,f4:6a:dd:7b:03:0d
1,2025-11-08 13:14:32,svchost.exe,0.0,43.12,f4:6a:dd:7b:03:0d
1,2025-11-08 13:14:32,OpenConsole.exe,0.0,43.12,f4:6a:dd:7b:03:0d
1,2025-11-08 13:14:32,audiodg.exe,4.5,43.12,f4:6a:dd:7b:03:0d
1,2025-11-08 13:14:32,svchost.exe,0.0,43.12,f4:6a:dd:7b:03:0d
1,2025-11-08 13:14:32,spoolsv.exe,0.0,43.12,f4:6a:dd:7b:03:0d
1,2025-11-08 13:14:32,svchost.exe,0.0,43.12,f4:6a:dd:7b:03:0d
1,2025-11-08 13:14:32,SearchIndexer.exe,0.0,43.12,f4:6a:dd:7b:03:0d
1,2025-11-08 13:14:32,NgcIso.exe,0.0,43.12,f4:6a:dd:7b:03:0d
1,2025-11-08 13:14:32,svchost.exe,0.0,43.12,f4:6a:dd:7b:03:0d
1,2025-11-08 13:14:32,svchost.exe,0.0,43.12,f4:6a:dd:7b:03:0d
1,2025-11-08 13:14:32,svchost.exe,0.0,43.12,f4:6a:dd:7b:03:0d
1,2025-11-08 13:14:32,LenovoUtilityService.exe,0.0,43.12,f4:6a:dd:7b:03:0d
1,2025-11-08 13:14:32,svchost.exe,0.0,43.12,f4:6a:dd:7b:03:0d
1,2025-11-08 13:14:32,svchost.exe,0.0,43.12,f4:6a:dd:7b:03:0d
1,2025-11-08 13:14:32,FMService64.exe,0.0,43.12,f4:6a:dd:7b:03:0d
1,2025-11-08 13:14:32,DAX3API.exe,0.0,43.12,f4:6a:dd:7b:03:0d
1,2025-11-08 13:14:32,svchost.exe,0.0,43.12,f4:6a:dd:7b:03:0d
1,2025-11-08 13:14:32,svchost.exe,0.0,43.12,f4:6a:dd:7b:03:0d
1,2025-11-08 13:14:32,svchost.exe,0.0,43.12,f4:6a:dd:7b:03:0d
1,2025-11-08 13:14:32,svchost.exe,0.0,43.12,f4:6a:dd:7b:03:0d
1,2025-11-08 13:14:32,LNBITSSvc.exe,0.0,43.12,f4:6a:dd:7b:03:0d
1,2025-11-08 13:14:32,Lenovo.Modern.ImController.exe,0.0,43.12,f4:6a:dd:7b:03:0d
1,2025-11-08 13:14:32,svchost.exe,0.0,43.12,f4:6a:dd:7b:03:0d
1,2025-11-08 13:14:32,MpDefenderCoreService.exe,0.7,43.12,f4:6a:dd:7b:03:0d
1,2025-11-08 13:14:32,RtkBtManServ.exe,0.0,43.12,f4:6a:dd:7b:03:0d
1,2025-11-08 13:14:32,svchost.exe,0.0,43.12,f4:6a:dd:7b:03:0d
1,2025-11-08 13:14:32,RtkAudUService64.exe,0.0,43.12,f4:6a:dd:7b:03:0d
1,2025-11-08 13:14:32,OfficeClickToRun.exe,0.0,43.12,f4:6a:dd:7b:03:0d
1,2025-11-08 13:14:32,svchost.exe,0.0,43.12,f4:6a:dd:7b:03:0d
1,2025-11-08 13:14:32,svchost.exe,0.0,43.12,f4:6a:dd:7b:03:0d
1,2025-11-08 13:14:32,UDClientService.exe,1.5,43.12,f4:6a:dd:7b:03:0d
1,2025-11-08 13:14:32,svchost.exe,0.0,43.12,f4:6a:dd:7b:03:0d
1,2025-11-08 13:14:32,mysqld.exe,0.0,43.12,f4:6a:dd:7b:03:0d
1,2025-11-08 13:14:32,MsMpEng.exe,2.2,43.12,f4:6a:dd:7b:03:0d
1,2025-11-08 13:14:32,svchost.exe,0.0,43.12,f4:6a:dd:7b:03:0d
1,2025-11-08 13:14:32,svchost.exe,8.9,43.12,f4:6a:dd:7b:03:0d
1,2025-11-08 13:14:32,wslservice.exe,0.0,43.12,f4:6a:dd:7b:03:0d
1,2025-11-08 13:14:32,msedgewebview2.exe,0.0,43.12,f4:6a:dd:7b:03:0d
1,2025-11-08 13:14:32,mysqld.exe,1.5,43.12,f4:6a:dd:7b:03:0d
1,2025-11-08 13:14:32,ShellExperienceHost.exe,0.0,43.12,f4:6a:dd:7b:03:0d
1,2025-11-08 13:14:32,WmiPrvSE.exe,0.0,43.12,f4:6a:dd:7b:03:0d
1,2025-11-08 13:14:32,conhost.exe,0.0,43.12,f4:6a:dd:7b:03:0d
1,2025-11-08 13:14:32,svchost.exe,0.0,43.12,f4:6a:dd:7b:03:0d
1,2025-11-08 13:14:32,msedge.exe,0.0,43.12,f4:6a:dd:7b:03:0d
1,2025-11-08 13:14:32,msedge.exe,0.0,43.12,f4:6a:dd:7b:03:0d
1,2025-11-08 13:14:32,msedge.exe,0.0,43.12,f4:6a:dd:7b:03:0d
1,2025-11-08 13:14:32,svchost.exe,0.0,43.12,f4:6a:dd:7b:03:0d
1,2025-11-08 13:14:32,unsecapp.exe,0.0,43.12,f4:6a:dd:7b:03:0d
1,2025-11-08 13:14:32,msedgewebview2.exe,0.0,43.12,f4:6a:dd:7b:03:0d
1,2025-11-08 13:14:32,DAX3API.exe,0.0,43.12,f4:6a:dd:7b:03:0d
1,2025-11-08 13:14:32,MSPCManagerService.exe,0.7,43.12,f4:6a:dd:7b:03:0d
1,2025-11-08 13:14:32,chrome.exe,0.0,43.12,f4:6a:dd:7b:03:0d
1,2025-11-08 13:14:32,svchost.exe,2.2,43.12,f4:6a:dd:7b:03:0d
1,2025-11-08 13:14:32,svchost.exe,0.0,43.12,f4:6a:dd:7b:03:0d
1,2025-11-08 13:14:32,svchost.exe,0.0,43.12,f4:6a:dd:7b:03:0d
1,2025-11-08 13:14:32,svchost.exe,0.0,43.12,f4:6a:dd:7b:03:0d
1,2025-11-08 13:14:32,svchost.exe,0.0,43.12,f4:6a:dd:7b:03:0d
1,2025-11-08 13:14:32,AggregatorHost.exe,0.0,43.12,f4:6a:dd:7b:03:0d
1,2025-11-08 13:14:32,svchost.exe,0.0,43.12,f4:6a:dd:7b:03:0d
1,2025-11-08 13:14:32,svchost.exe,0.0,43.12,f4:6a:dd:7b:03:0d
1,2025-11-08 13:14:32,msedgewebview2.exe,0.0,43.12,f4:6a:dd:7b:03:0d
1,2025-11-08 13:14:32,svchost.exe,0.0,43.12,f4:6a:dd:7b:03:0d
1,2025-11-08 13:14:32,svchost.exe,0.0,43.12,f4:6a:dd:7b:03:0d
1,2025-11-08 13:14:32,svchost.exe,0.0,43.12,f4:6a:dd:7b:03:0d
1,2025-11-08 13:14:32,chrome.exe,0.0,43.12,f4:6a:dd:7b:03:0d
1,2025-11-08 13:14:32,RtkAudUService64.exe,0.0,43.12,f4:6a:dd:7b:03:0d
1,2025-11-08 13:14:32,Code.exe,0.0,43.12,f4:6a:dd:7b:03:0d
1,2025-11-08 13:14:32,env.exe,0.0,43.12,f4:6a:dd:7b:03:0d
1,2025-11-08 13:14:32,svchost.exe,0.0,43.12,f4:6a:dd:7b:03:0d
1,2025-11-08 13:14:32,bash.exe,0.0,43.12,f4:6a:dd:7b:03:0d
1,2025-11-08 13:14:32,Code.exe,0.0,43.12,f4:6a:dd:7b:03:0d
1,2025-11-08 13:14:32,OneDrive.Sync.Service.exe,0.0,43.12,f4:6a:dd:7b:03:0d
1,2025-11-08 13:14:32,Notion.exe,0.0,43.12,f4:6a:dd:7b:03:0d
1,2025-11-08 13:14:32,Code.exe,0.0,43.12,f4:6a:dd:7b:03:0d
1,2025-11-08 13:14:32,svchost.exe,0.0,43.12,f4:6a:dd:7b:03:0d
1,2025-11-08 13:14:32,Notion.exe,0.0,43.12,f4:6a:dd:7b:03:0d
1,2025-11-08 13:14:32,OneDrive.exe,5.0,43.12,f4:6a:dd:7b:03:0d
1,2025-11-08 13:14:32,Code.exe,0.0,43.12,f4:6a:dd:7b:03:0d
1,2025-11-08 13:14:32,unsecapp.exe,0.0,43.12,f4:6a:dd:7b:03:0d
1,2025-11-08 13:14:32,Notion.exe,0.0,43.12,f4:6a:dd:7b:03:0d
1,2025-11-08 13:14:32,MSPCManagerCore.exe,0.0,43.12,f4:6a:dd:7b:03:0d
1,2025-11-08 13:14:32,WidgetService.exe,0.0,43.12,f4:6a:dd:7b:03:0d
1,2025-11-08 13:14:32,WhatsApp.Root.exe,0.0,43.12,f4:6a:dd:7b:03:0d
1,2025-11-08 13:14:32,svchost.exe,0.0,43.12,f4:6a:dd:7b:03:0d
1,2025-11-08 13:14:32,svchost.exe,0.0,43.12,f4:6a:dd:7b:03:0d
1,2025-11-08 13:14:32,taskhostw.exe,0.0,43.12,f4:6a:dd:7b:03:0d
1,2025-11-08 13:14:32,FnHotkeyCapsLKNumLK.exe,0.0,43.12,f4:6a:dd:7b:03:0d
1,2025-11-08 13:14:32,MSPCManager.exe,0.0,43.12,f4:6a:dd:7b:03:0d
1,2025-11-08 13:14:32,Notion.exe,0.0,43.12,f4:6a:dd:7b:03:0d
1,2025-11-08 13:14:32,RuntimeBroker.exe,0.0,43.12,f4:6a:dd:7b:03:0d
1,2025-11-08 13:14:32,msedgewebview2.exe,0.0,43.12,f4:6a:dd:7b:03:0d
1,2025-11-08 13:14:32,msedgewebview2.exe,0.0,43.12,f4:6a:dd:7b:03:0d
1,2025-11-08 13:14:32,Code.exe,0.7,43.12,f4:6a:dd:7b:03:0d
1,2025-11-08 13:14:32,msedgewebview2.exe,0.0,43.12,f4:6a:dd:7b:03:0d
1,2025-11-08 13:14:32,msedgewebview2.exe,0.0,43.12,f4:6a:dd:7b:03:0d
1,2025-11-08 13:14:32,svchost.exe,0.0,43.12,f4:6a:dd:7b:03:0d
1,2025-11-08 13:14:32,svchost.exe,0.0,43.12,f4:6a:dd:7b:03:0d
1,2025-11-08 13:14:32,msedge.exe,0.0,43.12,f4:6a:dd:7b:03:0d
1,2025-11-08 13:14:32,msedgewebview2.exe,0.0,43.12,f4:6a:dd:7b:03:0d
1,2025-11-08 13:14:32,msedge.exe,0.0,43.12,f4:6a:dd:7b:03:0d
1,2025-11-08 13:14:32,python.exe,55.0,43.12,f4:6a:dd:7b:03:0d
1,2025-11-08 13:14:32,AutoModeDetect.exe,0.0,43.12,f4:6a:dd:7b:03:0d
1,2025-11-08 13:14:32,Discord.exe,24.4,43.12,f4:6a:dd:7b:03:0d
1,2025-11-08 13:14:32,ms-teams.exe,0.7,43.12,f4:6a:dd:7b:03:0d
1,2025-11-08 13:14:32,WmiPrvSE.exe,18.1,43.12,f4:6a:dd:7b:03:0d
1,2025-11-08 13:14:32,Widgets.exe,0.0,43.12,f4:6a:dd:7b:03:0d
1,2025-11-08 13:14:32,jetbrains-toolbox.exe,0.7,43.12,f4:6a:dd:7b:03:0d
1,2025-11-08 13:14:32,conhost.exe,0.0,43.12,f4:6a:dd:7b:03:0d
1,2025-11-08 13:14:32,Code.exe,0.0,43.12,f4:6a:dd:7b:03:0d
1,2025-11-08 13:14:32,svchost.exe,0.0,43.12,f4:6a:dd:7b:03:0d
1,2025-11-08 13:14:32,msedgewebview2.exe,0.0,43.12,f4:6a:dd:7b:03:0d
1,2025-11-08 13:14:32,RuntimeBroker.exe,0.0,43.12,f4:6a:dd:7b:03:0d
1,2025-11-08 13:14:32,Discord.exe,0.0,43.12,f4:6a:dd:7b:03:0d
1,2025-11-08 13:14:32,Taskmgr.exe,11.7,43.12,f4:6a:dd:7b:03:0d
1,2025-11-08 13:14:32,svchost.exe,0.0,43.12,f4:6a:dd:7b:03:0d
1,2025-11-08 13:14:32,msedgewebview2.exe,0.0,43.12,f4:6a:dd:7b:03:0d
1,2025-11-08 13:14:32,winlogon.exe,0.0,43.12,f4:6a:dd:7b:03:0d
1,2025-11-08 13:14:32,csrss.exe,2.1,43.12,f4:6a:dd:7b:03:0d
1,2025-11-08 13:14:32,Code.exe,0.0,43.12,f4:6a:dd:7b:03:0d
1,2025-11-08 13:14:32,Notion.exe,0.0,43.12,f4:6a:dd:7b:03:0d
1,2025-11-08 13:14:32,ShellHost.exe,0.0,43.12,f4:6a:dd:7b:03:0d
1,2025-11-08 13:14:32,RuntimeBroker.exe,0.0,43.12,f4:6a:dd:7b:03:0d
1,2025-11-08 13:14:32,svchost.exe,0.0,43.12,f4:6a:dd:7b:03:0d
1,2025-11-08 13:14:32,msedgewebview2.exe,0.0,43.12,f4:6a:dd:7b:03:0d
1,2025-11-08 13:14:32,SecurityHealthService.exe,0.0,43.12,f4:6a:dd:7b:03:0d
1,2025-11-08 13:14:32,chrome.exe,0.0,43.12,f4:6a:dd:7b:03:0d
1,2025-11-08 13:14:32,msedge.exe,0.0,43.12,f4:6a:dd:7b:03:0d
1,2025-11-08 13:14:32,powershell.exe,0.7,43.12,f4:6a:dd:7b:03:0d
1,2025-11-08 13:14:32,python.exe,0.0,43.12,f4:6a:dd:7b:03:0d
1,2025-11-08 13:14:32,FileSyncHelper.exe,0.0,43.12,f4:6a:dd:7b:03:0d
1,2025-11-08 13:14:32,msedgewebview2.exe,0.0,43.12,f4:6a:dd:7b:03:0d
1,2025-11-08 13:14:32,fsnotifier.exe,0.0,43.12,f4:6a:dd:7b:03:0d
1,2025-11-08 13:14:32,ctfmon.exe,0.0,43.12,f4:6a:dd:7b:03:0d
1,2025-11-08 13:14:32,Notion.exe,0.0,43.12,f4:6a:dd:7b:03:0d
1,2025-11-08 13:14:32,taskhostw.exe,0.0,43.12,f4:6a:dd:7b:03:0d
1,2025-11-08 13:14:32,svchost.exe,0.0,43.12,f4:6a:dd:7b:03:0d
1,2025-11-08 13:14:32,dllhost.exe,0.0,43.12,f4:6a:dd:7b:03:0d
1,2025-11-08 13:14:32,FnHotkeyUtility.exe,0.0,43.12,f4:6a:dd:7b:03:0d
1,2025-11-08 13:14:32,msedgewebview2.exe,0.0,43.12,f4:6a:dd:7b:03:0d
1,2025-11-08 13:14:32,chrome.exe,0.0,43.12,f4:6a:dd:7b:03:0d
1,2025-11-08 13:14:32,msedgewebview2.exe,0.0,43.12,f4:6a:dd:7b:03:0d
1,2025-11-08 13:14:32,ms-teams.exe,0.0,43.12,f4:6a:dd:7b:03:0d
1,2025-11-08 13:14:32,msedgewebview2.exe,0.0,43.12,f4:6a:dd:7b:03:0d
1,2025-11-08 13:14:32,UserOOBEBroker.exe,0.0,43.12,f4:6a:dd:7b:03:0d
1,2025-11-08 13:14:32,msedge.exe,0.7,43.12,f4:6a:dd:7b:03:0d
1,2025-11-08 13:14:32,Copilot.exe,0.0,43.12,f4:6a:dd:7b:03:0d
1,2025-11-08 13:14:32,Code.exe,0.0,43.12,f4:6a:dd:7b:03:0d
1,2025-11-08 13:14:32,conhost.exe,0.0,43.12,f4:6a:dd:7b:03:0d
1,2025-11-08 13:14:32,Discord.exe,0.0,43.12,f4:6a:dd:7b:03:0d
1,2025-11-08 13:14:32,msedgewebview2.exe,0.7,43.12,f4:6a:dd:7b:03:0d
1,2025-11-08 13:14:32,SearchHost.exe,0.0,43.12,f4:6a:dd:7b:03:0d
1,2025-11-08 13:14:32,msedgewebview2.exe,0.0,43.12,f4:6a:dd:7b:03:0d
1,2025-11-08 13:14:32,Code.exe,0.0,43.12,f4:6a:dd:7b:03:0d
1,2025-11-08 13:14:32,atieclxx.exe,0.0,43.12,f4:6a:dd:7b:03:0d
1,2025-11-08 13:14:32,msedgewebview2.exe,0.0,43.12,f4:6a:dd:7b:03:0d
1,2025-11-08 13:14:32,msedgewebview2.exe,0.0,43.12,f4:6a:dd:7b:03:0d
1,2025-11-08 13:14:32,chrome.exe,0.0,43.12,f4:6a:dd:7b:03:0d
1,2025-11-08 13:14:32,svchost.exe,0.0,43.12,f4:6a:dd:7b:03:0d
1,2025-11-08 13:14:32,FileCoAuth.exe,0.0,43.12,f4:6a:dd:7b:03:0d
1,2025-11-08 13:14:32,TextInputHost.exe,0.0,43.12,f4:6a:dd:7b:03:0d
1,2025-11-08 13:14:32,explorer.exe,0.0,43.12,f4:6a:dd:7b:03:0d
1,2025-11-08 13:14:32,Notion.exe,0.0,43.12,f4:6a:dd:7b:03:0d
1,2025-11-08 13:14:32,AppActions.exe,0.0,43.12,f4:6a:dd:7b:03:0d
1,2025-11-08 13:14:32,SecurityHealthSystray.exe,0.0,43.12,f4:6a:dd:7b:03:0d
1,2025-11-08 13:14:32,msedge.exe,0.0,43.12,f4:6a:dd:7b:03:0d
1,2025-11-08 13:14:32,Code.exe,0.7,43.12,f4:6a:dd:7b:03:0d
1,2025-11-08 13:14:32,StartMenuExperienceHost.exe,0.0,43.12,f4:6a:dd:7b:03:0d
1,2025-11-08 13:14:32,conhost.exe,0.0,43.12,f4:6a:dd:7b:03:0d
1,2025-11-08 13:14:32,dwm.exe,2.1,43.12,f4:6a:dd:7b:03:0d
1,2025-11-08 13:14:32,msedge.exe,0.0,43.12,f4:6a:dd:7b:03:0d
1,2025-11-08 13:14:32,msedgewebview2.exe,0.0,43.12,f4:6a:dd:7b:03:0d
1,2025-11-08 13:14:32,svchost.exe,0.0,43.12,f4:6a:dd:7b:03:0d
1,2025-11-08 13:14:32,ApplicationFrameHost.exe,0.0,43.12,f4:6a:dd:7b:03:0d
1,2025-11-08 13:14:32,RuntimeBroker.exe,0.0,43.12,f4:6a:dd:7b:03:0d
1,2025-11-08 13:14:32,Notion.exe,0.0,43.12,f4:6a:dd:7b:03:0d
1,2025-11-08 13:14:32,fontdrvhost.exe,0.0,43.12,f4:6a:dd:7b:03:0d
1,2025-11-08 13:14:32,RuntimeBroker.exe,0.0,43.12,f4:6a:dd:7b:03:0d
1,2025-11-08 13:14:32,svchost.exe,0.0,43.12,f4:6a:dd:7b:03:0d
1,2025-11-08 13:14:32,svchost.exe,0.0,43.12,f4:6a:dd:7b:03:0d
1,2025-11-08 13:14:32,Discord.exe,0.0,43.12,f4:6a:dd:7b:03:0d
1,2025-11-08 13:14:32,svchost.exe,0.0,43.12,f4:6a:dd:7b:03:0d
1,2025-11-08 13:14:32,idea64.exe,6.2,43.12,f4:6a:dd:7b:03:0d
1,2025-11-08 13:14:32,conhost.exe,1.4,43.12,f4:6a:dd:7b:03:0d
1,2025-11-08 13:14:32,msedgewebview2.exe,0.0,43.12,f4:6a:dd:7b:03:0d
1,2025-11-08 13:14:32,RuntimeBroker.exe,0.0,43.12,f4:6a:dd:7b:03:0d
1,2025-11-08 13:14:32,Discord.exe,1.4,43.12,f4:6a:dd:7b:03:0d
1,2025-11-08 13:14:32,CrossDeviceResume.exe,0.0,43.12,f4:6a:dd:7b:03:0d
1,2025-11-08 13:14:32,Code.exe,0.7,43.12,f4:6a:dd:7b:03:0d
1,2025-11-08 13:14:32,conhost.exe,0.0,43.12,f4:6a:dd:7b:03:0d
1,2025-11-08 13:14:32,bash.exe,0.7,43.12,f4:6a:dd:7b:03:0d
1,2025-11-08 13:14:32,chrome.exe,0.0,43.12,f4:6a:dd:7b:03:0d
1,2025-11-08 13:14:32,svchost.exe,0.0,43.12,f4:6a:dd:7b:03:0d
1,2025-11-08 13:14:32,pet.exe,0.0,43.12,f4:6a:dd:7b:03:0d
1,2025-11-08 13:14:32,bash.exe,0.0,43.12,f4:6a:dd:7b:03:0d
1,2025-11-08 13:14:32,conhost.exe,0.0,43.12,f4:6a:dd:7b:03:0d
1,2025-11-08 13:14:32,Code.exe,0.0,43.12,f4:6a:dd:7b:03:0d
1,2025-11-08 13:14:32,chrome.exe,0.0,43.12,f4:6a:dd:7b:03:0d
1,2025-11-08 13:14:32,svchost.exe,0.0,43.12,f4:6a:dd:7b:03:0d
1,2025-11-08 13:14:32,smartscreen.exe,0.0,43.12,f4:6a:dd:7b:03:0d
1,2025-11-08 13:14:32,msedge.exe,0.0,43.12,f4:6a:dd:7b:03:0d
1,2025-11-08 13:14:32,unsecapp.exe,0.0,43.12,f4:6a:dd:7b:03:0d
1,2025-11-08 13:14:32,bash.exe,0.0,43.12,f4:6a:dd:7b:03:0d
1,2025-11-08 13:14:32,chrome.exe,0.0,43.12,f4:6a:dd:7b:03:0d
1,2025-11-08 13:14:32,python.exe,0.0,43.12,f4:6a:dd:7b:03:0d
1,2025-11-08 13:14:32,backgroundTaskHost.exe,0.0,43.12,f4:6a:dd:7b:03:0d
1,2025-11-08 13:14:32,chrome.exe,0.0,43.12,f4:6a:dd:7b:03:0d
id_empresa,datetime,processo,uso de cpu,uso de gpu,mac_address
1,2025-11-08 13:14:42,System Idle Process,171.5,94.61,f4:6a:dd:7b:03:0d
1,2025-11-08 13:14:42,System,60.6,94.61,f4:6a:dd:7b:03:0d
1,2025-11-08 13:14:42,,0.0,94.61,f4:6a:dd:7b:03:0d
1,2025-11-08 13:14:42,Registry,0.0,94.61,f4:6a:dd:7b:03:0d
1,2025-11-08 13:14:42,smss.exe,0.0,94.61,f4:6a:dd:7b:03:0d
1,2025-11-08 13:14:42,msedge.exe,0.0,94.61,f4:6a:dd:7b:03:0d
1,2025-11-08 13:14:42,svchost.exe,0.0,94.61,f4:6a:dd:7b:03:0d
1,2025-11-08 13:14:42,csrss.exe,0.0,94.61,f4:6a:dd:7b:03:0d
1,2025-11-08 13:14:42,svchost.exe,0.0,94.61,f4:6a:dd:7b:03:0d
1,2025-11-08 13:14:42,wininit.exe,0.0,94.61,f4:6a:dd:7b:03:0d
1,2025-11-08 13:14:42,svchost.exe,0.0,94.61,f4:6a:dd:7b:03:0d
1,2025-11-08 13:14:42,svchost.exe,0.0,94.61,f4:6a:dd:7b:03:0d
1,2025-11-08 13:14:42,services.exe,0.0,94.61,f4:6a:dd:7b:03:0d
1,2025-11-08 13:14:42,LsaIso.exe,0.0,94.61,f4:6a:dd:7b:03:0d
1,2025-11-08 13:14:42,lsass.exe,0.6,94.61,f4:6a:dd:7b:03:0d
1,2025-11-08 13:14:42,Code.exe,0.0,94.61,f4:6a:dd:7b:03:0d
1,2025-11-08 13:14:42,svchost.exe,7.8,94.61,f4:6a:dd:7b:03:0d
1,2025-11-08 13:14:42,fontdrvhost.exe,0.0,94.61,f4:6a:dd:7b:03:0d
1,2025-11-08 13:14:42,msedgewebview2.exe,0.0,94.61,f4:6a:dd:7b:03:0d
1,2025-11-08 13:14:42,svchost.exe,0.6,94.61,f4:6a:dd:7b:03:0d
1,2025-11-08 13:14:42,svchost.exe,0.0,94.61,f4:6a:dd:7b:03:0d
1,2025-11-08 13:14:42,WUDFHost.exe,0.0,94.61,f4:6a:dd:7b:03:0d
1,2025-11-08 13:14:42,svchost.exe,0.0,94.61,f4:6a:dd:7b:03:0d
1,2025-11-08 13:14:42,msedgewebview2.exe,0.0,94.61,f4:6a:dd:7b:03:0d
1,2025-11-08 13:14:42,AppProvisioningPlugin.exe,0.0,94.61,f4:6a:dd:7b:03:0d
1,2025-11-08 13:14:42,WUDFHost.exe,0.0,94.61,f4:6a:dd:7b:03:0d
1,2025-11-08 13:14:42,conhost.exe,0.0,94.61,f4:6a:dd:7b:03:0d
1,2025-11-08 13:14:42,OneDrive.exe,0.0,94.61,f4:6a:dd:7b:03:0d
1,2025-11-08 13:14:42,svchost.exe,0.0,94.61,f4:6a:dd:7b:03:0d
1,2025-11-08 13:14:42,svchost.exe,0.0,94.61,f4:6a:dd:7b:03:0d
1,2025-11-08 13:14:42,svchost.exe,1.9,94.61,f4:6a:dd:7b:03:0d
1,2025-11-08 13:14:42,svchost.exe,0.0,94.61,f4:6a:dd:7b:03:0d
1,2025-11-08 13:14:42,svchost.exe,0.0,94.61,f4:6a:dd:7b:03:0d
1,2025-11-08 13:14:42,svchost.exe,0.0,94.61,f4:6a:dd:7b:03:0d
1,2025-11-08 13:14:42,msedge.exe,0.0,94.61,f4:6a:dd:7b:03:0d
1,2025-11-08 13:14:42,svchost.exe,0.0,94.61,f4:6a:dd:7b:03:0d
1,2025-11-08 13:14:42,svchost.exe,0.0,94.61,f4:6a:dd:7b:03:0d
1,2025-11-08 13:14:42,svchost.exe,0.0,94.61,f4:6a:dd:7b:03:0d
1,2025-11-08 13:14:42,chrome.exe,0.0,94.61,f4:6a:dd:7b:03:0d
1,2025-11-08 13:14:42,svchost.exe,0.0,94.61,f4:6a:dd:7b:03:0d
1,2025-11-08 13:14:42,Discord.exe,21.8,94.61,f4:6a:dd:7b:03:0d
1,2025-11-08 13:14:42,svchost.exe,0.0,94.61,f4:6a:dd:7b:03:0d
1,2025-11-08 13:14:42,svchost.exe,0.0,94.61,f4:6a:dd:7b:03:0d
1,2025-11-08 13:14:42,svchost.exe,0.0,94.61,f4:6a:dd:7b:03:0d
1,2025-11-08 13:14:42,msedgewebview2.exe,0.0,94.61,f4:6a:dd:7b:03:0d
1,2025-11-08 13:14:42,msedgewebview2.exe,0.0,94.61,f4:6a:dd:7b:03:0d
1,2025-11-08 13:14:42,RuntimeBroker.exe,0.0,94.61,f4:6a:dd:7b:03:0d
1,2025-11-08 13:14:42,svchost.exe,0.0,94.61,f4:6a:dd:7b:03:0d
1,2025-11-08 13:14:42,svchost.exe,0.0,94.61,f4:6a:dd:7b:03:0d
1,2025-11-08 13:14:42,svchost.exe,0.0,94.61,f4:6a:dd:7b:03:0d
1,2025-11-08 13:14:42,svchost.exe,0.0,94.61,f4:6a:dd:7b:03:0d
1,2025-11-08 13:14:42,amdfendrsr.exe,0.0,94.61,f4:6a:dd:7b:03:0d
1,2025-11-08 13:14:42,svchost.exe,0.0,94.61,f4:6a:dd:7b:03:0d
1,2025-11-08 13:14:42,atiesrxx.exe,0.0,94.61,f4:6a:dd:7b:03:0d
1,2025-11-08 13:14:42,svchost.exe,0.0,94.61,f4:6a:dd:7b:03:0d
1,2025-11-08 13:14:42,svchost.exe,0.0,94.61,f4:6a:dd:7b:03:0d
1,2025-11-08 13:14:42,sihost.exe,0.0,94.61,f4:6a:dd:7b:03:0d
1,2025-11-08 13:14:42,svchost.exe,0.0,94.61,f4:6a:dd:7b:03:0d
1,2025-11-08 13:14:42,msedge.exe,0.0,94.61,f4:6a:dd:7b:03:0d
1,2025-11-08 13:14:42,svchost.exe,1.2,94.61,f4:6a:dd:7b:03:0d
1,2025-11-08 13:14:42,msedgewebview2.exe,0.0,94.61,f4:6a:dd:7b:03:0d
1,2025-11-08 13:14:42,msedge.exe,0.0,94.61,f4:6a:dd:7b:03:0d
1,2025-11-08 13:14:42,LockApp.exe,0.0,94.61,f4:6a:dd:7b:03:0d
1,2025-11-08 13:14:42,NisSrv.exe,0.0,94.61,f4:6a:dd:7b:03:0d
1,2025-11-08 13:14:42,svchost.exe,0.0,94.61,f4:6a:dd:7b:03:0d
1,2025-11-08 13:14:42,svchost.exe,0.0,94.61,f4:6a:dd:7b:03:0d
1,2025-11-08 13:14:42,svchost.exe,0.0,94.61,f4:6a:dd:7b:03:0d
1,2025-11-08 13:14:42,svchost.exe,0.0,94.61,f4:6a:dd:7b:03:0d
1,2025-11-08 13:14:42,svchost.exe,0.0,94.61,f4:6a:dd:7b:03:0d
1,2025-11-08 13:14:42,svchost.exe,0.0,94.61,f4:6a:dd:7b:03:0d
1,2025-11-08 13:14:42,MemCompression,67.5,94.61,f4:6a:dd:7b:03:0d
1,2025-11-08 13:14:42,svchost.exe,0.0,94.61,f4:6a:dd:7b:03:0d
1,2025-11-08 13:14:42,svchost.exe,0.0,94.61,f4:6a:dd:7b:03:0d
1,2025-11-08 13:14:42,svchost.exe,0.0,94.61,f4:6a:dd:7b:03:0d
1,2025-11-08 13:14:42,svchost.exe,0.0,94.61,f4:6a:dd:7b:03:0d
1,2025-11-08 13:14:42,svchost.exe,0.0,94.61,f4:6a:dd:7b:03:0d
1,2025-11-08 13:14:42,RuntimeBroker.exe,0.0,94.61,f4:6a:dd:7b:03:0d
1,2025-11-08 13:14:42,PhoneExperienceHost.exe,0.6,94.61,f4:6a:dd:7b:03:0d
1,2025-11-08 13:14:42,svchost.exe,0.6,94.61,f4:6a:dd:7b:03:0d
1,2025-11-08 13:14:42,svchost.exe,0.0,94.61,f4:6a:dd:7b:03:0d
1,2025-11-08 13:14:42,svchost.exe,0.0,94.61,f4:6a:dd:7b:03:0d
1,2025-11-08 13:14:42,svchost.exe,0.0,94.61,f4:6a:dd:7b:03:0d
1,2025-11-08 13:14:42,svchost.exe,0.0,94.61,f4:6a:dd:7b:03:0d
1,2025-11-08 13:14:42,svchost.exe,0.0,94.61,f4:6a:dd:7b:03:0d
1,2025-11-08 13:14:42,svchost.exe,0.0,94.61,f4:6a:dd:7b:03:0d
1,2025-11-08 13:14:42,OpenConsole.exe,0.0,94.61,f4:6a:dd:7b:03:0d
1,2025-11-08 13:14:42,audiodg.exe,8.1,94.61,f4:6a:dd:7b:03:0d
1,2025-11-08 13:14:42,svchost.exe,0.6,94.61,f4:6a:dd:7b:03:0d
1,2025-11-08 13:14:42,spoolsv.exe,0.0,94.61,f4:6a:dd:7b:03:0d
1,2025-11-08 13:14:42,svchost.exe,0.0,94.61,f4:6a:dd:7b:03:0d
1,2025-11-08 13:14:42,SearchIndexer.exe,0.0,94.61,f4:6a:dd:7b:03:0d
1,2025-11-08 13:14:42,NgcIso.exe,0.0,94.61,f4:6a:dd:7b:03:0d
1,2025-11-08 13:14:42,svchost.exe,0.0,94.61,f4:6a:dd:7b:03:0d
1,2025-11-08 13:14:42,svchost.exe,0.0,94.61,f4:6a:dd:7b:03:0d
1,2025-11-08 13:14:42,svchost.exe,1.9,94.61,f4:6a:dd:7b:03:0d
1,2025-11-08 13:14:42,LenovoUtilityService.exe,0.0,94.61,f4:6a:dd:7b:03:0d
1,2025-11-08 13:14:42,svchost.exe,0.0,94.61,f4:6a:dd:7b:03:0d
1,2025-11-08 13:14:42,svchost.exe,0.0,94.61,f4:6a:dd:7b:03:0d
1,2025-11-08 13:14:42,FMService64.exe,0.0,94.61,f4:6a:dd:7b:03:0d
1,2025-11-08 13:14:42,DAX3API.exe,0.0,94.61,f4:6a:dd:7b:03:0d
1,2025-11-08 13:14:42,svchost.exe,0.0,94.61,f4:6a:dd:7b:03:0d
1,2025-11-08 13:14:42,svchost.exe,0.0,94.61,f4:6a:dd:7b:03:0d
1,2025-11-08 13:14:42,svchost.exe,0.0,94.61,f4:6a:dd:7b:03:0d
1,2025-11-08 13:14:42,svchost.exe,0.0,94.61,f4:6a:dd:7b:03:0d
1,2025-11-08 13:14:42,LNBITSSvc.exe,0.0,94.61,f4:6a:dd:7b:03:0d
1,2025-11-08 13:14:42,Lenovo.Modern.ImController.exe,0.6,94.61,f4:6a:dd:7b:03:0d
1,2025-11-08 13:14:42,svchost.exe,0.0,94.61,f4:6a:dd:7b:03:0d
1,2025-11-08 13:14:42,MpDefenderCoreService.exe,0.0,94.61,f4:6a:dd:7b:03:0d
1,2025-11-08 13:14:42,RtkBtManServ.exe,0.6,94.61,f4:6a:dd:7b:03:0d
1,2025-11-08 13:14:42,svchost.exe,0.0,94.61,f4:6a:dd:7b:03:0d
1,2025-11-08 13:14:42,RtkAudUService64.exe,0.0,94.61,f4:6a:dd:7b:03:0d
1,2025-11-08 13:14:42,OfficeClickToRun.exe,0.0,94.61,f4:6a:dd:7b:03:0d
1,2025-11-08 13:14:42,svchost.exe,0.0,94.61,f4:6a:dd:7b:03:0d
1,2025-11-08 13:14:42,svchost.exe,0.0,94.61,f4:6a:dd:7b:03:0d
1,2025-11-08 13:14:42,UDClientService.exe,1.3,94.61,f4:6a:dd:7b:03:0d
1,2025-11-08 13:14:42,svchost.exe,0.0,94.61,f4:6a:dd:7b:03:0d
1,2025-11-08 13:14:42,mysqld.exe,0.0,94.61,f4:6a:dd:7b:03:0d
1,2025-11-08 13:14:42,MsMpEng.exe,4.4,94.61,f4:6a:dd:7b:03:0d
1,2025-11-08 13:14:42,svchost.exe,0.0,94.61,f4:6a:dd:7b:03:0d
1,2025-11-08 13:14:42,svchost.exe,8.2,94.61,f4:6a:dd:7b:03:0d
1,2025-11-08 13:14:42,wslservice.exe,0.0,94.61,f4:6a:dd:7b:03:0d
1,2025-11-08 13:14:42,msedgewebview2.exe,0.0,94.61,f4:6a:dd:7b:03:0d
1,2025-11-08 13:14:42,mysqld.exe,0.6,94.61,f4:6a:dd:7b:03:0d
1,2025-11-08 13:14:42,ShellExperienceHost.exe,0.0,94.61,f4:6a:dd:7b:03:0d
1,2025-11-08 13:14:42,WmiPrvSE.exe,0.0,94.61,f4:6a:dd:7b:03:0d
1,2025-11-08 13:14:42,conhost.exe,0.0,94.61,f4:6a:dd:7b:03:0d
1,2025-11-08 13:14:42,svchost.exe,0.0,94.61,f4:6a:dd:7b:03:0d
1,2025-11-08 13:14:42,msedge.exe,0.0,94.61,f4:6a:dd:7b:03:0d
1,2025-11-08 13:14:42,msedge.exe,0.0,94.61,f4:6a:dd:7b:03:0d
1,2025-11-08 13:14:42,msedge.exe,0.0,94.61,f4:6a:dd:7b:03:0d
1,2025-11-08 13:14:42,svchost.exe,2.5,94.61,f4:6a:dd:7b:03:0d
1,2025-11-08 13:14:42,unsecapp.exe,0.0,94.61,f4:6a:dd:7b:03:0d
1,2025-11-08 13:14:42,msedgewebview2.exe,0.0,94.61,f4:6a:dd:7b:03:0d
1,2025-11-08 13:14:42,DAX3API.exe,0.0,94.61,f4:6a:dd:7b:03:0d
1,2025-11-08 13:14:42,MSPCManagerService.exe,1.3,94.61,f4:6a:dd:7b:03:0d
1,2025-11-08 13:14:42,chrome.exe,0.0,94.61,f4:6a:dd:7b:03:0d
1,2025-11-08 13:14:42,svchost.exe,0.0,94.61,f4:6a:dd:7b:03:0d
1,2025-11-08 13:14:42,svchost.exe,0.0,94.61,f4:6a:dd:7b:03:0d
1,2025-11-08 13:14:42,svchost.exe,0.0,94.61,f4:6a:dd:7b:03:0d
1,2025-11-08 13:14:42,svchost.exe,0.0,94.61,f4:6a:dd:7b:03:0d
1,2025-11-08 13:14:42,svchost.exe,0.0,94.61,f4:6a:dd:7b:03:0d
1,2025-11-08 13:14:42,AggregatorHost.exe,0.0,94.61,f4:6a:dd:7b:03:0d
1,2025-11-08 13:14:42,svchost.exe,0.0,94.61,f4:6a:dd:7b:03:0d
1,2025-11-08 13:14:42,svchost.exe,0.0,94.61,f4:6a:dd:7b:03:0d
1,2025-11-08 13:14:42,msedgewebview2.exe,0.0,94.61,f4:6a:dd:7b:03:0d
1,2025-11-08 13:14:42,svchost.exe,0.0,94.61,f4:6a:dd:7b:03:0d
1,2025-11-08 13:14:42,svchost.exe,0.0,94.61,f4:6a:dd:7b:03:0d
1,2025-11-08 13:14:42,svchost.exe,0.0,94.61,f4:6a:dd:7b:03:0d
1,2025-11-08 13:14:42,chrome.exe,0.0,94.61,f4:6a:dd:7b:03:0d
1,2025-11-08 13:14:42,RtkAudUService64.exe,0.0,94.61,f4:6a:dd:7b:03:0d
1,2025-11-08 13:14:42,Code.exe,0.0,94.61,f4:6a:dd:7b:03:0d
1,2025-11-08 13:14:42,env.exe,0.0,94.61,f4:6a:dd:7b:03:0d
1,2025-11-08 13:14:42,svchost.exe,0.0,94.61,f4:6a:dd:7b:03:0d
1,2025-11-08 13:14:42,bash.exe,0.0,94.61,f4:6a:dd:7b:03:0d
1,2025-11-08 13:14:42,Code.exe,0.0,94.61,f4:6a:dd:7b:03:0d
1,2025-11-08 13:14:42,OneDrive.Sync.Service.exe,0.0,94.61,f4:6a:dd:7b:03:0d
1,2025-11-08 13:14:42,Notion.exe,0.6,94.61,f4:6a:dd:7b:03:0d
1,2025-11-08 13:14:42,Code.exe,0.0,94.61,f4:6a:dd:7b:03:0d
1,2025-11-08 13:14:42,svchost.exe,0.0,94.61,f4:6a:dd:7b:03:0d
1,2025-11-08 13:14:42,Notion.exe,0.6,94.61,f4:6a:dd:7b:03:0d
1,2025-11-08 13:14:42,OneDrive.exe,0.6,94.61,f4:6a:dd:7b:03:0d
1,2025-11-08 13:14:42,Code.exe,0.0,94.61,f4:6a:dd:7b:03:0d
1,2025-11-08 13:14:42,unsecapp.exe,0.0,94.61,f4:6a:dd:7b:03:0d
1,2025-11-08 13:14:42,Notion.exe,1.3,94.61,f4:6a:dd:7b:03:0d
1,2025-11-08 13:14:42,MSPCManagerCore.exe,1.3,94.61,f4:6a:dd:7b:03:0d
1,2025-11-08 13:14:42,WidgetService.exe,0.0,94.61,f4:6a:dd:7b:03:0d
1,2025-11-08 13:14:42,WhatsApp.Root.exe,0.0,94.61,f4:6a:dd:7b:03:0d
1,2025-11-08 13:14:42,svchost.exe,0.0,94.61,f4:6a:dd:7b:03:0d
1,2025-11-08 13:14:42,svchost.exe,0.0,94.61,f4:6a:dd:7b:03:0d
1,2025-11-08 13:14:42,taskhostw.exe,0.0,94.61,f4:6a:dd:7b:03:0d
1,2025-11-08 13:14:42,FnHotkeyCapsLKNumLK.exe,0.0,94.61,f4:6a:dd:7b:03:0d
1,2025-11-08 13:14:42,MSPCManager.exe,1.3,94.61,f4:6a:dd:7b:03:0d
1,2025-11-08 13:14:42,Notion.exe,1.3,94.61,f4:6a:dd:7b:03:0d
1,2025-11-08 13:14:42,RuntimeBroker.exe,0.0,94.61,f4:6a:dd:7b:03:0d
1,2025-11-08 13:14:42,msedgewebview2.exe,0.0,94.61,f4:6a:dd:7b:03:0d
1,2025-11-08 13:14:42,msedgewebview2.exe,0.0,94.61,f4:6a:dd:7b:03:0d
1,2025-11-08 13:14:42,Code.exe,0.0,94.61,f4:6a:dd:7b:03:0d
1,2025-11-08 13:14:42,msedgewebview2.exe,0.0,94.61,f4:6a:dd:7b:03:0d
1,2025-11-08 13:14:42,msedgewebview2.exe,0.0,94.61,f4:6a:dd:7b:03:0d
1,2025-11-08 13:14:42,svchost.exe,0.0,94.61,f4:6a:dd:7b:03:0d
1,2025-11-08 13:14:42,svchost.exe,0.0,94.61,f4:6a:dd:7b:03:0d
1,2025-11-08 13:14:42,msedge.exe,0.0,94.61,f4:6a:dd:7b:03:0d
1,2025-11-08 13:14:42,msedgewebview2.exe,0.0,94.61,f4:6a:dd:7b:03:0d
1,2025-11-08 13:14:42,msedge.exe,0.6,94.61,f4:6a:dd:7b:03:0d
1,2025-11-08 13:14:42,python.exe,50.4,94.61,f4:6a:dd:7b:03:0d
1,2025-11-08 13:14:42,AutoModeDetect.exe,0.0,94.61,f4:6a:dd:7b:03:0d
1,2025-11-08 13:14:42,Discord.exe,67.2,94.61,f4:6a:dd:7b:03:0d
1,2025-11-08 13:14:42,ms-teams.exe,0.0,94.61,f4:6a:dd:7b:03:0d
1,2025-11-08 13:14:42,WmiPrvSE.exe,23.3,94.61,f4:6a:dd:7b:03:0d
1,2025-11-08 13:14:42,Widgets.exe,0.0,94.61,f4:6a:dd:7b:03:0d
1,2025-11-08 13:14:42,jetbrains-toolbox.exe,0.7,94.61,f4:6a:dd:7b:03:0d
1,2025-11-08 13:14:42,conhost.exe,0.0,94.61,f4:6a:dd:7b:03:0d
1,2025-11-08 13:14:42,Code.exe,0.0,94.61,f4:6a:dd:7b:03:0d
1,2025-11-08 13:14:42,svchost.exe,0.0,94.61,f4:6a:dd:7b:03:0d
1,2025-11-08 13:14:42,msedgewebview2.exe,0.0,94.61,f4:6a:dd:7b:03:0d
1,2025-11-08 13:14:42,RuntimeBroker.exe,0.0,94.61,f4:6a:dd:7b:03:0d
1,2025-11-08 13:14:42,Discord.exe,0.0,94.61,f4:6a:dd:7b:03:0d
1,2025-11-08 13:14:42,Taskmgr.exe,14.4,94.61,f4:6a:dd:7b:03:0d
1,2025-11-08 13:14:42,svchost.exe,0.0,94.61,f4:6a:dd:7b:03:0d
1,2025-11-08 13:14:42,msedgewebview2.exe,0.0,94.61,f4:6a:dd:7b:03:0d
1,2025-11-08 13:14:42,winlogon.exe,0.0,94.61,f4:6a:dd:7b:03:0d
1,2025-11-08 13:14:42,csrss.exe,1.3,94.61,f4:6a:dd:7b:03:0d
1,2025-11-08 13:14:42,Code.exe,0.0,94.61,f4:6a:dd:7b:03:0d
1,2025-11-08 13:14:42,Notion.exe,0.0,94.61,f4:6a:dd:7b:03:0d
1,2025-11-08 13:14:42,ShellHost.exe,0.0,94.61,f4:6a:dd:7b:03:0d
1,2025-11-08 13:14:42,RuntimeBroker.exe,0.0,94.61,f4:6a:dd:7b:03:0d
1,2025-11-08 13:14:42,svchost.exe,0.0,94.61,f4:6a:dd:7b:03:0d
1,2025-11-08 13:14:42,msedgewebview2.exe,0.0,94.61,f4:6a:dd:7b:03:0d
1,2025-11-08 13:14:42,SecurityHealthService.exe,0.0,94.61,f4:6a:dd:7b:03:0d
1,2025-11-08 13:14:42,chrome.exe,0.0,94.61,f4:6a:dd:7b:03:0d
1,2025-11-08 13:14:42,msedge.exe,0.0,94.61,f4:6a:dd:7b:03:0d
1,2025-11-08 13:14:42,powershell.exe,0.0,94.61,f4:6a:dd:7b:03:0d
1,2025-11-08 13:14:42,python.exe,0.0,94.61,f4:6a:dd:7b:03:0d
1,2025-11-08 13:14:42,FileSyncHelper.exe,0.0,94.61,f4:6a:dd:7b:03:0d
1,2025-11-08 13:14:42,msedgewebview2.exe,0.0,94.61,f4:6a:dd:7b:03:0d
1,2025-11-08 13:14:42,fsnotifier.exe,0.7,94.61,f4:6a:dd:7b:03:0d
1,2025-11-08 13:14:42,ctfmon.exe,0.0,94.61,f4:6a:dd:7b:03:0d
1,2025-11-08 13:14:42,Notion.exe,0.0,94.61,f4:6a:dd:7b:03:0d
1,2025-11-08 13:14:42,taskhostw.exe,0.0,94.61,f4:6a:dd:7b:03:0d
1,2025-11-08 13:14:42,svchost.exe,0.7,94.61,f4:6a:dd:7b:03:0d
1,2025-11-08 13:14:42,dllhost.exe,0.0,94.61,f4:6a:dd:7b:03:0d
1,2025-11-08 13:14:42,FnHotkeyUtility.exe,0.0,94.61,f4:6a:dd:7b:03:0d
1,2025-11-08 13:14:42,msedgewebview2.exe,0.0,94.61,f4:6a:dd:7b:03:0d
1,2025-11-08 13:14:42,chrome.exe,0.0,94.61,f4:6a:dd:7b:03:0d
1,2025-11-08 13:14:42,msedgewebview2.exe,0.0,94.61,f4:6a:dd:7b:03:0d
1,2025-11-08 13:14:42,ms-teams.exe,0.0,94.61,f4:6a:dd:7b:03:0d
1,2025-11-08 13:14:42,msedgewebview2.exe,0.0,94.61,f4:6a:dd:7b:03:0d
1,2025-11-08 13:14:42,UserOOBEBroker.exe,0.0,94.61,f4:6a:dd:7b:03:0d
1,2025-11-08 13:14:42,msedge.exe,0.0,94.61,f4:6a:dd:7b:03:0d
1,2025-11-08 13:14:42,Copilot.exe,0.0,94.61,f4:6a:dd:7b:03:0d
1,2025-11-08 13:14:42,Code.exe,0.0,94.61,f4:6a:dd:7b:03:0d
1,2025-11-08 13:14:42,conhost.exe,0.0,94.61,f4:6a:dd:7b:03:0d
1,2025-11-08 13:14:42,Discord.exe,0.0,94.61,f4:6a:dd:7b:03:0d
1,2025-11-08 13:14:42,msedgewebview2.exe,0.0,94.61,f4:6a:dd:7b:03:0d
1,2025-11-08 13:14:42,SearchHost.exe,0.0,94.61,f4:6a:dd:7b:03:0d
1,2025-11-08 13:14:42,msedgewebview2.exe,0.0,94.61,f4:6a:dd:7b:03:0d
1,2025-11-08 13:14:42,Code.exe,0.0,94.61,f4:6a:dd:7b:03:0d
1,2025-11-08 13:14:42,atieclxx.exe,0.0,94.61,f4:6a:dd:7b:03:0d
1,2025-11-08 13:14:42,msedgewebview2.exe,0.0,94.61,f4:6a:dd:7b:03:0d
1,2025-11-08 13:14:42,msedgewebview2.exe,0.0,94.61,f4:6a:dd:7b:03:0d
1,2025-11-08 13:14:42,chrome.exe,0.0,94.61,f4:6a:dd:7b:03:0d
1,2025-11-08 13:14:42,svchost.exe,0.0,94.61,f4:6a:dd:7b:03:0d
1,2025-11-08 13:14:42,FileCoAuth.exe,0.0,94.61,f4:6a:dd:7b:03:0d
1,2025-11-08 13:14:42,TextInputHost.exe,0.0,94.61,f4:6a:dd:7b:03:0d
1,2025-11-08 13:14:42,explorer.exe,0.0,94.61,f4:6a:dd:7b:03:0d
1,2025-11-08 13:14:42,Notion.exe,0.0,94.61,f4:6a:dd:7b:03:0d
1,2025-11-08 13:14:42,AppActions.exe,0.0,94.61,f4:6a:dd:7b:03:0d
1,2025-11-08 13:14:42,SecurityHealthSystray.exe,0.0,94.61,f4:6a:dd:7b:03:0d
1,2025-11-08 13:14:42,msedge.exe,0.0,94.61,f4:6a:dd:7b:03:0d
1,2025-11-08 13:14:42,Code.exe,0.0,94.61,f4:6a:dd:7b:03:0d
1,2025-11-08 13:14:42,StartMenuExperienceHost.exe,0.0,94.61,f4:6a:dd:7b:03:0d
1,2025-11-08 13:14:42,conhost.exe,0.0,94.61,f4:6a:dd:7b:03:0d
1,2025-11-08 13:14:42,dwm.exe,11.3,94.61,f4:6a:dd:7b:03:0d
1,2025-11-08 13:14:42,msedge.exe,0.0,94.61,f4:6a:dd:7b:03:0d
1,2025-11-08 13:14:42,msedgewebview2.exe,0.0,94.61,f4:6a:dd:7b:03:0d
1,2025-11-08 13:14:42,svchost.exe,0.0,94.61,f4:6a:dd:7b:03:0d
1,2025-11-08 13:14:42,ApplicationFrameHost.exe,0.0,94.61,f4:6a:dd:7b:03:0d
1,2025-11-08 13:14:42,RuntimeBroker.exe,0.0,94.61,f4:6a:dd:7b:03:0d
1,2025-11-08 13:14:42,Notion.exe,0.0,94.61,f4:6a:dd:7b:03:0d
1,2025-11-08 13:14:42,fontdrvhost.exe,0.0,94.61,f4:6a:dd:7b:03:0d
1,2025-11-08 13:14:42,RuntimeBroker.exe,0.0,94.61,f4:6a:dd:7b:03:0d
1,2025-11-08 13:14:42,svchost.exe,0.0,94.61,f4:6a:dd:7b:03:0d
1,2025-11-08 13:14:42,svchost.exe,0.0,94.61,f4:6a:dd:7b:03:0d
1,2025-11-08 13:14:42,Discord.exe,0.0,94.61,f4:6a:dd:7b:03:0d
1,2025-11-08 13:14:42,svchost.exe,0.0,94.61,f4:6a:dd:7b:03:0d
1,2025-11-08 13:14:42,idea64.exe,2.0,94.61,f4:6a:dd:7b:03:0d
1,2025-11-08 13:14:42,conhost.exe,1.4,94.61,f4:6a:dd:7b:03:0d
1,2025-11-08 13:14:42,msedgewebview2.exe,0.0,94.61,f4:6a:dd:7b:03:0d
1,2025-11-08 13:14:42,RuntimeBroker.exe,0.0,94.61,f4:6a:dd:7b:03:0d
1,2025-11-08 13:14:42,Discord.exe,4.7,94.61,f4:6a:dd:7b:03:0d
1,2025-11-08 13:14:42,CrossDeviceResume.exe,0.0,94.61,f4:6a:dd:7b:03:0d
1,2025-11-08 13:14:42,Code.exe,0.0,94.61,f4:6a:dd:7b:03:0d
1,2025-11-08 13:14:42,conhost.exe,0.0,94.61,f4:6a:dd:7b:03:0d
1,2025-11-08 13:14:42,bash.exe,2.0,94.61,f4:6a:dd:7b:03:0d
1,2025-11-08 13:14:42,chrome.exe,0.0,94.61,f4:6a:dd:7b:03:0d
1,2025-11-08 13:14:42,svchost.exe,0.0,94.61,f4:6a:dd:7b:03:0d
1,2025-11-08 13:14:42,pet.exe,0.0,94.61,f4:6a:dd:7b:03:0d
1,2025-11-08 13:14:42,bash.exe,0.0,94.61,f4:6a:dd:7b:03:0d
1,2025-11-08 13:14:42,conhost.exe,0.0,94.61,f4:6a:dd:7b:03:0d
1,2025-11-08 13:14:42,Code.exe,0.0,94.61,f4:6a:dd:7b:03:0d
1,2025-11-08 13:14:42,chrome.exe,0.0,94.61,f4:6a:dd:7b:03:0d
1,2025-11-08 13:14:42,svchost.exe,0.0,94.61,f4:6a:dd:7b:03:0d
1,2025-11-08 13:14:42,smartscreen.exe,0.0,94.61,f4:6a:dd:7b:03:0d
1,2025-11-08 13:14:42,msedge.exe,0.0,94.61,f4:6a:dd:7b:03:0d
1,2025-11-08 13:14:42,unsecapp.exe,0.0,94.61,f4:6a:dd:7b:03:0d
1,2025-11-08 13:14:42,bash.exe,0.0,94.61,f4:6a:dd:7b:03:0d
1,2025-11-08 13:14:42,chrome.exe,0.0,94.61,f4:6a:dd:7b:03:0d
1,2025-11-08 13:14:42,python.exe,0.0,94.61,f4:6a:dd:7b:03:0d
1,2025-11-08 13:14:42,backgroundTaskHost.exe,0.0,94.61,f4:6a:dd:7b:03:0d
1,2025-11-08 13:14:42,chrome.exe,0.0,94.61,f4:6a:dd:7b:03:0d
id_empresa,datetime,processo,uso de cpu,uso de gpu,mac_address
1,2025-11-08 13:14:52,System Idle Process,304.5,43.94,f4:6a:dd:7b:03:0d
1,2025-11-08 13:14:52,System,21.7,43.94,f4:6a:dd:7b:03:0d
1,2025-11-08 13:14:52,,0.0,43.94,f4:6a:dd:7b:03:0d
1,2025-11-08 13:14:52,Registry,0.0,43.94,f4:6a:dd:7b:03:0d
1,2025-11-08 13:14:52,smss.exe,0.0,43.94,f4:6a:dd:7b:03:0d
1,2025-11-08 13:14:52,msedge.exe,0.0,43.94,f4:6a:dd:7b:03:0d
1,2025-11-08 13:14:52,svchost.exe,0.0,43.94,f4:6a:dd:7b:03:0d
1,2025-11-08 13:14:52,csrss.exe,0.0,43.94,f4:6a:dd:7b:03:0d
1,2025-11-08 13:14:52,svchost.exe,0.0,43.94,f4:6a:dd:7b:03:0d
1,2025-11-08 13:14:52,wininit.exe,0.0,43.94,f4:6a:dd:7b:03:0d
1,2025-11-08 13:14:52,svchost.exe,0.0,43.94,f4:6a:dd:7b:03:0d
1,2025-11-08 13:14:52,svchost.exe,0.0,43.94,f4:6a:dd:7b:03:0d
1,2025-11-08 13:14:52,services.exe,0.0,43.94,f4:6a:dd:7b:03:0d
1,2025-11-08 13:14:52,LsaIso.exe,0.0,43.94,f4:6a:dd:7b:03:0d
1,2025-11-08 13:14:52,lsass.exe,0.7,43.94,f4:6a:dd:7b:03:0d
1,2025-11-08 13:14:52,Code.exe,0.7,43.94,f4:6a:dd:7b:03:0d
1,2025-11-08 13:14:52,svchost.exe,0.0,43.94,f4:6a:dd:7b:03:0d
1,2025-11-08 13:14:52,fontdrvhost.exe,0.0,43.94,f4:6a:dd:7b:03:0d
1,2025-11-08 13:14:52,msedgewebview2.exe,0.0,43.94,f4:6a:dd:7b:03:0d
1,2025-11-08 13:14:52,svchost.exe,0.0,43.94,f4:6a:dd:7b:03:0d
1,2025-11-08 13:14:52,svchost.exe,0.0,43.94,f4:6a:dd:7b:03:0d
1,2025-11-08 13:14:52,WUDFHost.exe,0.0,43.94,f4:6a:dd:7b:03:0d
1,2025-11-08 13:14:52,svchost.exe,0.0,43.94,f4:6a:dd:7b:03:0d
1,2025-11-08 13:14:52,msedgewebview2.exe,0.0,43.94,f4:6a:dd:7b:03:0d
1,2025-11-08 13:14:52,AppProvisioningPlugin.exe,0.0,43.94,f4:6a:dd:7b:03:0d
1,2025-11-08 13:14:52,WUDFHost.exe,0.0,43.94,f4:6a:dd:7b:03:0d
1,2025-11-08 13:14:52,conhost.exe,0.0,43.94,f4:6a:dd:7b:03:0d
1,2025-11-08 13:14:52,OneDrive.exe,0.0,43.94,f4:6a:dd:7b:03:0d
1,2025-11-08 13:14:52,svchost.exe,0.0,43.94,f4:6a:dd:7b:03:0d
1,2025-11-08 13:14:52,svchost.exe,0.0,43.94,f4:6a:dd:7b:03:0d
1,2025-11-08 13:14:52,svchost.exe,0.0,43.94,f4:6a:dd:7b:03:0d
1,2025-11-08 13:14:52,svchost.exe,0.0,43.94,f4:6a:dd:7b:03:0d
1,2025-11-08 13:14:52,svchost.exe,0.0,43.94,f4:6a:dd:7b:03:0d
1,2025-11-08 13:14:52,svchost.exe,0.0,43.94,f4:6a:dd:7b:03:0d
1,2025-11-08 13:14:52,msedge.exe,0.0,43.94,f4:6a:dd:7b:03:0d
1,2025-11-08 13:14:52,svchost.exe,0.0,43.94,f4:6a:dd:7b:03:0d
1,2025-11-08 13:14:52,svchost.exe,0.0,43.94,f4:6a:dd:7b:03:0d
1,2025-11-08 13:14:52,svchost.exe,0.0,43.94,f4:6a:dd:7b:03:0d
1,2025-11-08 13:14:52,chrome.exe,0.0,43.94,f4:6a:dd:7b:03:0d
1,2025-11-08 13:14:52,svchost.exe,0.0,43.94,f4:6a:dd:7b:03:0d
1,2025-11-08 13:14:52,Discord.exe,41.3,43.94,f4:6a:dd:7b:03:0d
1,2025-11-08 13:14:52,svchost.exe,0.0,43.94,f4:6a:dd:7b:03:0d
1,2025-11-08 13:14:52,svchost.exe,0.0,43.94,f4:6a:dd:7b:03:0d
1,2025-11-08 13:14:52,svchost.exe,0.0,43.94,f4:6a:dd:7b:03:0d
1,2025-11-08 13:14:52,msedgewebview2.exe,0.0,43.94,f4:6a:dd:7b:03:0d
1,2025-11-08 13:14:52,msedgewebview2.exe,0.7,43.94,f4:6a:dd:7b:03:0d
1,2025-11-08 13:14:52,RuntimeBroker.exe,0.0,43.94,f4:6a:dd:7b:03:0d
1,2025-11-08 13:14:52,svchost.exe,0.0,43.94,f4:6a:dd:7b:03:0d
1,2025-11-08 13:14:52,svchost.exe,0.0,43.94,f4:6a:dd:7b:03:0d
1,2025-11-08 13:14:52,svchost.exe,0.0,43.94,f4:6a:dd:7b:03:0d
1,2025-11-08 13:14:52,svchost.exe,0.0,43.94,f4:6a:dd:7b:03:0d
1,2025-11-08 13:14:52,amdfendrsr.exe,0.0,43.94,f4:6a:dd:7b:03:0d
1,2025-11-08 13:14:52,svchost.exe,0.0,43.94,f4:6a:dd:7b:03:0d
1,2025-11-08 13:14:52,atiesrxx.exe,0.0,43.94,f4:6a:dd:7b:03:0d
1,2025-11-08 13:14:52,svchost.exe,0.0,43.94,f4:6a:dd:7b:03:0d
1,2025-11-08 13:14:52,svchost.exe,0.0,43.94,f4:6a:dd:7b:03:0d
1,2025-11-08 13:14:52,sihost.exe,0.0,43.94,f4:6a:dd:7b:03:0d
1,2025-11-08 13:14:52,svchost.exe,0.0,43.94,f4:6a:dd:7b:03:0d
1,2025-11-08 13:14:52,msedge.exe,0.0,43.94,f4:6a:dd:7b:03:0d
1,2025-11-08 13:14:52,svchost.exe,0.0,43.94,f4:6a:dd:7b:03:0d
1,2025-11-08 13:14:52,msedgewebview2.exe,0.0,43.94,f4:6a:dd:7b:03:0d
1,2025-11-08 13:14:52,msedge.exe,0.0,43.94,f4:6a:dd:7b:03:0d
1,2025-11-08 13:14:52,LockApp.exe,0.0,43.94,f4:6a:dd:7b:03:0d
1,2025-11-08 13:14:52,NisSrv.exe,0.0,43.94,f4:6a:dd:7b:03:0d
1,2025-11-08 13:14:52,svchost.exe,0.0,43.94,f4:6a:dd:7b:03:0d
1,2025-11-08 13:14:52,svchost.exe,0.0,43.94,f4:6a:dd:7b:03:0d
1,2025-11-08 13:14:52,svchost.exe,0.0,43.94,f4:6a:dd:7b:03:0d
1,2025-11-08 13:14:52,svchost.exe,0.0,43.94,f4:6a:dd:7b:03:0d
1,2025-11-08 13:14:52,svchost.exe,0.0,43.94,f4:6a:dd:7b:03:0d
1,2025-11-08 13:14:52,svchost.exe,0.0,43.94,f4:6a:dd:7b:03:0d
1,2025-11-08 13:14:52,MemCompression,1.3,43.94,f4:6a:dd:7b:03:0d
1,2025-11-08 13:14:52,svchost.exe,0.0,43.94,f4:6a:dd:7b:03:0d
1,2025-11-08 13:14:52,svchost.exe,0.0,43.94,f4:6a:dd:7b:03:0d
1,2025-11-08 13:14:52,svchost.exe,0.0,43.94,f4:6a:dd:7b:03:0d
1,2025-11-08 13:14:52,svchost.exe,0.0,43.94,f4:6a:dd:7b:03:0d
1,2025-11-08 13:14:52,svchost.exe,0.0,43.94,f4:6a:dd:7b:03:0d
1,2025-11-08 13:14:52,RuntimeBroker.exe,0.0,43.94,f4:6a:dd:7b:03:0d
1,2025-11-08 13:14:52,PhoneExperienceHost.exe,0.0,43.94,f4:6a:dd:7b:03:0d
1,2025-11-08 13:14:52,svchost.exe,0.0,43.94,f4:6a:dd:7b:03:0d
1,2025-11-08 13:14:52,svchost.exe,0.0,43.94,f4:6a:dd:7b:03:0d
1,2025-11-08 13:14:52,svchost.exe,0.0,43.94,f4:6a:dd:7b:03:0d
1,2025-11-08 13:14:52,svchost.exe,0.0,43.94,f4:6a:dd:7b:03:0d
1,2025-11-08 13:14:52,svchost.exe,0.0,43.94,f4:6a:dd:7b:03:0d
1,2025-11-08 13:14:52,svchost.exe,0.0,43.94,f4:6a:dd:7b:03:0d
1,2025-11-08 13:14:52,svchost.exe,0.0,43.94,f4:6a:dd:7b:03:0d
1,2025-11-08 13:14:52,OpenConsole.exe,0.0,43.94,f4:6a:dd:7b:03:0d
1,2025-11-08 13:14:52,audiodg.exe,5.2,43.94,f4:6a:dd:7b:03:0d
1,2025-11-08 13:14:52,svchost.exe,0.0,43.94,f4:6a:dd:7b:03:0d
1,2025-11-08 13:14:52,spoolsv.exe,0.0,43.94,f4:6a:dd:7b:03:0d
1,2025-11-08 13:14:52,svchost.exe,0.0,43.94,f4:6a:dd:7b:03:0d
1,2025-11-08 13:14:52,SearchIndexer.exe,0.0,43.94,f4:6a:dd:7b:03:0d
1,2025-11-08 13:14:52,NgcIso.exe,0.0,43.94,f4:6a:dd:7b:03:0d
1,2025-11-08 13:14:52,svchost.exe,0.6,43.94,f4:6a:dd:7b:03:0d
1,2025-11-08 13:14:52,svchost.exe,0.0,43.94,f4:6a:dd:7b:03:0d
1,2025-11-08 13:14:52,svchost.exe,0.0,43.94,f4:6a:dd:7b:03:0d
1,2025-11-08 13:14:52,LenovoUtilityService.exe,0.0,43.94,f4:6a:dd:7b:03:0d
1,2025-11-08 13:14:52,svchost.exe,0.0,43.94,f4:6a:dd:7b:03:0d
1,2025-11-08 13:14:52,svchost.exe,0.0,43.94,f4:6a:dd:7b:03:0d
1,2025-11-08 13:14:52,FMService64.exe,0.0,43.94,f4:6a:dd:7b:03:0d
1,2025-11-08 13:14:52,DAX3API.exe,0.0,43.94,f4:6a:dd:7b:03:0d
1,2025-11-08 13:14:52,svchost.exe,0.0,43.94,f4:6a:dd:7b:03:0d
1,2025-11-08 13:14:52,svchost.exe,0.0,43.94,f4:6a:dd:7b:03:0d
1,2025-11-08 13:14:52,svchost.exe,0.0,43.94,f4:6a:dd:7b:03:0d
1,2025-11-08 13:14:52,svchost.exe,0.0,43.94,f4:6a:dd:7b:03:0d
1,2025-11-08 13:14:52,LNBITSSvc.exe,0.0,43.94,f4:6a:dd:7b:03:0d
1,2025-11-08 13:14:52,Lenovo.Modern.ImController.exe,0.6,43.94,f4:6a:dd:7b:03:0d
1,2025-11-08 13:14:52,svchost.exe,0.0,43.94,f4:6a:dd:7b:03:0d
1,2025-11-08 13:14:52,MpDefenderCoreService.exe,0.0,43.94,f4:6a:dd:7b:03:0d
1,2025-11-08 13:14:52,RtkBtManServ.exe,0.0,43.94,f4:6a:dd:7b:03:0d
1,2025-11-08 13:14:52,svchost.exe,0.0,43.94,f4:6a:dd:7b:03:0d
1,2025-11-08 13:14:52,RtkAudUService64.exe,0.0,43.94,f4:6a:dd:7b:03:0d
1,2025-11-08 13:14:52,OfficeClickToRun.exe,0.0,43.94,f4:6a:dd:7b:03:0d
1,2025-11-08 13:14:52,svchost.exe,0.0,43.94,f4:6a:dd:7b:03:0d
1,2025-11-08 13:14:52,svchost.exe,0.0,43.94,f4:6a:dd:7b:03:0d
1,2025-11-08 13:14:52,UDClientService.exe,1.2,43.94,f4:6a:dd:7b:03:0d
1,2025-11-08 13:14:52,svchost.exe,0.0,43.94,f4:6a:dd:7b:03:0d
1,2025-11-08 13:14:52,mysqld.exe,0.0,43.94,f4:6a:dd:7b:03:0d
1,2025-11-08 13:14:52,MsMpEng.exe,2.5,43.94,f4:6a:dd:7b:03:0d
1,2025-11-08 13:14:52,svchost.exe,0.0,43.94,f4:6a:dd:7b:03:0d
1,2025-11-08 13:14:52,svchost.exe,9.9,43.94,f4:6a:dd:7b:03:0d
1,2025-11-08 13:14:52,wslservice.exe,0.0,43.94,f4:6a:dd:7b:03:0d
1,2025-11-08 13:14:52,msedgewebview2.exe,0.0,43.94,f4:6a:dd:7b:03:0d
1,2025-11-08 13:14:52,mysqld.exe,0.0,43.94,f4:6a:dd:7b:03:0d
1,2025-11-08 13:14:52,ShellExperienceHost.exe,0.0,43.94,f4:6a:dd:7b:03:0d
1,2025-11-08 13:14:52,WmiPrvSE.exe,0.0,43.94,f4:6a:dd:7b:03:0d
1,2025-11-08 13:14:52,conhost.exe,0.0,43.94,f4:6a:dd:7b:03:0d
1,2025-11-08 13:14:52,svchost.exe,0.0,43.94,f4:6a:dd:7b:03:0d
1,2025-11-08 13:14:52,msedge.exe,0.6,43.94,f4:6a:dd:7b:03:0d
1,2025-11-08 13:14:52,msedge.exe,0.0,43.94,f4:6a:dd:7b:03:0d
1,2025-11-08 13:14:52,msedge.exe,0.0,43.94,f4:6a:dd:7b:03:0d
1,2025-11-08 13:14:52,svchost.exe,0.0,43.94,f4:6a:dd:7b:03:0d
1,2025-11-08 13:14:52,unsecapp.exe,0.0,43.94,f4:6a:dd:7b:03:0d
1,2025-11-08 13:14:52,msedgewebview2.exe,0.0,43.94,f4:6a:dd:7b:03:0d
1,2025-11-08 13:14:52,DAX3API.exe,0.0,43.94,f4:6a:dd:7b:03:0d
1,2025-11-08 13:14:52,MSPCManagerService.exe,0.6,43.94,f4:6a:dd:7b:03:0d
1,2025-11-08 13:14:52,chrome.exe,0.0,43.94,f4:6a:dd:7b:03:0d
1,2025-11-08 13:14:52,svchost.exe,1.2,43.94,f4:6a:dd:7b:03:0d
1,2025-11-08 13:14:52,svchost.exe,0.0,43.94,f4:6a:dd:7b:03:0d
1,2025-11-08 13:14:52,svchost.exe,0.0,43.94,f4:6a:dd:7b:03:0d
1,2025-11-08 13:14:52,svchost.exe,0.0,43.94,f4:6a:dd:7b:03:0d
1,2025-11-08 13:14:52,svchost.exe,0.0,43.94,f4:6a:dd:7b:03:0d
1,2025-11-08 13:14:52,AggregatorHost.exe,0.0,43.94,f4:6a:dd:7b:03:0d
1,2025-11-08 13:14:52,svchost.exe,0.0,43.94,f4:6a:dd:7b:03:0d
1,2025-11-08 13:14:52,msedgewebview2.exe,0.0,43.94,f4:6a:dd:7b:03:0d
1,2025-11-08 13:14:52,svchost.exe,0.0,43.94,f4:6a:dd:7b:03:0d
1,2025-11-08 13:14:52,svchost.exe,0.0,43.94,f4:6a:dd:7b:03:0d
1,2025-11-08 13:14:52,svchost.exe,0.0,43.94,f4:6a:dd:7b:03:0d
1,2025-11-08 13:14:52,chrome.exe,0.0,43.94,f4:6a:dd:7b:03:0d
1,2025-11-08 13:14:52,RtkAudUService64.exe,0.0,43.94,f4:6a:dd:7b:03:0d
1,2025-11-08 13:14:52,Code.exe,0.0,43.94,f4:6a:dd:7b:03:0d
1,2025-11-08 13:14:52,env.exe,0.6,43.94,f4:6a:dd:7b:03:0d
1,2025-11-08 13:14:52,svchost.exe,0.0,43.94,f4:6a:dd:7b:03:0d
1,2025-11-08 13:14:52,bash.exe,0.0,43.94,f4:6a:dd:7b:03:0d
1,2025-11-08 13:14:52,Code.exe,0.6,43.94,f4:6a:dd:7b:03:0d
1,2025-11-08 13:14:52,OneDrive.Sync.Service.exe,0.0,43.94,f4:6a:dd:7b:03:0d
1,2025-11-08 13:14:52,Notion.exe,0.6,43.94,f4:6a:dd:7b:03:0d
1,2025-11-08 13:14:52,Code.exe,0.0,43.94,f4:6a:dd:7b:03:0d
1,2025-11-08 13:14:52,svchost.exe,0.0,43.94,f4:6a:dd:7b:03:0d
1,2025-11-08 13:14:52,Notion.exe,0.0,43.94,f4:6a:dd:7b:03:0d
1,2025-11-08 13:14:52,OneDrive.exe,0.6,43.94,f4:6a:dd:7b:03:0d
1,2025-11-08 13:14:52,Code.exe,0.0,43.94,f4:6a:dd:7b:03:0d
1,2025-11-08 13:14:52,unsecapp.exe,0.0,43.94,f4:6a:dd:7b:03:0d
1,2025-11-08 13:14:52,Notion.exe,1.3,43.94,f4:6a:dd:7b:03:0d
1,2025-11-08 13:14:52,MSPCManagerCore.exe,0.6,43.94,f4:6a:dd:7b:03:0d
1,2025-11-08 13:14:52,WidgetService.exe,0.0,43.94,f4:6a:dd:7b:03:0d
1,2025-11-08 13:14:52,WhatsApp.Root.exe,0.0,43.94,f4:6a:dd:7b:03:0d
1,2025-11-08 13:14:52,svchost.exe,0.0,43.94,f4:6a:dd:7b:03:0d
1,2025-11-08 13:14:52,svchost.exe,0.0,43.94,f4:6a:dd:7b:03:0d
1,2025-11-08 13:14:52,taskhostw.exe,0.0,43.94,f4:6a:dd:7b:03:0d
1,2025-11-08 13:14:52,FnHotkeyCapsLKNumLK.exe,0.0,43.94,f4:6a:dd:7b:03:0d
1,2025-11-08 13:14:52,MSPCManager.exe,2.6,43.94,f4:6a:dd:7b:03:0d
1,2025-11-08 13:14:52,Notion.exe,0.7,43.94,f4:6a:dd:7b:03:0d
1,2025-11-08 13:14:52,RuntimeBroker.exe,0.0,43.94,f4:6a:dd:7b:03:0d
1,2025-11-08 13:14:52,msedgewebview2.exe,0.7,43.94,f4:6a:dd:7b:03:0d
1,2025-11-08 13:14:52,msedgewebview2.exe,0.7,43.94,f4:6a:dd:7b:03:0d
1,2025-11-08 13:14:52,Code.exe,2.0,43.94,f4:6a:dd:7b:03:0d
1,2025-11-08 13:14:52,msedgewebview2.exe,0.0,43.94,f4:6a:dd:7b:03:0d
1,2025-11-08 13:14:52,msedgewebview2.exe,0.0,43.94,f4:6a:dd:7b:03:0d
1,2025-11-08 13:14:52,svchost.exe,0.0,43.94,f4:6a:dd:7b:03:0d
1,2025-11-08 13:14:52,svchost.exe,0.0,43.94,f4:6a:dd:7b:03:0d
1,2025-11-08 13:14:52,msedge.exe,0.0,43.94,f4:6a:dd:7b:03:0d
1,2025-11-08 13:14:52,msedgewebview2.exe,0.0,43.94,f4:6a:dd:7b:03:0d
1,2025-11-08 13:14:52,msedge.exe,2.6,43.94,f4:6a:dd:7b:03:0d
1,2025-11-08 13:14:52,python.exe,52.0,43.94,f4:6a:dd:7b:03:0d
1,2025-11-08 13:14:52,AutoModeDetect.exe,0.0,43.94,f4:6a:dd:7b:03:0d
1,2025-11-08 13:14:52,Discord.exe,74.1,43.94,f4:6a:dd:7b:03:0d
1,2025-11-08 13:14:52,ms-teams.exe,0.0,43.94,f4:6a:dd:7b:03:0d
1,2025-11-08 13:14:52,WmiPrvSE.exe,21.4,43.94,f4:6a:dd:7b:03:0d
1,2025-11-08 13:14:52,Widgets.exe,0.0,43.94,f4:6a:dd:7b:03:0d
1,2025-11-08 13:14:52,jetbrains-toolbox.exe,0.6,43.94,f4:6a:dd:7b:03:0d
1,2025-11-08 13:14:52,conhost.exe,0.0,43.94,f4:6a:dd:7b:03:0d
1,2025-11-08 13:14:52,Code.exe,0.0,43.94,f4:6a:dd:7b:03:0d
1,2025-11-08 13:14:52,svchost.exe,0.0,43.94,f4:6a:dd:7b:03:0d
1,2025-11-08 13:14:52,msedgewebview2.exe,0.0,43.94,f4:6a:dd:7b:03:0d
1,2025-11-08 13:14:52,RuntimeBroker.exe,0.0,43.94,f4:6a:dd:7b:03:0d
1,2025-11-08 13:14:52,Discord.exe,0.6,43.94,f4:6a:dd:7b:03:0d
1,2025-11-08 13:14:52,Taskmgr.exe,11.0,43.94,f4:6a:dd:7b:03:0d
1,2025-11-08 13:14:52,svchost.exe,0.0,43.94,f4:6a:dd:7b:03:0d
1,2025-11-08 13:14:52,msedgewebview2.exe,0.0,43.94,f4:6a:dd:7b:03:0d
1,2025-11-08 13:14:52,winlogon.exe,0.0,43.94,f4:6a:dd:7b:03:0d
1,2025-11-08 13:14:52,csrss.exe,0.6,43.94,f4:6a:dd:7b:03:0d
1,2025-11-08 13:14:52,Code.exe,0.0,43.94,f4:6a:dd:7b:03:0d
1,2025-11-08 13:14:52,Notion.exe,1.3,43.94,f4:6a:dd:7b:03:0d
1,2025-11-08 13:14:52,ShellHost.exe,0.0,43.94,f4:6a:dd:7b:03:0d
1,2025-11-08 13:14:52,RuntimeBroker.exe,0.0,43.94,f4:6a:dd:7b:03:0d
1,2025-11-08 13:14:52,svchost.exe,0.0,43.94,f4:6a:dd:7b:03:0d
1,2025-11-08 13:14:52,msedgewebview2.exe,0.0,43.94,f4:6a:dd:7b:03:0d
1,2025-11-08 13:14:52,SecurityHealthService.exe,0.6,43.94,f4:6a:dd:7b:03:0d
1,2025-11-08 13:14:52,chrome.exe,0.0,43.94,f4:6a:dd:7b:03:0d
1,2025-11-08 13:14:52,msedge.exe,0.0,43.94,f4:6a:dd:7b:03:0d
1,2025-11-08 13:14:52,powershell.exe,0.0,43.94,f4:6a:dd:7b:03:0d
1,2025-11-08 13:14:52,python.exe,0.0,43.94,f4:6a:dd:7b:03:0d
1,2025-11-08 13:14:52,FileSyncHelper.exe,0.0,43.94,f4:6a:dd:7b:03:0d
1,2025-11-08 13:14:52,msedgewebview2.exe,0.0,43.94,f4:6a:dd:7b:03:0d
1,2025-11-08 13:14:52,fsnotifier.exe,0.0,43.94,f4:6a:dd:7b:03:0d
1,2025-11-08 13:14:52,ctfmon.exe,0.0,43.94,f4:6a:dd:7b:03:0d
1,2025-11-08 13:14:52,Notion.exe,0.0,43.94,f4:6a:dd:7b:03:0d
1,2025-11-08 13:14:52,taskhostw.exe,0.6,43.94,f4:6a:dd:7b:03:0d
1,2025-11-08 13:14:52,svchost.exe,0.0,43.94,f4:6a:dd:7b:03:0d
1,2025-11-08 13:14:52,dllhost.exe,0.0,43.94,f4:6a:dd:7b:03:0d
1,2025-11-08 13:14:52,FnHotkeyUtility.exe,0.0,43.94,f4:6a:dd:7b:03:0d
1,2025-11-08 13:14:52,msedgewebview2.exe,0.0,43.94,f4:6a:dd:7b:03:0d
1,2025-11-08 13:14:52,chrome.exe,0.0,43.94,f4:6a:dd:7b:03:0d
1,2025-11-08 13:14:52,msedgewebview2.exe,0.0,43.94,f4:6a:dd:7b:03:0d
1,2025-11-08 13:14:52,ms-teams.exe,0.0,43.94,f4:6a:dd:7b:03:0d
1,2025-11-08 13:14:52,msedgewebview2.exe,0.0,43.94,f4:6a:dd:7b:03:0d
1,2025-11-08 13:14:52,UserOOBEBroker.exe,0.0,43.94,f4:6a:dd:7b:03:0d
1,2025-11-08 13:14:52,msedge.exe,0.0,43.94,f4:6a:dd:7b:03:0d
1,2025-11-08 13:14:52,Copilot.exe,0.0,43.94,f4:6a:dd:7b:03:0d
1,2025-11-08 13:14:52,Code.exe,0.0,43.94,f4:6a:dd:7b:03:0d
1,2025-11-08 13:14:52,conhost.exe,0.0,43.94,f4:6a:dd:7b:03:0d
1,2025-11-08 13:14:52,Discord.exe,0.0,43.94,f4:6a:dd:7b:03:0d
1,2025-11-08 13:14:52,msedgewebview2.exe,0.0,43.94,f4:6a:dd:7b:03:0d
1,2025-11-08 13:14:52,SearchHost.exe,0.0,43.94,f4:6a:dd:7b:03:0d
1,2025-11-08 13:14:52,msedgewebview2.exe,0.0,43.94,f4:6a:dd:7b:03:0d
1,2025-11-08 13:14:52,Code.exe,0.0,43.94,f4:6a:dd:7b:03:0d
1,2025-11-08 13:14:52,atieclxx.exe,0.6,43.94,f4:6a:dd:7b:03:0d
1,2025-11-08 13:14:52,msedgewebview2.exe,0.0,43.94,f4:6a:dd:7b:03:0d
1,2025-11-08 13:14:52,msedgewebview2.exe,0.6,43.94,f4:6a:dd:7b:03:0d
1,2025-11-08 13:14:52,chrome.exe,1.3,43.94,f4:6a:dd:7b:03:0d
1,2025-11-08 13:14:52,svchost.exe,0.0,43.94,f4:6a:dd:7b:03:0d
1,2025-11-08 13:14:52,FileCoAuth.exe,0.0,43.94,f4:6a:dd:7b:03:0d
1,2025-11-08 13:14:52,TextInputHost.exe,0.6,43.94,f4:6a:dd:7b:03:0d
1,2025-11-08 13:14:52,explorer.exe,0.6,43.94,f4:6a:dd:7b:03:0d
1,2025-11-08 13:14:52,Notion.exe,1.3,43.94,f4:6a:dd:7b:03:0d
1,2025-11-08 13:14:52,AppActions.exe,0.0,43.94,f4:6a:dd:7b:03:0d
1,2025-11-08 13:14:52,SecurityHealthSystray.exe,0.0,43.94,f4:6a:dd:7b:03:0d
1,2025-11-08 13:14:52,msedge.exe,0.0,43.94,f4:6a:dd:7b:03:0d
1,2025-11-08 13:14:52,Code.exe,0.0,43.94,f4:6a:dd:7b:03:0d
1,2025-11-08 13:14:52,StartMenuExperienceHost.exe,0.0,43.94,f4:6a:dd:7b:03:0d
1,2025-11-08 13:14:52,conhost.exe,0.0,43.94,f4:6a:dd:7b:03:0d
1,2025-11-08 13:14:52,dwm.exe,28.9,43.94,f4:6a:dd:7b:03:0d
1,2025-11-08 13:14:52,msedge.exe,0.0,43.94,f4:6a:dd:7b:03:0d
1,2025-11-08 13:14:52,msedgewebview2.exe,0.0,43.94,f4:6a:dd:7b:03:0d
1,2025-11-08 13:14:52,svchost.exe,0.0,43.94,f4:6a:dd:7b:03:0d
1,2025-11-08 13:14:52,ApplicationFrameHost.exe,0.0,43.94,f4:6a:dd:7b:03:0d
1,2025-11-08 13:14:52,RuntimeBroker.exe,0.0,43.94,f4:6a:dd:7b:03:0d
1,2025-11-08 13:14:52,Notion.exe,0.0,43.94,f4:6a:dd:7b:03:0d
1,2025-11-08 13:14:52,fontdrvhost.exe,0.0,43.94,f4:6a:dd:7b:03:0d
1,2025-11-08 13:14:52,RuntimeBroker.exe,0.0,43.94,f4:6a:dd:7b:03:0d
1,2025-11-08 13:14:52,svchost.exe,0.0,43.94,f4:6a:dd:7b:03:0d
1,2025-11-08 13:14:52,svchost.exe,0.0,43.94,f4:6a:dd:7b:03:0d
1,2025-11-08 13:14:52,Discord.exe,0.0,43.94,f4:6a:dd:7b:03:0d
1,2025-11-08 13:14:52,svchost.exe,0.0,43.94,f4:6a:dd:7b:03:0d
1,2025-11-08 13:14:52,idea64.exe,1.9,43.94,f4:6a:dd:7b:03:0d
1,2025-11-08 13:14:52,conhost.exe,1.3,43.94,f4:6a:dd:7b:03:0d
1,2025-11-08 13:14:52,msedgewebview2.exe,0.0,43.94,f4:6a:dd:7b:03:0d
1,2025-11-08 13:14:52,RuntimeBroker.exe,0.0,43.94,f4:6a:dd:7b:03:0d
1,2025-11-08 13:14:52,Discord.exe,12.1,43.94,f4:6a:dd:7b:03:0d
1,2025-11-08 13:14:52,CrossDeviceResume.exe,0.6,43.94,f4:6a:dd:7b:03:0d
1,2025-11-08 13:14:52,Code.exe,0.0,43.94,f4:6a:dd:7b:03:0d
1,2025-11-08 13:14:52,conhost.exe,0.0,43.94,f4:6a:dd:7b:03:0d
1,2025-11-08 13:14:52,bash.exe,2.6,43.94,f4:6a:dd:7b:03:0d
1,2025-11-08 13:14:52,chrome.exe,0.0,43.94,f4:6a:dd:7b:03:0d
1,2025-11-08 13:14:52,svchost.exe,0.0,43.94,f4:6a:dd:7b:03:0d
1,2025-11-08 13:14:52,pet.exe,0.0,43.94,f4:6a:dd:7b:03:0d
1,2025-11-08 13:14:52,bash.exe,0.0,43.94,f4:6a:dd:7b:03:0d
1,2025-11-08 13:14:52,conhost.exe,0.0,43.94,f4:6a:dd:7b:03:0d
1,2025-11-08 13:14:52,Code.exe,0.0,43.94,f4:6a:dd:7b:03:0d
1,2025-11-08 13:14:52,chrome.exe,0.6,43.94,f4:6a:dd:7b:03:0d
1,2025-11-08 13:14:52,svchost.exe,0.0,43.94,f4:6a:dd:7b:03:0d
1,2025-11-08 13:14:52,smartscreen.exe,0.0,43.94,f4:6a:dd:7b:03:0d
1,2025-11-08 13:14:52,msedge.exe,0.0,43.94,f4:6a:dd:7b:03:0d
1,2025-11-08 13:14:52,unsecapp.exe,0.0,43.94,f4:6a:dd:7b:03:0d
1,2025-11-08 13:14:52,bash.exe,0.0,43.94,f4:6a:dd:7b:03:0d
1,2025-11-08 13:14:52,chrome.exe,0.0,43.94,f4:6a:dd:7b:03:0d
1,2025-11-08 13:14:52,python.exe,0.0,43.94,f4:6a:dd:7b:03:0d
1,2025-11-08 13:14:52,backgroundTaskHost.exe,0.0,43.94,f4:6a:dd:7b:03:0d
1,2025-11-08 13:14:52,chrome.exe,0.0,43.94,f4:6a:dd:7b:03:0d
